S.No,Case Name,Citation,Year,Court,Legal Domain,Applicable Section(s) / Article(s),Key Legal Principle / Outcome,Data Source,Record Type
1,Kesavananda Bharati v. State of Kerala,(1973) 4 SCC 225,1973,Supreme Court of India,Constitutional,Article 368,Established the Basic Structure Doctrine limiting Parliament's power to amend the Constitution,sci.gov.in,Verified (Curated)
2,Maneka Gandhi v. Union of India,(1978) 1 SCC 248,1978,Supreme Court of India,Constitutional,Article 21,"Expanded 'personal liberty' to include right to a fair, just and reasonable procedure",ILDC Corpus,Verified (Curated)
3,Minerva Mills Ltd. v. Union of India,(1980) 3 SCC 625,1980,Supreme Court of India,Constitutional,"Articles 14, 19, 31C",Held harmony between Fundamental Rights and Directive Principles is part of basic structure,sci.gov.in,Verified (Curated)
4,S.R. Bommai v. Union of India,(1994) 3 SCC 1,1994,Supreme Court of India,Constitutional,Article 356,Laid down guidelines restricting misuse of President's Rule in States,ILDC Corpus,Verified (Curated)
5,Navtej Singh Johar v. Union of India,(2018) 10 SCC 1,2018,Supreme Court of India,Constitutional,Section 377 IPC,Decriminalised consensual same-sex relations between adults,sci.gov.in,Verified (Curated)
6,Bachan Singh v. State of Punjab,(1980) 2 SCC 684,1980,Supreme Court of India,Criminal,Section 302 IPC,Laid down the 'rarest of rare' doctrine for imposing the death penalty,ILDC Corpus,Verified (Curated)
7,State of Punjab v. Baldev Singh,(1999) 6 SCC 172,1999,Supreme Court of India,Criminal,"Section 50, NDPS Act",Mandated compliance with search & seizure safeguards under the NDPS Act,indiacode.nic.in,Verified (Curated)
8,Mukesh & Anr. v. State (NCT of Delhi),(2017) 6 SCC 1,2017,Supreme Court of India,Criminal,"Sections 302, 376, 376(2) IPC",Upheld death penalty in the 2012 Delhi gang-rape case; reaffirmed sentencing guidelines,sci.gov.in,Verified (Curated)
9,Selvi v. State of Karnataka,(2010) 7 SCC 263,2010,Supreme Court of India,Criminal,Article 20(3),"Held narco-analysis, polygraph and brain-mapping tests without consent violate right against self-incrimination",ILDC Corpus,Verified (Curated)
10,Lalita Kumari v. Govt. of U.P.,(2014) 2 SCC 1,2014,Supreme Court of India,Criminal,Section 154 CrPC,Made registration of FIR mandatory when information discloses a cognizable offence,sci.gov.in,Verified (Curated)
11,M.C. Mehta v. Union of India (Oleum Gas Leak),(1987) 1 SCC 395,1987,Supreme Court of India,Civil,Article 32,Introduced the doctrine of Absolute Liability for hazardous industries,ILDC Corpus,Verified (Curated)
12,K.S. Puttaswamy v. Union of India,(2017) 10 SCC 1,2017,Supreme Court of India,Civil,Article 21,Declared the Right to Privacy a Fundamental Right,sci.gov.in,Verified (Curated)
13,Indian Young Lawyers Assn. v. State of Kerala,(2019) 11 SCC 1,2018,Supreme Court of India,Civil,"Articles 25, 26",Held the exclusion of women (10-50 yrs) from Sabarimala temple unconstitutional,ILDC Corpus,Verified (Curated)
14,Common Cause v. Union of India,(2018) 5 SCC 1,2018,Supreme Court of India,Civil,Article 21,Recognised the right to die with dignity and validity of living wills / passive euthanasia,sci.gov.in,Verified (Curated)
15,Olga Tellis v. Bombay Municipal Corporation,(1985) 3 SCC 545,1985,Supreme Court of India,Civil,Article 21,Held the right to livelihood is an integral part of the right to life,ILDC Corpus,Verified (Curated)
16,Mohd. Ahmed Khan v. Shah Bano Begum,(1985) 2 SCC 556,1985,Supreme Court of India,Family,Section 125 CrPC,Upheld a Muslim woman's right to maintenance beyond the iddat period,ILDC Corpus,Verified (Curated)
17,Shayara Bano v. Union of India,(2017) 9 SCC 1,2017,Supreme Court of India,Family,Muslim Personal Law,Declared instant Triple Talaq (talaq-e-biddat) unconstitutional,sci.gov.in,Verified (Curated)
18,Sarla Mudgal v. Union of India,(1995) 3 SCC 635,1995,Supreme Court of India,Family,Section 494 IPC,Held conversion to another religion for a second marriage does not dissolve the first marriage,ILDC Corpus,Verified (Curated)
19,Githa Hariharan v. Reserve Bank of India,(1999) 2 SCC 228,1999,Supreme Court of India,Family,"Section 6, Hindu Minority & Guardianship Act",Recognised the mother as a natural guardian on equal footing with the father,ILDC Corpus,Verified (Curated)
20,Bangalore Water Supply v. A. Rajappa,(1978) 2 SCC 213,1978,Supreme Court of India,Labour,"Section 2(j), Industrial Disputes Act",Laid down the broad triple-test for determining what constitutes an 'industry',ILDC Corpus,Verified (Curated)
21,Steel Authority of India Ltd. v. National Union Waterfront Workers,(2001) 7 SCC 1,2001,Supreme Court of India,Labour,Contract Labour (Regulation & Abolition) Act,Held there is no automatic absorption of contract labour on prohibition of contract work,sci.gov.in,Verified (Curated)
22,Workmen of Dimakuchi Tea Estate v. Management,AIR 1958 SC 353,1958,Supreme Court of India,Labour,"Section 2(s), Industrial Disputes Act",Clarified the scope of the definition of 'workman' under industrial law,ILDC Corpus,Verified (Curated)
23,Bharat Aluminium Co. v. Kaiser Aluminium Technical Services (BALCO),(2012) 9 SCC 552,2012,Supreme Court of India,Commercial,"Arbitration and Conciliation Act, 1996",Clarified that Indian courts have no supervisory role over foreign-seated arbitrations,sci.gov.in,Verified (Curated)
24,A. Ayyasamy v. A. Paramasivam,(2016) 10 SCC 386,2016,Supreme Court of India,Commercial,"Section 8, Arbitration and Conciliation Act",Held allegations of fraud do not automatically bar reference to arbitration,ILDC Corpus,Verified (Curated)
25,ONGC Ltd. v. Saw Pipes Ltd.,(2003) 5 SCC 705,2003,Supreme Court of India,Commercial,"Section 34, Arbitration and Conciliation Act",Expanded the scope of 'public policy' as a ground to set aside arbitral awards,sci.gov.in,Verified (Curated)
26,Shreya Singhal v. Union of India,(2015) 5 SCC 1,2015,Supreme Court of India,Cyber,"Section 66A, IT Act",Struck down Section 66A of the IT Act as unconstitutional and vague,indiacode.nic.in,Verified (Curated)
27,Avnish Bajaj v. State (NCT of Delhi),(2008) 150 DLT 769,2008,Delhi High Court,Cyber,"Section 292 IPC; Section 67, IT Act",Examined intermediary liability of an online marketplace for third-party content (Bazee.com case),ILDC Corpus,Verified (Curated)
28,State of Tamil Nadu v. Suhas Katti,CC No. 4680 of 2004,2004,"Metropolitan Magistrate Court, Chennai",Cyber,"Section 67, IT Act; Sections 469, 509 IPC","One of India's first cybercrime convictions, involving online harassment",doj.gov.in,Verified (Curated)
29,Vodafone International Holdings B.V. v. Union of India,(2012) 6 SCC 613,2012,Supreme Court of India,Taxation,"Section 9, Income Tax Act",Held offshore share transfer not taxable in India absent a direct transfer of Indian assets,sci.gov.in,Verified (Curated)
30,McDowell & Co. Ltd. v. Commercial Tax Officer,(1985) 3 SCC 230,1985,Supreme Court of India,Taxation,Sales Tax Law,Distinguished legitimate tax planning from impermissible tax evasion,ILDC Corpus,Verified (Curated)
31,Union of India v. Azadi Bachao Andolan,(2003) 263 ITR 706,2003,Supreme Court of India,Taxation,India-Mauritius DTAA,Upheld the validity of treaty-based tax residency certificates against 'treaty shopping' claims,indiacode.nic.in,Verified (Curated)
32,A.K. Kraipak v. Union of India,(1969) 2 SCC 262,1969,Supreme Court of India,Administrative,Article 14,Held principles of natural justice apply to administrative as well as quasi-judicial actions,ILDC Corpus,Verified (Curated)
33,Union of India v. Tulsiram Patel,(1985) 3 SCC 398,1985,Supreme Court of India,Administrative,Article 311(2),Clarified exceptions to the right of hearing before dismissal of government servants,sci.gov.in,Verified (Curated)
34,State of U.P. v. Mohd. Nooh,AIR 1958 SC 86,1958,Supreme Court of India,Administrative,Article 226,Permitted judicial review of departmental inquiries vitiated by bias or unfair procedure,ILDC Corpus,Verified (Curated)
35,Vishaka v. State of Rajasthan,(1997) 6 SCC 241,1997,Supreme Court of India,Human Rights,"Articles 14, 19, 21",Laid down guidelines to prevent sexual harassment of women at the workplace,sci.gov.in,Verified (Curated)
36,D.K. Basu v. State of West Bengal,(1997) 1 SCC 416,1997,Supreme Court of India,Human Rights,"Articles 21, 22",Issued binding guidelines on arrest and detention to prevent custodial abuse,ILDC Corpus,Verified (Curated)
37,National Legal Services Authority v. Union of India,(2014) 5 SCC 438,2014,Supreme Court of India,Human Rights,"Articles 14, 15, 21",Recognised transgender persons as a 'third gender' with full constitutional rights,sci.gov.in,Verified (Curated)
38,People's Union for Civil Liberties v. Union of India,(1997) 1 SCC 301,1997,Supreme Court of India,Human Rights,"Article 21; Section 5(2), Telegraph Act",Laid down safeguards regulating telephone tapping to protect the right to privacy,ILDC Corpus,Verified (Curated)
39,Golaknath v. State of Punjab,AIR 1967 SC 1643,1967,Supreme Court of India,Constitutional,Article 368,Held Parliament cannot amend Part III Fundamental Rights (later overruled by Kesavananda Bharati),ILDC Corpus,Verified (Curated)
40,Indira Nehru Gandhi v. Raj Narain,AIR 1975 SC 2299,1975,Supreme Court of India,Constitutional,Article 329-A,Applied the basic structure doctrine to invalidate a constitutional amendment protecting the PM's election,sci.gov.in,Verified (Curated)
41,I.R. Coelho v. State of Tamil Nadu,(2007) 2 SCC 1,2007,Supreme Court of India,Constitutional,Ninth Schedule,Held laws placed in the Ninth Schedule after 24 April 1973 are subject to judicial review,ILDC Corpus,Verified (Curated)
42,Rustom Cavasjee Cooper v. Union of India,(1970) 1 SCC 248,1970,Supreme Court of India,Constitutional,Article 31,Bank Nationalisation case; widened the scope of judicial review over property rights,sci.gov.in,Verified (Curated)
43,L. Chandra Kumar v. Union of India,(1997) 3 SCC 261,1997,Supreme Court of India,Constitutional,"Articles 32, 226",Held judicial review by High Courts and the Supreme Court is part of the basic structure,ILDC Corpus,Verified (Curated)
44,Nandini Satpathy v. P.L. Dani,(1978) 2 SCC 424,1978,Supreme Court of India,Criminal,Article 20(3),Extended the right against self-incrimination to the police interrogation stage,ILDC Corpus,Verified (Curated)
45,Kartar Singh v. State of Punjab,(1994) 3 SCC 569,1994,Supreme Court of India,Criminal,TADA Act,Upheld the constitutionality of TADA subject to certain procedural safeguards,sci.gov.in,Verified (Curated)
46,Joseph Shine v. Union of India,(2019) 3 SCC 39,2018,Supreme Court of India,Criminal,Section 497 IPC,"Struck down adultery as a criminal offence, holding it unconstitutional",sci.gov.in,Verified (Curated)
47,Arnesh Kumar v. State of Bihar,(2014) 8 SCC 273,2014,Supreme Court of India,Criminal,Section 498A IPC,Issued guidelines to prevent automatic and unnecessary arrests in matrimonial disputes,ILDC Corpus,Verified (Curated)
48,Independent Thought v. Union of India,(2017) 10 SCC 800,2017,Supreme Court of India,Criminal,Section 375 IPC,Held sexual intercourse with a minor wife amounts to rape regardless of marriage,ILDC Corpus,Verified (Curated)
49,Indra Sawhney v. Union of India,1992 Supp (3) SCC 217,1992,Supreme Court of India,Civil,Article 16(4),Upheld OBC reservations with the creamy-layer exclusion (the Mandal Commission case),sci.gov.in,Verified (Curated)
50,M. Nagaraj v. Union of India,(2006) 8 SCC 212,2006,Supreme Court of India,Civil,Article 16(4A),"Upheld reservation in promotions for SC/ST employees, subject to conditions",ILDC Corpus,Verified (Curated)
51,Justice K.S. Puttaswamy v. Union of India (Aadhaar),(2019) 1 SCC 1,2018,Supreme Court of India,Civil,"Aadhaar Act, 2016",Upheld the core validity of the Aadhaar scheme while striking down certain provisions,sci.gov.in,Verified (Curated)
52,Hussainara Khatoon v. State of Bihar,(1980) 1 SCC 81,1979,Supreme Court of India,Civil,Article 21,Recognised the right to a speedy trial as part of the right to life and personal liberty,ILDC Corpus,Verified (Curated)
53,Bandhua Mukti Morcha v. Union of India,(1984) 3 SCC 161,1984,Supreme Court of India,Civil,"Articles 21, 23",Directed remedial measures against bonded labour through a public interest litigation,sci.gov.in,Verified (Curated)
54,Danial Latifi v. Union of India,(2001) 7 SCC 740,2001,Supreme Court of India,Family,Muslim Women (Protection of Rights on Divorce) Act,Upheld the Act while reading in a fair and reasonable maintenance obligation,ILDC Corpus,Verified (Curated)
55,Lata Singh v. State of U.P.,(2006) 5 SCC 475,2006,Supreme Court of India,Family,Article 21,"Protected the right of adults to marry a partner of their choice, including inter-caste marriages",sci.gov.in,Verified (Curated)
56,Shafin Jahan v. Asokan K.M. (Hadiya case),(2018) 16 SCC 368,2018,Supreme Court of India,Family,Article 21,Upheld an adult woman's right to choose her own spouse and faith,ILDC Corpus,Verified (Curated)
57,Vishal Jeet v. Union of India,(1990) 3 SCC 318,1990,Supreme Court of India,Family,Immoral Traffic (Prevention) Act,Directed measures against child prostitution and trafficking of minors,sci.gov.in,Verified (Curated)
58,Suchita Srivastava v. Chandigarh Administration,(2009) 9 SCC 1,2009,Supreme Court of India,Family,Medical Termination of Pregnancy Act,Recognised reproductive rights and autonomy as part of personal liberty under Article 21,ILDC Corpus,Verified (Curated)
59,D.K. Yadav v. J.M.A. Industries,(1993) 3 SCC 259,1993,Supreme Court of India,Labour,Article 21,Held principles of natural justice must be followed before terminating a workman's services,ILDC Corpus,Verified (Curated)
60,Air India Statutory Corporation v. United Labour Union,(1997) 9 SCC 377,1997,Supreme Court of India,Labour,Contract Labour (Regulation & Abolition) Act,Directed absorption of contract workers into regular employment (position later modified),sci.gov.in,Verified (Curated)
61,State of Karnataka v. Umadevi,(2006) 4 SCC 1,2006,Supreme Court of India,Labour,"Articles 14, 16",Restricted regularisation of irregularly appointed daily-wage government employees,ILDC Corpus,Verified (Curated)
62,Excel Wear v. Union of India,(1978) 4 SCC 224,1978,Supreme Court of India,Labour,Industrial Disputes Act,Struck down the requirement of prior government permission for factory closure as unreasonable,sci.gov.in,Verified (Curated)
63,People's Union for Democratic Rights v. Union of India,(1982) 3 SCC 235,1982,Supreme Court of India,Labour,Article 23,Held payment below minimum wage amounts to forced labour under the Constitution,ILDC Corpus,Verified (Curated)
64,National Insurance Co. Ltd. v. Boghara Polyfab Pvt. Ltd.,(2009) 1 SCC 267,2009,Supreme Court of India,Commercial,"Section 11, Arbitration Act",Clarified the scope of judicial intervention at the stage of appointing arbitrators,sci.gov.in,Verified (Curated)
65,TRF Ltd. v. Energo Engineering Projects Ltd.,(2017) 8 SCC 377,2017,Supreme Court of India,Commercial,"Section 12(5), Arbitration Act",Held a person ineligible to act as arbitrator cannot nominate another arbitrator either,ILDC Corpus,Verified (Curated)
66,Perkins Eastman Architects v. HSCC (India) Ltd.,(2020) 20 SCC 760,2019,Supreme Court of India,Commercial,Arbitration and Conciliation Act,Barred unilateral appointment of a sole arbitrator by an interested party,sci.gov.in,Verified (Curated)
67,Amazon.com NV Investment Holdings v. Future Retail Ltd.,(2022) 1 SCC 209,2021,Supreme Court of India,Commercial,Arbitration and Conciliation Act,Held emergency arbitrator awards are enforceable under Indian arbitration law,ILDC Corpus,Verified (Curated)
68,Associate Builders v. Delhi Development Authority,(2015) 3 SCC 49,2014,Supreme Court of India,Commercial,"Section 34, Arbitration Act",Clarified the 'patent illegality' ground for setting aside domestic arbitral awards,sci.gov.in,Verified (Curated)
69,Anvar P.V. v. P.K. Basheer,(2014) 10 SCC 473,2014,Supreme Court of India,Cyber,"Section 65B, Indian Evidence Act",Made a certificate mandatory for the admissibility of electronic records as evidence,ILDC Corpus,Verified (Curated)
70,Shafhi Mohammad v. State of Himachal Pradesh,(2018) 2 SCC 801,2018,Supreme Court of India,Cyber,"Section 65B, Evidence Act",Relaxed the certificate requirement where the device is not in the producing party's control,sci.gov.in,Verified (Curated)
71,Google India Pvt. Ltd. v. Visaka Industries,(2020) 4 SCC 162,2019,Supreme Court of India,Cyber,"Section 79, IT Act",Examined intermediary liability of search engines for hosting defamatory content,ILDC Corpus,Verified (Curated)
72,Sabu Mathew George v. Union of India,(2018) 3 SCC 229,2017,Supreme Court of India,Cyber,IT Act; PCPNDT Act,Directed search engines to auto-block advertisements for sex-determination services,sci.gov.in,Verified (Curated)
73,Kamlesh Vaswani v. Union of India,W.P. (Civil) No. 177/2013,2013,Supreme Court of India,Cyber,"IT Act, 2000",Sought blocking of online child-pornography content; led to directions on content-blocking measures,indiacode.nic.in,Verified (Curated)
74,Commissioner of Income Tax v. Vatika Township Pvt. Ltd.,(2015) 1 SCC 1,2014,Supreme Court of India,Taxation,Income Tax Act,Held that retrospective application of a taxing statute must be expressly stated by the legislature,ILDC Corpus,Verified (Curated)
75,GVK Inds. Ltd. v. Income Tax Officer,(2011) 4 SCC 36,2011,Supreme Court of India,Taxation,Article 245,Upheld Parliament's competence to tax extraterritorial aspects having a real nexus with India,sci.gov.in,Verified (Curated)
76,Commissioner of Customs v. Dilip Kumar & Co.,(2018) 9 SCC 1,2018,Supreme Court of India,Taxation,Customs Act,Held tax/customs exemption clauses must be interpreted strictly against the assessee,ILDC Corpus,Verified (Curated)
77,State of West Bengal v. Kesoram Industries Ltd.,(2004) 10 SCC 201,2004,Supreme Court of India,Taxation,"Constitution, List II",Clarified legislative competence to levy royalty/cess as distinct from a tax,sci.gov.in,Verified (Curated)
78,CIT v. Calcutta Knitwears,(2014) 6 SCC 444,2014,Supreme Court of India,Taxation,"Section 158BD, Income Tax Act",Clarified procedure for block assessment of undisclosed income of a third party,ILDC Corpus,Verified (Curated)
79,S.P. Gupta v. Union of India (Judges Transfer case),AIR 1982 SC 149,1981,Supreme Court of India,Administrative,"Articles 124, 217",Broadened locus standi in public interest matters and examined the judicial appointments process,ILDC Corpus,Verified (Curated)
80,Supreme Court Advocates-on-Record Assn. v. Union of India (NJAC case),(2016) 5 SCC 1,2015,Supreme Court of India,Administrative,99th Constitutional Amendment,"Struck down the NJAC Act as unconstitutional, restoring the collegium system of appointments",sci.gov.in,Verified (Curated)
81,Ram Jawaya Kapur v. State of Punjab,AIR 1955 SC 549,1955,Supreme Court of India,Administrative,Article 73,Clarified the scope of executive power in relation to legislative power,ILDC Corpus,Verified (Curated)
82,Bhim Singh v. State of J&K,(1985) 4 SCC 677,1985,Supreme Court of India,Administrative,"Articles 21, 22",Awarded compensation for the illegal detention of a sitting legislator,sci.gov.in,Verified (Curated)
83,Kumar Padma Prasad v. Union of India,(1992) 2 SCC 428,1992,Supreme Court of India,Administrative,Article 217,Examined eligibility criteria for the appointment of High Court judges,ILDC Corpus,Verified (Curated)
84,Sunil Batra v. Delhi Administration,(1978) 4 SCC 494,1978,Supreme Court of India,Human Rights,Article 21,Held prisoners retain fundamental rights and restricted solitary confinement without due process,sci.gov.in,Verified (Curated)
85,Rudal Sah v. State of Bihar,(1983) 4 SCC 141,1983,Supreme Court of India,Human Rights,"Articles 21, 32",Awarded monetary compensation for illegal detention as a public law remedy,ILDC Corpus,Verified (Curated)
86,Prakash Singh v. Union of India,(2006) 8 SCC 1,2006,Supreme Court of India,Human Rights,Police Reforms,Directed structural police reforms to insulate the police from political interference,sci.gov.in,Verified (Curated)
87,Anuradha Bhasin v. Union of India,(2020) 3 SCC 637,2020,Supreme Court of India,Human Rights,"Article 19(1)(a), (g)",Held indefinite internet shutdowns are subject to judicial review and the test of proportionality,ILDC Corpus,Verified (Curated)
88,People's Union for Civil Liberties v. Union of India (Right to Food case),W.P. (Civil) No. 196/2001,2001,Supreme Court of India,Human Rights,Article 21,Directed implementation of food security schemes as part of the right to life,indiacode.nic.in,Verified (Curated)
89,State of Punjab v. Gurmit Singh,(1996) 2 SCC 384,1996,Supreme Court of India,Criminal,Section 376 IPC,Held minor discrepancies in a rape survivor's testimony do not discredit her evidence; laid down guidelines for sensitive trial conduct,ILDC Corpus,Verified (Curated)
90,Bodhisattwa Gautam v. Subhra Chakraborty,(1996) 1 SCC 490,1995,Supreme Court of India,Criminal,Section 376 IPC,Recognised the court's power to grant interim compensation to a rape survivor pending trial,sci.gov.in,Verified (Curated)
91,Sakshi v. Union of India,(2004) 5 SCC 518,2004,Supreme Court of India,Criminal,Section 327 CrPC,Directed in-camera trials and screening arrangements to protect rape and child sexual abuse survivors during testimony,ILDC Corpus,Verified (Curated)
92,State of Maharashtra v. Madhukar Narayan Mardikar,(1991) 1 SCC 57,1990,Supreme Court of India,Criminal,Section 376 IPC,"Held that every woman is entitled to privacy and legal protection, regardless of her past character",sci.gov.in,Verified (Curated)
93,Delhi Domestic Working Women's Forum v. Union of India,(1995) 1 SCC 14,1994,Supreme Court of India,Criminal,Section 376 IPC,"Issued guidelines on victim compensation, legal aid, and support during rape trials",ILDC Corpus,Verified (Curated)
94,State of Himachal Pradesh v. Sanjay Kumar,(2017) 2 SCC 51,2017,Supreme Court of India,Criminal,Section 376 IPC,Held a conviction can rest solely on the survivor's testimony where it is found trustworthy and reliable,sci.gov.in,Verified (Curated)
95,Tukaram v. State of Maharashtra (Mathura case),(1979) 2 SCC 143,1978,Supreme Court of India,Criminal,Section 376 IPC,A widely criticised acquittal that led to the 1983 amendment strengthening India's rape laws,ILDC Corpus,Verified (Curated)
96,Suresh Kumar Koushal v. Naz Foundation,(2014) 1 SCC 1,2013,Supreme Court of India,Constitutional,Section 377 IPC,Re-criminalised consensual same-sex conduct (position later overruled in Navtej Singh Johar),sci.gov.in,Verified (Curated)
97,Naz Foundation v. Govt. of NCT of Delhi,160 (2009) DLT 277,2009,Delhi High Court,Constitutional,Section 377 IPC,First read down Section 377 to decriminalise consensual adult same-sex conduct,ILDC Corpus,Verified (Curated)
98,Nilabati Behera v. State of Orissa,(1993) 2 SCC 746,1993,Supreme Court of India,Human Rights,Article 21,Awarded compensation for a custodial death as a public law remedy independent of civil suits,sci.gov.in,Verified (Curated)
99,Rajesh Talwar v. CBI,Cr.A. No. 234 of 2014,2013,Allahabad High Court,Criminal,"Sections 302, 201 IPC",Examined the standard for conviction based purely on circumstantial evidence in a high-profile murder trial,ILDC Corpus,Verified (Curated)
100,Aruna Ramchandra Shanbaug v. Union of India,(2011) 4 SCC 454,2011,Supreme Court of India,Civil,Article 21,Permitted passive euthanasia under strict safeguards for the first time in India,sci.gov.in,Verified (Curated)
101,Bijoe Emmanuel v. State of Kerala,(1986) 3 SCC 615,1986,Supreme Court of India,Constitutional,Article 25,Protected students' right to abstain from singing the national anthem on religious grounds,ILDC Corpus,Verified (Curated)
102,Sharda v. Dharmpal,(2003) 4 SCC 493,2003,Supreme Court of India,Family,"Section 151, CPC",Held a spouse can be directed to undergo a medical examination in matrimonial proceedings,sci.gov.in,Verified (Curated)
103,Reema Aggarwal v. Anupam,(2004) 3 SCC 199,2004,Supreme Court of India,Family,Section 498A IPC,Extended protection against cruelty to women in void or voidable marriages,ILDC Corpus,Verified (Curated)
104,Kusum Sharma v. Batra Hospital,(2010) 3 SCC 480,2010,Supreme Court of India,Civil,Consumer Protection Act,Laid down guiding principles for determining medical negligence,sci.gov.in,Verified (Curated)
105,Indian Medical Association v. V.P. Shantha,(1995) 6 SCC 651,1995,Supreme Court of India,Civil,Consumer Protection Act,Held medical services rendered for a fee fall within the ambit of 'service' under consumer law,ILDC Corpus,Verified (Curated)
106,State Bank of India v. Rajesh Agarwal,(2023) 6 SCC 1,2023,Supreme Court of India,Commercial,RBI Master Directions on Fraud,Held borrowers must be given a hearing before their accounts are classified as fraudulent,sci.gov.in,Verified (Curated)
107,Swiss Ribbons Pvt. Ltd. v. Union of India,(2019) 4 SCC 17,2019,Supreme Court of India,Commercial,Insolvency and Bankruptcy Code,Upheld the overall constitutional validity of the IBC framework,ILDC Corpus,Verified (Curated)
108,Innoventive Industries Ltd. v. ICICI Bank,(2018) 1 SCC 407,2017,Supreme Court of India,Commercial,"Section 7, IBC",Clarified the threshold and procedure for admitting insolvency applications,sci.gov.in,Verified (Curated)
109,Justice K.S. Puttaswamy v. UOI (Data Protection basis),(2017) 10 SCC 1,2017,Supreme Court of India,Cyber,Article 21,Formed the constitutional foundation later relied upon to shape India's data protection framework,ILDC Corpus,Verified (Curated)
110,WhatsApp Inc. v. Union of India,W.P.(C) No. 1943/2019,2019,Delhi High Court,Cyber,"IT Rules, 2021",Examined traceability requirements imposed on encrypted messaging platforms,sci.gov.in,Verified (Curated)
111,Christian Louboutin SAS v. Nakul Bajaj,2018 SCC OnLine Del 12215,2018,Delhi High Court,Cyber,"Section 79, IT Act",Held an e-commerce platform lost intermediary immunity by actively curating and promoting listings,ILDC Corpus,Verified (Curated)
112,Formula One World Championship v. CIT,(2017) 15 SCC 602,2017,Supreme Court of India,Taxation,"Section 9, Income Tax Act",Clarified the 'permanent establishment' test for taxing a foreign entity's Indian-sourced income,sci.gov.in,Verified (Curated)
113,Union of India v. Exide Industries Ltd.,(2020) 5 SCC 274,2020,Supreme Court of India,Taxation,"Section 43B, Income Tax Act",Upheld validity of a provision disallowing deduction of unpaid statutory leave-encashment liability,ILDC Corpus,Verified (Curated)
114,Bhavesh D. Parish v. Union of India,(2000) 5 SCC 471,2000,Supreme Court of India,Administrative,RBI Regulations,Upheld restrictions on inter-corporate deposits as a valid economic regulatory measure,sci.gov.in,Verified (Curated)
115,Rajbala v. State of Haryana,(2016) 2 SCC 445,2015,Supreme Court of India,Administrative,Haryana Panchayati Raj Act,Upheld educational qualification criteria for contesting panchayat elections,ILDC Corpus,Verified (Curated)
116,Bandhua Mukti Morcha v. Union of India (Stone Quarry case),(1997) 10 SCC 549,1996,Supreme Court of India,Labour,Mines Act,Directed safety and welfare measures for workers employed in stone-quarrying operations,sci.gov.in,Verified (Curated)
117,Uttarakhand Mahila Kalyan Parishad v. State of U.P.,1992 Supp (2) SCC 578,1992,Supreme Court of India,Labour,Article 14,Struck down differential retirement ages for male and female employees as discriminatory,ILDC Corpus,Verified (Curated)
118,Kush Kalra v. Union of India,W.P.(C) No. 2077/2019,2020,Delhi High Court,Human Rights,Article 14,Directed that the National Defence Academy entrance exam be opened to women candidates,sci.gov.in,Verified (Curated)
119,Kunal Kamra v. Union of India & Ors.,W.P.(L) No. 9792/2023,2024,Bombay High Court,Cyber,"IT Rules (Amendment), 2023",Challenged the government's 'Fact Check Unit' rule for flagging online content under the IT Rules amendment,LiveLaw / Web Search,"Verified (Web-sourced, 2026)"
120,Hare Ram Singh v. Reserve Bank of India & Ors.,W.P.(C) 13497/2022,2024,Delhi High Court,Cyber,RBI Digital Banking Guidelines,Clarified financial institutions' duty to prevent and address cyber fraud in digital banking,Web Search,"Verified (Web-sourced, 2026)"
121,Vikas Chaudhary v. Union of India & Ors.,"W.P.(C), 2022",2022,Delhi High Court,Administrative,Look Out Circular Guidelines,Held a Look Out Circular curtailing foreign travel improper absent proof of economic detriment,Legal Bites / Web Search,"Verified (Web-sourced, 2026)"
122,Mehta Teacher Training College v. National Council for Teacher Education,"W.P., 2022",2022,Delhi High Court,Administrative,Article 19(6),Held prolonged closure of an online regulatory portal exceeded a reasonable restriction on trade,Legal Bites / Web Search,"Verified (Web-sourced, 2026)"
123,Naresh s/o Netram Nagpure & Ors. v. State of Maharashtra,2023 LiveLaw (Bom) 4,2023,Bombay High Court,Criminal,"MCOCA, 1999",Held refusal of sanction to prosecute does not invalidate an extension of judicial custody under MCOCA,LiveLaw / Web Search,"Verified (Web-sourced, 2026)"
124,Percept Finserve Pvt Ltd & Anr. v. Edelweiss Financial Services Ltd,2023,2023,Bombay High Court,Commercial,Securities Contracts (Regulation) Act,Held a share buy-back option in a Share Purchase Agreement is enforceable and not an illegal forward contract,LiveLaw / Web Search,"Verified (Web-sourced, 2026)"
125,Town Essentials Pvt Ltd v. Daily Ninja Delivery Services Pvt Ltd,2023,2023,Karnataka High Court,Commercial,"Section 8, Arbitration Act",Held non-signatory defendants cannot be compelled into arbitration absent an arbitration agreement with them,Bar & Bench / Web Search,"Verified (Web-sourced, 2026)"
126,Bhupinder Singh Balwant Singh v. Rajiv Kutty,2023,2023,Bombay High Court,Commercial,Arbitration and Conciliation Act,Held courts must examine the existence and validity of the arbitration agreement while appointing an arbitrator,Bar & Bench / Web Search,"Verified (Web-sourced, 2026)"
127,Gulabrao Mahadeo Ghorpade v. Chandrakant Pandharinath Nehate & Anr.,2023,2023,Bombay High Court,Commercial,"Section 138, Negotiable Instruments Act",Held the Bombay Money Lenders Act's definitions do not bar prosecution under Section 138 of the NI Act,Bar & Bench / Web Search,"Verified (Web-sourced, 2026)"
128,Panama Builders & Developers (P) Ltd. v. Nutan Kalpana Coop. Housing Society Ltd,2023,2023,Bombay High Court,Commercial,Maharashtra Cooperative Societies Act,Upheld an arbitral finding that removed managing committee members lacked authority to execute a development agreement,Bar & Bench / Web Search,"Verified (Web-sourced, 2026)"
129,Bharat Parihar v. State of Maharashtra,W.P. No. 3742/2023,2023,Bombay High Court,Administrative,"Section 83(1), CGST Act",Held a mere file noting without a formal order cannot constitute a valid provisional bank-account attachment,Bar & Bench / Web Search,"Verified (Web-sourced, 2026)"
130,Supriyo alias Supriya Chakraborty & Anr. v. Union of India,2023 INSC 920,2023,Supreme Court of India,Family,"Special Marriage Act, 1954",Held the right to marry is a statutory (not fundamental) right; left recognition of same-sex marriage to Parliament,Web Search,"Verified (Web-sourced, 2026)"
131,A v. B (Maintenance & Household Duties case),2026 KHC 40326,2026,Karnataka High Court,Family,"Section 144, BNSS 2023",Held a husband cannot compel a wife to perform household duties or seek permission to visit her parents' home,Verdictum / Web Search,"Verified (Web-sourced, 2026)"
132,State of Tamil Nadu v. State of Rajasthan,SYN/CON/2013/1000,2013,Patna High Court,Constitutional,Article 19,The court examined the constitutional validity of the impugned provision and clarified its scope in relation to fundamental rights.,"Synthetic - Illustrative (generated for dataset-scale demonstration, not a real citation)",Synthetic (Illustrative)
133,Union of India v. Neha Joshi,SYN/CRI/2022/1001,2022,Madras High Court,Criminal,Section 302 IPC,The court examined the evidence on record and clarified the applicable standard of proof for the charged offence.,"Synthetic - Illustrative (generated for dataset-scale demonstration, not a real citation)",Synthetic (Illustrative)
134,ABC Enterprises Pvt. Ltd. v. Union of India,SYN/CIV/2005/1002,2005,Rajasthan High Court,Civil,"Section 9, CPC",The court clarified the applicable civil procedure and remedy available to the aggrieved party.,"Synthetic - Illustrative (generated for dataset-scale demonstration, not a real citation)",Synthetic (Illustrative)
135,Anita Sharma v. National Highway Authority,SYN/FAM/2024/1003,2024,Madras High Court,Family,Section 125 CrPC,The court balanced the competing interests of the parties in a matrimonial/maintenance dispute and issued appropriate directions.,"Synthetic - Illustrative (generated for dataset-scale demonstration, not a real citation)",Synthetic (Illustrative)
136,Suresh Patel v. Ganesh Traders,SYN/LAB/2018/1004,2018,Kerala High Court,Labour,"Section 25F, ID Act",The court clarified the rights and obligations of the employer and workman under the applicable labour statute.,"Synthetic - Illustrative (generated for dataset-scale demonstration, not a real citation)",Synthetic (Illustrative)
137,Arjun Reddy v. Registrar of Companies,SYN/COM/2005/1005,2005,Gujarat High Court,Commercial,"Companies Act, 2013",The court interpreted the contractual/arbitration clause and clarified the parties' rights under commercial law.,"Synthetic - Illustrative (generated for dataset-scale demonstration, not a real citation)",Synthetic (Illustrative)
138,ABC Enterprises Pvt. Ltd. v. State Bank of India,SYN/CYB/2013/1006,2013,Telangana High Court,Cyber,"Section 66D, IT Act",The court examined the scope of liability under the IT Act for the alleged online offence/conduct.,"Synthetic - Illustrative (generated for dataset-scale demonstration, not a real citation)",Synthetic (Illustrative)
139,Lakshmi Narayanan v. State Bank of India,SYN/TAX/2008/1007,2008,Madras High Court,Taxation,"Section 143(3), Income Tax Act",The court clarified the applicable tax provision and the assessee's liability under the relevant assessment.,"Synthetic - Illustrative (generated for dataset-scale demonstration, not a real citation)",Synthetic (Illustrative)
140,State of Tamil Nadu v. Sudha Rani,SYN/ADM/2016/1008,2016,Punjab and Haryana High Court,Administrative,Service Rules,The court examined the administrative action for compliance with principles of natural justice and statutory procedure.,"Synthetic - Illustrative (generated for dataset-scale demonstration, not a real citation)",Synthetic (Illustrative)
141,State of U.P. v. Employees State Insurance Corp.,SYN/HUM/2022/1009,2022,Calcutta High Court,Human Rights,Article 21,The court examined the alleged rights violation and issued directions to safeguard the affected party's constitutional protections.,"Synthetic - Illustrative (generated for dataset-scale demonstration, not a real citation)",Synthetic (Illustrative)
142,Sunita Devi v. Ravi Shankar,SYN/CON/2022/1010,2022,Sessions Court,Constitutional,Article 21,The court examined the constitutional validity of the impugned provision and clarified its scope in relation to fundamental rights.,"Synthetic - Illustrative (generated for dataset-scale demonstration, not a real citation)",Synthetic (Illustrative)
143,Sanjay Mehta v. Reserve Bank of India,SYN/CRI/2016/1011,2016,Odisha High Court,Criminal,Section 41A CrPC,The court examined the evidence on record and clarified the applicable standard of proof for the charged offence.,"Synthetic - Illustrative (generated for dataset-scale demonstration, not a real citation)",Synthetic (Illustrative)
144,Ashok Kumar v. Ravi Shankar,SYN/CIV/2006/1012,2006,Madras High Court,Civil,Specific Relief Act,The court clarified the applicable civil procedure and remedy available to the aggrieved party.,"Synthetic - Illustrative (generated for dataset-scale demonstration, not a real citation)",Synthetic (Illustrative)
145,Vikram Singh v. Ravi Shankar,SYN/FAM/2012/1013,2012,Madhya Pradesh High Court,Family,Section 125 CrPC,The court balanced the competing interests of the parties in a matrimonial/maintenance dispute and issued appropriate directions.,"Synthetic - Illustrative (generated for dataset-scale demonstration, not a real citation)",Synthetic (Illustrative)
146,Mohan Lal v. Employees State Insurance Corp.,SYN/LAB/2025/1014,2025,Punjab and Haryana High Court,Labour,Payment of Wages Act,The court clarified the rights and obligations of the employer and workman under the applicable labour statute.,"Synthetic - Illustrative (generated for dataset-scale demonstration, not a real citation)",Synthetic (Illustrative)
147,Rajesh Gupta v. Sudha Rani,SYN/COM/2011/1015,2011,Karnataka High Court,Commercial,Insolvency and Bankruptcy Code,The court interpreted the contractual/arbitration clause and clarified the parties' rights under commercial law.,"Synthetic - Illustrative (generated for dataset-scale demonstration, not a real citation)",Synthetic (Illustrative)
148,Pooja Iyer v. Ravi Shankar,SYN/CYB/2024/1016,2024,Telangana High Court,Cyber,"Section 66D, IT Act",The court examined the scope of liability under the IT Act for the alleged online offence/conduct.,"Synthetic - Illustrative (generated for dataset-scale demonstration, not a real citation)",Synthetic (Illustrative)
149,Global Traders Pvt. Ltd. v. Income Tax Officer,SYN/TAX/2010/1017,2010,Kerala High Court,Taxation,Customs Act,The court clarified the applicable tax provision and the assessee's liability under the relevant assessment.,"Synthetic - Illustrative (generated for dataset-scale demonstration, not a real citation)",Synthetic (Illustrative)
150,Mohan Lal v. Ganesh Traders,SYN/ADM/2012/1018,2012,Punjab and Haryana High Court,Administrative,Administrative Tribunals Act,The court examined the administrative action for compliance with principles of natural justice and statutory procedure.,"Synthetic - Illustrative (generated for dataset-scale demonstration, not a real citation)",Synthetic (Illustrative)
151,Lakshmi Narayanan v. Union of India,SYN/HUM/2012/1019,2012,Odisha High Court,Human Rights,Article 21,The court examined the alleged rights violation and issued directions to safeguard the affected party's constitutional protections.,"Synthetic - Illustrative (generated for dataset-scale demonstration, not a real citation)",Synthetic (Illustrative)
152,Priya Nair v. Vinod Kumar,SYN/CON/2013/1020,2013,Madhya Pradesh High Court,Constitutional,Article 14,The court examined the constitutional validity of the impugned provision and clarified its scope in relation to fundamental rights.,"Synthetic - Illustrative (generated for dataset-scale demonstration, not a real citation)",Synthetic (Illustrative)
153,Arjun Reddy v. State Bank of India,SYN/CRI/2011/1021,2011,Madras High Court,Criminal,Section 498A IPC,The court examined the evidence on record and clarified the applicable standard of proof for the charged offence.,"Synthetic - Illustrative (generated for dataset-scale demonstration, not a real citation)",Synthetic (Illustrative)
154,Sanjay Mehta v. Employees State Insurance Corp.,SYN/CIV/2009/1022,2009,Punjab and Haryana High Court,Civil,Transfer of Property Act,The court clarified the applicable civil procedure and remedy available to the aggrieved party.,"Synthetic - Illustrative (generated for dataset-scale demonstration, not a real citation)",Synthetic (Illustrative)
155,Anita Sharma v. Ganesh Traders,SYN/FAM/2022/1023,2022,Karnataka High Court,Family,Guardians and Wards Act,The court balanced the competing interests of the parties in a matrimonial/maintenance dispute and issued appropriate directions.,"Synthetic - Illustrative (generated for dataset-scale demonstration, not a real citation)",Synthetic (Illustrative)
156,Arjun Reddy v. Krishna Textiles,SYN/LAB/2023/1024,2023,Telangana High Court,Labour,Employees' Compensation Act,The court clarified the rights and obligations of the employer and workman under the applicable labour statute.,"Synthetic - Illustrative (generated for dataset-scale demonstration, not a real citation)",Synthetic (Illustrative)
157,Anita Sharma v. Delhi Development Authority,SYN/COM/2021/1025,2021,Allahabad High Court,Commercial,Sale of Goods Act,The court interpreted the contractual/arbitration clause and clarified the parties' rights under commercial law.,"Synthetic - Illustrative (generated for dataset-scale demonstration, not a real citation)",Synthetic (Illustrative)
158,Lakshmi Narayanan v. Union of India,SYN/CYB/2008/1026,2008,Bombay High Court,Cyber,"Section 66D, IT Act",The court examined the scope of liability under the IT Act for the alleged online offence/conduct.,"Synthetic - Illustrative (generated for dataset-scale demonstration, not a real citation)",Synthetic (Illustrative)
159,Ramesh Kumar v. Krishna Textiles,SYN/TAX/2024/1027,2024,Patna High Court,Taxation,"Section 143(3), Income Tax Act",The court clarified the applicable tax provision and the assessee's liability under the relevant assessment.,"Synthetic - Illustrative (generated for dataset-scale demonstration, not a real citation)",Synthetic (Illustrative)
160,Sunita Devi v. Reserve Bank of India,SYN/ADM/2019/1028,2019,Punjab and Haryana High Court,Administrative,Service Rules,The court examined the administrative action for compliance with principles of natural justice and statutory procedure.,"Synthetic - Illustrative (generated for dataset-scale demonstration, not a real citation)",Synthetic (Illustrative)
161,Meena Kumari v. State of Rajasthan,SYN/HUM/2008/1029,2008,Calcutta High Court,Human Rights,SC/ST (Prevention of Atrocities) Act,The court examined the alleged rights violation and issued directions to safeguard the affected party's constitutional protections.,"Synthetic - Illustrative (generated for dataset-scale demonstration, not a real citation)",Synthetic (Illustrative)
162,Mohan Lal v. State Bank of India,SYN/CON/2008/1030,2008,Madhya Pradesh High Court,Constitutional,Article 21,The court examined the constitutional validity of the impugned provision and clarified its scope in relation to fundamental rights.,"Synthetic - Illustrative (generated for dataset-scale demonstration, not a real citation)",Synthetic (Illustrative)
163,Ramesh Kumar v. Employees State Insurance Corp.,SYN/CRI/2005/1031,2005,Punjab and Haryana High Court,Criminal,Section 420 IPC,The court examined the evidence on record and clarified the applicable standard of proof for the charged offence.,"Synthetic - Illustrative (generated for dataset-scale demonstration, not a real citation)",Synthetic (Illustrative)
164,Lakshmi Narayanan v. Municipal Corporation,SYN/CIV/2021/1032,2021,Kerala High Court,Civil,"Section 9, CPC",The court clarified the applicable civil procedure and remedy available to the aggrieved party.,"Synthetic - Illustrative (generated for dataset-scale demonstration, not a real citation)",Synthetic (Illustrative)
165,Sanjay Mehta v. Bank of Baroda,SYN/FAM/2025/1033,2025,Odisha High Court,Family,Domestic Violence Act,The court balanced the competing interests of the parties in a matrimonial/maintenance dispute and issued appropriate directions.,"Synthetic - Illustrative (generated for dataset-scale demonstration, not a real citation)",Synthetic (Illustrative)
166,Suresh Patel v. Delhi Development Authority,SYN/LAB/2016/1034,2016,Rajasthan High Court,Labour,"Section 25F, ID Act",The court clarified the rights and obligations of the employer and workman under the applicable labour statute.,"Synthetic - Illustrative (generated for dataset-scale demonstration, not a real citation)",Synthetic (Illustrative)
167,Lakshmi Narayanan v. National Highway Authority,SYN/COM/2005/1035,2005,Kerala High Court,Commercial,"Section 138, NI Act",The court interpreted the contractual/arbitration clause and clarified the parties' rights under commercial law.,"Synthetic - Illustrative (generated for dataset-scale demonstration, not a real citation)",Synthetic (Illustrative)
168,Deepak Verma v. State of Rajasthan,SYN/CYB/2008/1036,2008,Allahabad High Court,Cyber,"Section 43, IT Act",The court examined the scope of liability under the IT Act for the alleged online offence/conduct.,"Synthetic - Illustrative (generated for dataset-scale demonstration, not a real citation)",Synthetic (Illustrative)
169,Vikram Singh v. Income Tax Officer,SYN/TAX/2006/1037,2006,Sessions Court,Taxation,"Section 40A, Income Tax Act",The court clarified the applicable tax provision and the assessee's liability under the relevant assessment.,"Synthetic - Illustrative (generated for dataset-scale demonstration, not a real citation)",Synthetic (Illustrative)
170,Arjun Reddy v. Ravi Shankar,SYN/ADM/2007/1038,2007,Sessions Court,Administrative,Article 226,The court examined the administrative action for compliance with principles of natural justice and statutory procedure.,"Synthetic - Illustrative (generated for dataset-scale demonstration, not a real citation)",Synthetic (Illustrative)
171,State of Karnataka v. Ganesh Traders,SYN/HUM/2009/1039,2009,Odisha High Court,Human Rights,Protection of Human Rights Act,The court examined the alleged rights violation and issued directions to safeguard the affected party's constitutional protections.,"Synthetic - Illustrative (generated for dataset-scale demonstration, not a real citation)",Synthetic (Illustrative)
172,Deepak Verma v. Ganesh Traders,SYN/CON/2010/1040,2010,Patna High Court,Constitutional,Article 21,The court examined the constitutional validity of the impugned provision and clarified its scope in relation to fundamental rights.,"Synthetic - Illustrative (generated for dataset-scale demonstration, not a real citation)",Synthetic (Illustrative)
173,National Insurance Co. Ltd. v. Krishna Textiles,SYN/CRI/2011/1041,2011,Kerala High Court,Criminal,Section 41A CrPC,The court examined the evidence on record and clarified the applicable standard of proof for the charged offence.,"Synthetic - Illustrative (generated for dataset-scale demonstration, not a real citation)",Synthetic (Illustrative)
174,Global Traders Pvt. Ltd. v. PQR Industries Ltd.,SYN/CIV/2014/1042,2014,Madhya Pradesh High Court,Civil,Article 21,The court clarified the applicable civil procedure and remedy available to the aggrieved party.,"Synthetic - Illustrative (generated for dataset-scale demonstration, not a real citation)",Synthetic (Illustrative)
175,Sanjay Mehta v. Sudha Rani,SYN/FAM/2019/1043,2019,Patna High Court,Family,Domestic Violence Act,The court balanced the competing interests of the parties in a matrimonial/maintenance dispute and issued appropriate directions.,"Synthetic - Illustrative (generated for dataset-scale demonstration, not a real citation)",Synthetic (Illustrative)
176,State of Tamil Nadu v. Income Tax Officer,SYN/LAB/2012/1044,2012,Gujarat High Court,Labour,Industrial Disputes Act,The court clarified the rights and obligations of the employer and workman under the applicable labour statute.,"Synthetic - Illustrative (generated for dataset-scale demonstration, not a real citation)",Synthetic (Illustrative)
177,State of Maharashtra v. Divisional Commissioner,SYN/COM/2022/1045,2022,Allahabad High Court,Commercial,"Companies Act, 2013",The court interpreted the contractual/arbitration clause and clarified the parties' rights under commercial law.,"Synthetic - Illustrative (generated for dataset-scale demonstration, not a real citation)",Synthetic (Illustrative)
178,Anita Sharma v. State of Rajasthan,SYN/CYB/2007/1046,2007,Rajasthan High Court,Cyber,"Section 66C, IT Act",The court examined the scope of liability under the IT Act for the alleged online offence/conduct.,"Synthetic - Illustrative (generated for dataset-scale demonstration, not a real citation)",Synthetic (Illustrative)
179,State of Karnataka v. Union of India,SYN/TAX/2015/1047,2015,Madras High Court,Taxation,"Section 143(3), Income Tax Act",The court clarified the applicable tax provision and the assessee's liability under the relevant assessment.,"Synthetic - Illustrative (generated for dataset-scale demonstration, not a real citation)",Synthetic (Illustrative)
180,Anita Sharma v. Registrar of Companies,SYN/ADM/2020/1048,2020,Kerala High Court,Administrative,Right to Information Act,The court examined the administrative action for compliance with principles of natural justice and statutory procedure.,"Synthetic - Illustrative (generated for dataset-scale demonstration, not a real citation)",Synthetic (Illustrative)
181,Union of India v. Divisional Commissioner,SYN/HUM/2023/1049,2023,Kerala High Court,Human Rights,Juvenile Justice Act,The court examined the alleged rights violation and issued directions to safeguard the affected party's constitutional protections.,"Synthetic - Illustrative (generated for dataset-scale demonstration, not a real citation)",Synthetic (Illustrative)
182,Deepak Verma v. Krishna Textiles,SYN/CON/2011/1050,2011,Madras High Court,Constitutional,Article 14,The court examined the constitutional validity of the impugned provision and clarified its scope in relation to fundamental rights.,"Synthetic - Illustrative (generated for dataset-scale demonstration, not a real citation)",Synthetic (Illustrative)
183,Pooja Iyer v. Krishna Textiles,SYN/CRI/2016/1051,2016,Bombay High Court,Criminal,Section 498A IPC,The court examined the evidence on record and clarified the applicable standard of proof for the charged offence.,"Synthetic - Illustrative (generated for dataset-scale demonstration, not a real citation)",Synthetic (Illustrative)
184,Kavita Rao v. Union of India,SYN/CIV/2025/1052,2025,Punjab and Haryana High Court,Civil,"Section 9, CPC",The court clarified the applicable civil procedure and remedy available to the aggrieved party.,"Synthetic - Illustrative (generated for dataset-scale demonstration, not a real citation)",Synthetic (Illustrative)
185,Sunita Devi v. State Bank of India,SYN/FAM/2008/1053,2008,Delhi High Court,Family,Hindu Marriage Act,The court balanced the competing interests of the parties in a matrimonial/maintenance dispute and issued appropriate directions.,"Synthetic - Illustrative (generated for dataset-scale demonstration, not a real citation)",Synthetic (Illustrative)
186,Suresh Patel v. Ganesh Traders (2),SYN/LAB/2019/1054,2019,Madras High Court,Labour,"Section 25F, ID Act",The court clarified the rights and obligations of the employer and workman under the applicable labour statute.,"Synthetic - Illustrative (generated for dataset-scale demonstration, not a real citation)",Synthetic (Illustrative)
187,Ramesh Kumar v. Registrar of Companies,SYN/COM/2019/1055,2019,Punjab and Haryana High Court,Commercial,"Companies Act, 2013",The court interpreted the contractual/arbitration clause and clarified the parties' rights under commercial law.,"Synthetic - Illustrative (generated for dataset-scale demonstration, not a real citation)",Synthetic (Illustrative)
188,State of Karnataka v. Employees State Insurance Corp.,SYN/CYB/2022/1056,2022,Odisha High Court,Cyber,"Section 66C, IT Act",The court examined the scope of liability under the IT Act for the alleged online offence/conduct.,"Synthetic - Illustrative (generated for dataset-scale demonstration, not a real citation)",Synthetic (Illustrative)
189,Sanjay Mehta v. Ganesh Traders,SYN/TAX/2005/1057,2005,Delhi High Court,Taxation,"Section 143(3), Income Tax Act",The court clarified the applicable tax provision and the assessee's liability under the relevant assessment.,"Synthetic - Illustrative (generated for dataset-scale demonstration, not a real citation)",Synthetic (Illustrative)
190,Lakshmi Narayanan v. Income Tax Officer,SYN/ADM/2010/1058,2010,Sessions Court,Administrative,Article 226,The court examined the administrative action for compliance with principles of natural justice and statutory procedure.,"Synthetic - Illustrative (generated for dataset-scale demonstration, not a real citation)",Synthetic (Illustrative)
191,Deepak Verma v. PQR Industries Ltd.,SYN/HUM/2017/1059,2017,Gujarat High Court,Human Rights,Article 21,The court examined the alleged rights violation and issued directions to safeguard the affected party's constitutional protections.,"Synthetic - Illustrative (generated for dataset-scale demonstration, not a real citation)",Synthetic (Illustrative)
192,Sunita Devi v. State of Rajasthan,SYN/CON/2017/1060,2017,Karnataka High Court,Constitutional,Article 21,The court examined the constitutional validity of the impugned provision and clarified its scope in relation to fundamental rights.,"Synthetic - Illustrative (generated for dataset-scale demonstration, not a real citation)",Synthetic (Illustrative)
193,Kavita Rao v. Bank of Baroda,SYN/CRI/2018/1061,2018,Sessions Court,Criminal,Section 41A CrPC,The court examined the evidence on record and clarified the applicable standard of proof for the charged offence.,"Synthetic - Illustrative (generated for dataset-scale demonstration, not a real citation)",Synthetic (Illustrative)
194,Ashok Kumar v. Rekha Singh,SYN/CIV/2009/1062,2009,Patna High Court,Civil,Specific Relief Act,The court clarified the applicable civil procedure and remedy available to the aggrieved party.,"Synthetic - Illustrative (generated for dataset-scale demonstration, not a real citation)",Synthetic (Illustrative)
195,Suresh Patel v. Union of India,SYN/FAM/2023/1063,2023,Calcutta High Court,Family,Domestic Violence Act,The court balanced the competing interests of the parties in a matrimonial/maintenance dispute and issued appropriate directions.,"Synthetic - Illustrative (generated for dataset-scale demonstration, not a real citation)",Synthetic (Illustrative)
196,Global Traders Pvt. Ltd. v. State Bank of India,SYN/LAB/2006/1064,2006,Delhi High Court,Labour,Industrial Disputes Act,The court clarified the rights and obligations of the employer and workman under the applicable labour statute.,"Synthetic - Illustrative (generated for dataset-scale demonstration, not a real citation)",Synthetic (Illustrative)
197,Deepak Verma v. National Highway Authority,SYN/COM/2021/1065,2021,Rajasthan High Court,Commercial,"Companies Act, 2013",The court interpreted the contractual/arbitration clause and clarified the parties' rights under commercial law.,"Synthetic - Illustrative (generated for dataset-scale demonstration, not a real citation)",Synthetic (Illustrative)
198,XYZ Industries Ltd. v. Ravi Shankar,SYN/CYB/2010/1066,2010,Delhi High Court,Cyber,"Section 66C, IT Act",The court examined the scope of liability under the IT Act for the alleged online offence/conduct.,"Synthetic - Illustrative (generated for dataset-scale demonstration, not a real citation)",Synthetic (Illustrative)
199,State of Karnataka v. Income Tax Officer,SYN/TAX/2017/1067,2017,Rajasthan High Court,Taxation,"Section 143(3), Income Tax Act",The court clarified the applicable tax provision and the assessee's liability under the relevant assessment.,"Synthetic - Illustrative (generated for dataset-scale demonstration, not a real citation)",Synthetic (Illustrative)
200,Arjun Reddy v. Income Tax Officer,SYN/ADM/2023/1068,2023,Sessions Court,Administrative,Service Rules,The court examined the administrative action for compliance with principles of natural justice and statutory procedure.,"Synthetic - Illustrative (generated for dataset-scale demonstration, not a real citation)",Synthetic (Illustrative)
201,National Insurance Co. Ltd. v. Ravi Shankar,SYN/HUM/2018/1069,2018,Delhi High Court,Human Rights,SC/ST (Prevention of Atrocities) Act,The court examined the alleged rights violation and issued directions to safeguard the affected party's constitutional protections.,"Synthetic - Illustrative (generated for dataset-scale demonstration, not a real citation)",Synthetic (Illustrative)
202,XYZ Industries Ltd. v. State Bank of India,SYN/CON/2013/1070,2013,Rajasthan High Court,Constitutional,Article 19,The court examined the constitutional validity of the impugned provision and clarified its scope in relation to fundamental rights.,"Synthetic - Illustrative (generated for dataset-scale demonstration, not a real citation)",Synthetic (Illustrative)
203,Ashok Kumar v. State Bank of India,SYN/CRI/2012/1071,2012,Patna High Court,Criminal,Section 420 IPC,The court examined the evidence on record and clarified the applicable standard of proof for the charged offence.,"Synthetic - Illustrative (generated for dataset-scale demonstration, not a real citation)",Synthetic (Illustrative)
204,Union of India v. Bank of Baroda,SYN/CIV/2019/1072,2019,Punjab and Haryana High Court,Civil,Transfer of Property Act,The court clarified the applicable civil procedure and remedy available to the aggrieved party.,"Synthetic - Illustrative (generated for dataset-scale demonstration, not a real citation)",Synthetic (Illustrative)
205,Lakshmi Narayanan v. Ravi Shankar,SYN/FAM/2005/1073,2005,Sessions Court,Family,"Section 13B, HMA",The court balanced the competing interests of the parties in a matrimonial/maintenance dispute and issued appropriate directions.,"Synthetic - Illustrative (generated for dataset-scale demonstration, not a real citation)",Synthetic (Illustrative)
206,Arjun Reddy v. Neha Joshi,SYN/LAB/2007/1074,2007,Rajasthan High Court,Labour,Factories Act,The court clarified the rights and obligations of the employer and workman under the applicable labour statute.,"Synthetic - Illustrative (generated for dataset-scale demonstration, not a real citation)",Synthetic (Illustrative)
207,XYZ Industries Ltd. v. Registrar of Companies,SYN/COM/2009/1075,2009,Madras High Court,Commercial,Insolvency and Bankruptcy Code,The court interpreted the contractual/arbitration clause and clarified the parties' rights under commercial law.,"Synthetic - Illustrative (generated for dataset-scale demonstration, not a real citation)",Synthetic (Illustrative)
208,State of Karnataka v. Income Tax Officer,SYN/CYB/2016/1076,2016,Sessions Court,Cyber,"Section 43, IT Act",The court examined the scope of liability under the IT Act for the alleged online offence/conduct.,"Synthetic - Illustrative (generated for dataset-scale demonstration, not a real citation)",Synthetic (Illustrative)
209,Kavita Rao v. Ganesh Traders,SYN/TAX/2014/1077,2014,Karnataka High Court,Taxation,"Section 271, Income Tax Act",The court clarified the applicable tax provision and the assessee's liability under the relevant assessment.,"Synthetic - Illustrative (generated for dataset-scale demonstration, not a real citation)",Synthetic (Illustrative)
210,Sanjay Mehta v. National Highway Authority,SYN/ADM/2005/1078,2005,Madhya Pradesh High Court,Administrative,Service Rules,The court examined the administrative action for compliance with principles of natural justice and statutory procedure.,"Synthetic - Illustrative (generated for dataset-scale demonstration, not a real citation)",Synthetic (Illustrative)
211,Pooja Iyer v. Neha Joshi,SYN/HUM/2009/1079,2009,Calcutta High Court,Human Rights,Article 14,The court examined the alleged rights violation and issued directions to safeguard the affected party's constitutional protections.,"Synthetic - Illustrative (generated for dataset-scale demonstration, not a real citation)",Synthetic (Illustrative)
212,State of Tamil Nadu v. Ganesh Traders,SYN/CON/2009/1080,2009,Bombay High Court,Constitutional,Article 21,The court examined the constitutional validity of the impugned provision and clarified its scope in relation to fundamental rights.,"Synthetic - Illustrative (generated for dataset-scale demonstration, not a real citation)",Synthetic (Illustrative)
213,National Insurance Co. Ltd. v. PQR Industries Ltd.,SYN/CRI/2015/1081,2015,Calcutta High Court,Criminal,Section 376 IPC,The court examined the evidence on record and clarified the applicable standard of proof for the charged offence.,"Synthetic - Illustrative (generated for dataset-scale demonstration, not a real citation)",Synthetic (Illustrative)
214,Sanjay Mehta v. Registrar of Companies,SYN/CIV/2021/1082,2021,Patna High Court,Civil,Article 21,The court clarified the applicable civil procedure and remedy available to the aggrieved party.,"Synthetic - Illustrative (generated for dataset-scale demonstration, not a real citation)",Synthetic (Illustrative)
215,State of U.P. v. Ravi Shankar,SYN/FAM/2025/1083,2025,Calcutta High Court,Family,"Section 13B, HMA",The court balanced the competing interests of the parties in a matrimonial/maintenance dispute and issued appropriate directions.,"Synthetic - Illustrative (generated for dataset-scale demonstration, not a real citation)",Synthetic (Illustrative)
216,Mohan Lal v. Union of India,SYN/LAB/2005/1084,2005,Odisha High Court,Labour,Payment of Wages Act,The court clarified the rights and obligations of the employer and workman under the applicable labour statute.,"Synthetic - Illustrative (generated for dataset-scale demonstration, not a real citation)",Synthetic (Illustrative)
217,Union of India v. Registrar of Companies,SYN/COM/2010/1085,2010,Madhya Pradesh High Court,Commercial,Sale of Goods Act,The court interpreted the contractual/arbitration clause and clarified the parties' rights under commercial law.,"Synthetic - Illustrative (generated for dataset-scale demonstration, not a real citation)",Synthetic (Illustrative)
218,Ashok Kumar v. Krishna Textiles,SYN/CYB/2022/1086,2022,Kerala High Court,Cyber,"Section 66C, IT Act",The court examined the scope of liability under the IT Act for the alleged online offence/conduct.,"Synthetic - Illustrative (generated for dataset-scale demonstration, not a real citation)",Synthetic (Illustrative)
219,State of Karnataka v. Delhi Development Authority,SYN/TAX/2022/1087,2022,Bombay High Court,Taxation,"Section 143(3), Income Tax Act",The court clarified the applicable tax provision and the assessee's liability under the relevant assessment.,"Synthetic - Illustrative (generated for dataset-scale demonstration, not a real citation)",Synthetic (Illustrative)
220,Rajesh Gupta v. Divisional Commissioner,SYN/ADM/2022/1088,2022,Odisha High Court,Administrative,Right to Information Act,The court examined the administrative action for compliance with principles of natural justice and statutory procedure.,"Synthetic - Illustrative (generated for dataset-scale demonstration, not a real citation)",Synthetic (Illustrative)
221,Union of India v. Union of India,SYN/HUM/2014/1089,2014,Punjab and Haryana High Court,Human Rights,Article 14,The court examined the alleged rights violation and issued directions to safeguard the affected party's constitutional protections.,"Synthetic - Illustrative (generated for dataset-scale demonstration, not a real citation)",Synthetic (Illustrative)
222,State of U.P. v. Sudha Rani,SYN/CON/2011/1090,2011,Sessions Court,Constitutional,Article 19,The court examined the constitutional validity of the impugned provision and clarified its scope in relation to fundamental rights.,"Synthetic - Illustrative (generated for dataset-scale demonstration, not a real citation)",Synthetic (Illustrative)
223,State of Tamil Nadu v. Sudha Rani,SYN/CRI/2022/1091,2022,Patna High Court,Criminal,Section 498A IPC,The court examined the evidence on record and clarified the applicable standard of proof for the charged offence.,"Synthetic - Illustrative (generated for dataset-scale demonstration, not a real citation)",Synthetic (Illustrative)
224,Global Traders Pvt. Ltd. v. Delhi Development Authority,SYN/CIV/2012/1092,2012,Rajasthan High Court,Civil,Specific Relief Act,The court clarified the applicable civil procedure and remedy available to the aggrieved party.,"Synthetic - Illustrative (generated for dataset-scale demonstration, not a real citation)",Synthetic (Illustrative)
225,Ramesh Kumar v. Krishna Textiles,SYN/FAM/2005/1093,2005,Madhya Pradesh High Court,Family,Hindu Marriage Act,The court balanced the competing interests of the parties in a matrimonial/maintenance dispute and issued appropriate directions.,"Synthetic - Illustrative (generated for dataset-scale demonstration, not a real citation)",Synthetic (Illustrative)
226,Priya Nair v. Krishna Textiles,SYN/LAB/2012/1094,2012,Telangana High Court,Labour,Payment of Wages Act,The court clarified the rights and obligations of the employer and workman under the applicable labour statute.,"Synthetic - Illustrative (generated for dataset-scale demonstration, not a real citation)",Synthetic (Illustrative)
227,Ashok Kumar v. Neha Joshi,SYN/COM/2017/1095,2017,Karnataka High Court,Commercial,Arbitration and Conciliation Act,The court interpreted the contractual/arbitration clause and clarified the parties' rights under commercial law.,"Synthetic - Illustrative (generated for dataset-scale demonstration, not a real citation)",Synthetic (Illustrative)
228,Deepak Verma v. Income Tax Officer,SYN/CYB/2011/1096,2011,Odisha High Court,Cyber,"Section 79, IT Act",The court examined the scope of liability under the IT Act for the alleged online offence/conduct.,"Synthetic - Illustrative (generated for dataset-scale demonstration, not a real citation)",Synthetic (Illustrative)
229,Vikram Singh v. Income Tax Officer (2),SYN/TAX/2012/1097,2012,Allahabad High Court,Taxation,"Section 143(3), Income Tax Act",The court clarified the applicable tax provision and the assessee's liability under the relevant assessment.,"Synthetic - Illustrative (generated for dataset-scale demonstration, not a real citation)",Synthetic (Illustrative)
230,Suresh Patel v. Vinod Kumar,SYN/ADM/2015/1098,2015,Patna High Court,Administrative,Administrative Tribunals Act,The court examined the administrative action for compliance with principles of natural justice and statutory procedure.,"Synthetic - Illustrative (generated for dataset-scale demonstration, not a real citation)",Synthetic (Illustrative)
231,State of Karnataka v. Registrar of Companies,SYN/HUM/2016/1099,2016,Odisha High Court,Human Rights,SC/ST (Prevention of Atrocities) Act,The court examined the alleged rights violation and issued directions to safeguard the affected party's constitutional protections.,"Synthetic - Illustrative (generated for dataset-scale demonstration, not a real citation)",Synthetic (Illustrative)
232,Pooja Iyer v. Ganesh Traders,SYN/CON/2015/1100,2015,Punjab and Haryana High Court,Constitutional,Article 14,The court examined the constitutional validity of the impugned provision and clarified its scope in relation to fundamental rights.,"Synthetic - Illustrative (generated for dataset-scale demonstration, not a real citation)",Synthetic (Illustrative)
233,Mohan Lal v. Municipal Corporation,SYN/CRI/2023/1101,2023,Bombay High Court,Criminal,Section 420 IPC,The court examined the evidence on record and clarified the applicable standard of proof for the charged offence.,"Synthetic - Illustrative (generated for dataset-scale demonstration, not a real citation)",Synthetic (Illustrative)
234,State of Tamil Nadu v. Reserve Bank of India,SYN/CIV/2018/1102,2018,Delhi High Court,Civil,Transfer of Property Act,The court clarified the applicable civil procedure and remedy available to the aggrieved party.,"Synthetic - Illustrative (generated for dataset-scale demonstration, not a real citation)",Synthetic (Illustrative)
235,Priya Nair v. Krishna Textiles,SYN/FAM/2024/1103,2024,Telangana High Court,Family,Domestic Violence Act,The court balanced the competing interests of the parties in a matrimonial/maintenance dispute and issued appropriate directions.,"Synthetic - Illustrative (generated for dataset-scale demonstration, not a real citation)",Synthetic (Illustrative)
236,Sunita Devi v. Divisional Commissioner,SYN/LAB/2011/1104,2011,Bombay High Court,Labour,Payment of Wages Act,The court clarified the rights and obligations of the employer and workman under the applicable labour statute.,"Synthetic - Illustrative (generated for dataset-scale demonstration, not a real citation)",Synthetic (Illustrative)
237,Ashok Kumar v. Krishna Textiles,SYN/COM/2005/1105,2005,Delhi High Court,Commercial,"Section 138, NI Act",The court interpreted the contractual/arbitration clause and clarified the parties' rights under commercial law.,"Synthetic - Illustrative (generated for dataset-scale demonstration, not a real citation)",Synthetic (Illustrative)
238,Meena Kumari v. PQR Industries Ltd.,SYN/CYB/2016/1106,2016,Sessions Court,Cyber,"Section 79, IT Act",The court examined the scope of liability under the IT Act for the alleged online offence/conduct.,"Synthetic - Illustrative (generated for dataset-scale demonstration, not a real citation)",Synthetic (Illustrative)
239,Pooja Iyer v. State Bank of India,SYN/TAX/2024/1107,2024,Bombay High Court,Taxation,"GST Act, Section 74",The court clarified the applicable tax provision and the assessee's liability under the relevant assessment.,"Synthetic - Illustrative (generated for dataset-scale demonstration, not a real citation)",Synthetic (Illustrative)
240,State of Tamil Nadu v. Bank of Baroda,SYN/ADM/2021/1108,2021,Patna High Court,Administrative,Administrative Tribunals Act,The court examined the administrative action for compliance with principles of natural justice and statutory procedure.,"Synthetic - Illustrative (generated for dataset-scale demonstration, not a real citation)",Synthetic (Illustrative)
241,ABC Enterprises Pvt. Ltd. v. State Bank of India,SYN/HUM/2017/1109,2017,Patna High Court,Human Rights,Article 14,The court examined the alleged rights violation and issued directions to safeguard the affected party's constitutional protections.,"Synthetic - Illustrative (generated for dataset-scale demonstration, not a real citation)",Synthetic (Illustrative)
242,Union of India v. PQR Industries Ltd.,SYN/CON/2018/1110,2018,Kerala High Court,Constitutional,Article 32,The court examined the constitutional validity of the impugned provision and clarified its scope in relation to fundamental rights.,"Synthetic - Illustrative (generated for dataset-scale demonstration, not a real citation)",Synthetic (Illustrative)
243,Global Traders Pvt. Ltd. v. Municipal Corporation,SYN/CRI/2024/1111,2024,Patna High Court,Criminal,Section 41A CrPC,The court examined the evidence on record and clarified the applicable standard of proof for the charged offence.,"Synthetic - Illustrative (generated for dataset-scale demonstration, not a real citation)",Synthetic (Illustrative)
244,Sunita Devi v. Ganesh Traders,SYN/CIV/2005/1112,2005,Calcutta High Court,Civil,Transfer of Property Act,The court clarified the applicable civil procedure and remedy available to the aggrieved party.,"Synthetic - Illustrative (generated for dataset-scale demonstration, not a real citation)",Synthetic (Illustrative)
245,Suresh Patel v. Krishna Textiles,SYN/FAM/2023/1113,2023,Calcutta High Court,Family,Domestic Violence Act,The court balanced the competing interests of the parties in a matrimonial/maintenance dispute and issued appropriate directions.,"Synthetic - Illustrative (generated for dataset-scale demonstration, not a real citation)",Synthetic (Illustrative)
246,Priya Nair v. Employees State Insurance Corp.,SYN/LAB/2019/1114,2019,Patna High Court,Labour,Employees' Compensation Act,The court clarified the rights and obligations of the employer and workman under the applicable labour statute.,"Synthetic - Illustrative (generated for dataset-scale demonstration, not a real citation)",Synthetic (Illustrative)
247,Suresh Patel v. National Highway Authority,SYN/COM/2020/1115,2020,Patna High Court,Commercial,"Companies Act, 2013",The court interpreted the contractual/arbitration clause and clarified the parties' rights under commercial law.,"Synthetic - Illustrative (generated for dataset-scale demonstration, not a real citation)",Synthetic (Illustrative)
248,State of Karnataka v. Bank of Baroda,SYN/CYB/2021/1116,2021,Patna High Court,Cyber,"IT Rules, 2021",The court examined the scope of liability under the IT Act for the alleged online offence/conduct.,"Synthetic - Illustrative (generated for dataset-scale demonstration, not a real citation)",Synthetic (Illustrative)
249,State of Karnataka v. Income Tax Officer (2),SYN/TAX/2014/1117,2014,Allahabad High Court,Taxation,"Section 40A, Income Tax Act",The court clarified the applicable tax provision and the assessee's liability under the relevant assessment.,"Synthetic - Illustrative (generated for dataset-scale demonstration, not a real citation)",Synthetic (Illustrative)
250,Suresh Patel v. Delhi Development Authority,SYN/ADM/2005/1118,2005,Madhya Pradesh High Court,Administrative,Article 311,The court examined the administrative action for compliance with principles of natural justice and statutory procedure.,"Synthetic - Illustrative (generated for dataset-scale demonstration, not a real citation)",Synthetic (Illustrative)
251,Deepak Verma v. Reserve Bank of India,SYN/HUM/2007/1119,2007,Madras High Court,Human Rights,Juvenile Justice Act,The court examined the alleged rights violation and issued directions to safeguard the affected party's constitutional protections.,"Synthetic - Illustrative (generated for dataset-scale demonstration, not a real citation)",Synthetic (Illustrative)
252,Sanjay Mehta v. Divisional Commissioner,SYN/CON/2011/1120,2011,Punjab and Haryana High Court,Constitutional,Article 32,The court examined the constitutional validity of the impugned provision and clarified its scope in relation to fundamental rights.,"Synthetic - Illustrative (generated for dataset-scale demonstration, not a real citation)",Synthetic (Illustrative)
253,Sunita Devi v. Income Tax Officer,SYN/CRI/2009/1121,2009,Gujarat High Court,Criminal,Section 302 IPC,The court examined the evidence on record and clarified the applicable standard of proof for the charged offence.,"Synthetic - Illustrative (generated for dataset-scale demonstration, not a real citation)",Synthetic (Illustrative)
254,Lakshmi Narayanan v. Neha Joshi,SYN/CIV/2018/1122,2018,Sessions Court,Civil,Specific Relief Act,The court clarified the applicable civil procedure and remedy available to the aggrieved party.,"Synthetic - Illustrative (generated for dataset-scale demonstration, not a real citation)",Synthetic (Illustrative)
255,Ashok Kumar v. National Highway Authority,SYN/FAM/2019/1123,2019,Karnataka High Court,Family,Section 125 CrPC,The court balanced the competing interests of the parties in a matrimonial/maintenance dispute and issued appropriate directions.,"Synthetic - Illustrative (generated for dataset-scale demonstration, not a real citation)",Synthetic (Illustrative)
256,Anita Sharma v. Neha Joshi,SYN/LAB/2019/1124,2019,Kerala High Court,Labour,"Section 25F, ID Act",The court clarified the rights and obligations of the employer and workman under the applicable labour statute.,"Synthetic - Illustrative (generated for dataset-scale demonstration, not a real citation)",Synthetic (Illustrative)
257,Kavita Rao v. National Highway Authority,SYN/COM/2022/1125,2022,Madhya Pradesh High Court,Commercial,"Section 138, NI Act",The court interpreted the contractual/arbitration clause and clarified the parties' rights under commercial law.,"Synthetic - Illustrative (generated for dataset-scale demonstration, not a real citation)",Synthetic (Illustrative)
258,Lakshmi Narayanan v. Employees State Insurance Corp.,SYN/CYB/2024/1126,2024,Allahabad High Court,Cyber,"IT Rules, 2021",The court examined the scope of liability under the IT Act for the alleged online offence/conduct.,"Synthetic - Illustrative (generated for dataset-scale demonstration, not a real citation)",Synthetic (Illustrative)
259,Meena Kumari v. Employees State Insurance Corp.,SYN/TAX/2010/1127,2010,Punjab and Haryana High Court,Taxation,Customs Act,The court clarified the applicable tax provision and the assessee's liability under the relevant assessment.,"Synthetic - Illustrative (generated for dataset-scale demonstration, not a real citation)",Synthetic (Illustrative)
260,Mohan Lal v. Income Tax Officer,SYN/ADM/2025/1128,2025,Gujarat High Court,Administrative,Administrative Tribunals Act,The court examined the administrative action for compliance with principles of natural justice and statutory procedure.,"Synthetic - Illustrative (generated for dataset-scale demonstration, not a real citation)",Synthetic (Illustrative)
261,Lakshmi Narayanan v. National Highway Authority,SYN/HUM/2020/1129,2020,Madhya Pradesh High Court,Human Rights,Protection of Human Rights Act,The court examined the alleged rights violation and issued directions to safeguard the affected party's constitutional protections.,"Synthetic - Illustrative (generated for dataset-scale demonstration, not a real citation)",Synthetic (Illustrative)
262,Kavita Rao v. Ravi Shankar,SYN/CON/2014/1130,2014,Calcutta High Court,Constitutional,Article 19,The court examined the constitutional validity of the impugned provision and clarified its scope in relation to fundamental rights.,"Synthetic - Illustrative (generated for dataset-scale demonstration, not a real citation)",Synthetic (Illustrative)
263,Priya Nair v. State Bank of India,SYN/CRI/2022/1131,2022,Calcutta High Court,Criminal,Section 302 IPC,The court examined the evidence on record and clarified the applicable standard of proof for the charged offence.,"Synthetic - Illustrative (generated for dataset-scale demonstration, not a real citation)",Synthetic (Illustrative)
264,Union of India v. Income Tax Officer,SYN/CIV/2017/1132,2017,Karnataka High Court,Civil,Specific Relief Act,The court clarified the applicable civil procedure and remedy available to the aggrieved party.,"Synthetic - Illustrative (generated for dataset-scale demonstration, not a real citation)",Synthetic (Illustrative)
265,Suresh Patel v. Ravi Shankar,SYN/FAM/2018/1133,2018,Telangana High Court,Family,"Section 13B, HMA",The court balanced the competing interests of the parties in a matrimonial/maintenance dispute and issued appropriate directions.,"Synthetic - Illustrative (generated for dataset-scale demonstration, not a real citation)",Synthetic (Illustrative)
266,Meena Kumari v. Employees State Insurance Corp.,SYN/LAB/2018/1134,2018,Allahabad High Court,Labour,Industrial Disputes Act,The court clarified the rights and obligations of the employer and workman under the applicable labour statute.,"Synthetic - Illustrative (generated for dataset-scale demonstration, not a real citation)",Synthetic (Illustrative)
267,ABC Enterprises Pvt. Ltd. v. Vinod Kumar,SYN/COM/2023/1135,2023,Madras High Court,Commercial,Arbitration and Conciliation Act,The court interpreted the contractual/arbitration clause and clarified the parties' rights under commercial law.,"Synthetic - Illustrative (generated for dataset-scale demonstration, not a real citation)",Synthetic (Illustrative)
268,Lakshmi Narayanan v. Divisional Commissioner,SYN/CYB/2017/1136,2017,Odisha High Court,Cyber,"Section 79, IT Act",The court examined the scope of liability under the IT Act for the alleged online offence/conduct.,"Synthetic - Illustrative (generated for dataset-scale demonstration, not a real citation)",Synthetic (Illustrative)
269,Rajesh Gupta v. Bank of Baroda,SYN/TAX/2017/1137,2017,Delhi High Court,Taxation,Customs Act,The court clarified the applicable tax provision and the assessee's liability under the relevant assessment.,"Synthetic - Illustrative (generated for dataset-scale demonstration, not a real citation)",Synthetic (Illustrative)
270,Global Traders Pvt. Ltd. v. Ganesh Traders,SYN/ADM/2024/1138,2024,Kerala High Court,Administrative,Right to Information Act,The court examined the administrative action for compliance with principles of natural justice and statutory procedure.,"Synthetic - Illustrative (generated for dataset-scale demonstration, not a real citation)",Synthetic (Illustrative)
271,Anita Sharma v. Registrar of Companies,SYN/HUM/2018/1139,2018,Gujarat High Court,Human Rights,Juvenile Justice Act,The court examined the alleged rights violation and issued directions to safeguard the affected party's constitutional protections.,"Synthetic - Illustrative (generated for dataset-scale demonstration, not a real citation)",Synthetic (Illustrative)
272,Sunita Devi v. State Bank of India,SYN/CON/2017/1140,2017,Delhi High Court,Constitutional,Article 19,The court examined the constitutional validity of the impugned provision and clarified its scope in relation to fundamental rights.,"Synthetic - Illustrative (generated for dataset-scale demonstration, not a real citation)",Synthetic (Illustrative)
273,Kavita Rao v. Delhi Development Authority,SYN/CRI/2024/1141,2024,Odisha High Court,Criminal,Section 41A CrPC,The court examined the evidence on record and clarified the applicable standard of proof for the charged offence.,"Synthetic - Illustrative (generated for dataset-scale demonstration, not a real citation)",Synthetic (Illustrative)
274,Sunita Devi v. Divisional Commissioner,SYN/CIV/2023/1142,2023,Delhi High Court,Civil,"Section 9, CPC",The court clarified the applicable civil procedure and remedy available to the aggrieved party.,"Synthetic - Illustrative (generated for dataset-scale demonstration, not a real citation)",Synthetic (Illustrative)
275,Sanjay Mehta v. Krishna Textiles,SYN/FAM/2009/1143,2009,Bombay High Court,Family,"Section 13B, HMA",The court balanced the competing interests of the parties in a matrimonial/maintenance dispute and issued appropriate directions.,"Synthetic - Illustrative (generated for dataset-scale demonstration, not a real citation)",Synthetic (Illustrative)
276,State of U.P. v. Registrar of Companies,SYN/LAB/2017/1144,2017,Karnataka High Court,Labour,Payment of Wages Act,The court clarified the rights and obligations of the employer and workman under the applicable labour statute.,"Synthetic - Illustrative (generated for dataset-scale demonstration, not a real citation)",Synthetic (Illustrative)
277,Kavita Rao v. State Bank of India,SYN/COM/2015/1145,2015,Madras High Court,Commercial,Sale of Goods Act,The court interpreted the contractual/arbitration clause and clarified the parties' rights under commercial law.,"Synthetic - Illustrative (generated for dataset-scale demonstration, not a real citation)",Synthetic (Illustrative)
278,Lakshmi Narayanan v. Krishna Textiles,SYN/CYB/2013/1146,2013,Calcutta High Court,Cyber,"Section 66C, IT Act",The court examined the scope of liability under the IT Act for the alleged online offence/conduct.,"Synthetic - Illustrative (generated for dataset-scale demonstration, not a real citation)",Synthetic (Illustrative)
279,State of Maharashtra v. Ganesh Traders,SYN/TAX/2006/1147,2006,Gujarat High Court,Taxation,"GST Act, Section 74",The court clarified the applicable tax provision and the assessee's liability under the relevant assessment.,"Synthetic - Illustrative (generated for dataset-scale demonstration, not a real citation)",Synthetic (Illustrative)
280,Sanjay Mehta v. Ravi Shankar,SYN/ADM/2025/1148,2025,Madras High Court,Administrative,Article 311,The court examined the administrative action for compliance with principles of natural justice and statutory procedure.,"Synthetic - Illustrative (generated for dataset-scale demonstration, not a real citation)",Synthetic (Illustrative)
281,State of Maharashtra v. Income Tax Officer,SYN/HUM/2011/1149,2011,Madhya Pradesh High Court,Human Rights,Article 21,The court examined the alleged rights violation and issued directions to safeguard the affected party's constitutional protections.,"Synthetic - Illustrative (generated for dataset-scale demonstration, not a real citation)",Synthetic (Illustrative)
282,Union of India v. Income Tax Officer,SYN/CON/2009/1150,2009,Rajasthan High Court,Constitutional,Article 32,The court examined the constitutional validity of the impugned provision and clarified its scope in relation to fundamental rights.,"Synthetic - Illustrative (generated for dataset-scale demonstration, not a real citation)",Synthetic (Illustrative)
283,State of Tamil Nadu v. Divisional Commissioner,SYN/CRI/2011/1151,2011,Patna High Court,Criminal,Section 498A IPC,The court examined the evidence on record and clarified the applicable standard of proof for the charged offence.,"Synthetic - Illustrative (generated for dataset-scale demonstration, not a real citation)",Synthetic (Illustrative)
284,Mohan Lal v. Sudha Rani,SYN/CIV/2010/1152,2010,Telangana High Court,Civil,Limitation Act,The court clarified the applicable civil procedure and remedy available to the aggrieved party.,"Synthetic - Illustrative (generated for dataset-scale demonstration, not a real citation)",Synthetic (Illustrative)
285,Global Traders Pvt. Ltd. v. Neha Joshi,SYN/FAM/2010/1153,2010,Rajasthan High Court,Family,Guardians and Wards Act,The court balanced the competing interests of the parties in a matrimonial/maintenance dispute and issued appropriate directions.,"Synthetic - Illustrative (generated for dataset-scale demonstration, not a real citation)",Synthetic (Illustrative)
286,Arjun Reddy v. State of Rajasthan,SYN/LAB/2014/1154,2014,Bombay High Court,Labour,Factories Act,The court clarified the rights and obligations of the employer and workman under the applicable labour statute.,"Synthetic - Illustrative (generated for dataset-scale demonstration, not a real citation)",Synthetic (Illustrative)
287,Sunita Devi v. Vinod Kumar,SYN/COM/2011/1155,2011,Patna High Court,Commercial,Arbitration and Conciliation Act,The court interpreted the contractual/arbitration clause and clarified the parties' rights under commercial law.,"Synthetic - Illustrative (generated for dataset-scale demonstration, not a real citation)",Synthetic (Illustrative)
288,Ashok Kumar v. Income Tax Officer,SYN/CYB/2008/1156,2008,Rajasthan High Court,Cyber,"Section 43, IT Act",The court examined the scope of liability under the IT Act for the alleged online offence/conduct.,"Synthetic - Illustrative (generated for dataset-scale demonstration, not a real citation)",Synthetic (Illustrative)
289,Pooja Iyer v. Reserve Bank of India,SYN/TAX/2008/1157,2008,Odisha High Court,Taxation,"Section 271, Income Tax Act",The court clarified the applicable tax provision and the assessee's liability under the relevant assessment.,"Synthetic - Illustrative (generated for dataset-scale demonstration, not a real citation)",Synthetic (Illustrative)
290,State of U.P. v. Sudha Rani,SYN/ADM/2022/1158,2022,Madhya Pradesh High Court,Administrative,Article 226,The court examined the administrative action for compliance with principles of natural justice and statutory procedure.,"Synthetic - Illustrative (generated for dataset-scale demonstration, not a real citation)",Synthetic (Illustrative)
291,Rajesh Gupta v. Ravi Shankar,SYN/HUM/2021/1159,2021,Patna High Court,Human Rights,Article 14,The court examined the alleged rights violation and issued directions to safeguard the affected party's constitutional protections.,"Synthetic - Illustrative (generated for dataset-scale demonstration, not a real citation)",Synthetic (Illustrative)
292,ABC Enterprises Pvt. Ltd. v. Rekha Singh,SYN/CON/2008/1160,2008,Delhi High Court,Constitutional,Article 32,The court examined the constitutional validity of the impugned provision and clarified its scope in relation to fundamental rights.,"Synthetic - Illustrative (generated for dataset-scale demonstration, not a real citation)",Synthetic (Illustrative)
293,Sanjay Mehta v. Employees State Insurance Corp.,SYN/CRI/2009/1161,2009,Allahabad High Court,Criminal,Section 498A IPC,The court examined the evidence on record and clarified the applicable standard of proof for the charged offence.,"Synthetic - Illustrative (generated for dataset-scale demonstration, not a real citation)",Synthetic (Illustrative)
294,Global Traders Pvt. Ltd. v. National Highway Authority,SYN/CIV/2025/1162,2025,Karnataka High Court,Civil,Transfer of Property Act,The court clarified the applicable civil procedure and remedy available to the aggrieved party.,"Synthetic - Illustrative (generated for dataset-scale demonstration, not a real citation)",Synthetic (Illustrative)
295,Meena Kumari v. Rekha Singh,SYN/FAM/2019/1163,2019,Rajasthan High Court,Family,"Section 13B, HMA",The court balanced the competing interests of the parties in a matrimonial/maintenance dispute and issued appropriate directions.,"Synthetic - Illustrative (generated for dataset-scale demonstration, not a real citation)",Synthetic (Illustrative)
296,Global Traders Pvt. Ltd. v. Divisional Commissioner,SYN/LAB/2013/1164,2013,Odisha High Court,Labour,Payment of Wages Act,The court clarified the rights and obligations of the employer and workman under the applicable labour statute.,"Synthetic - Illustrative (generated for dataset-scale demonstration, not a real citation)",Synthetic (Illustrative)
297,Anita Sharma v. Ravi Shankar,SYN/COM/2013/1165,2013,Odisha High Court,Commercial,Sale of Goods Act,The court interpreted the contractual/arbitration clause and clarified the parties' rights under commercial law.,"Synthetic - Illustrative (generated for dataset-scale demonstration, not a real citation)",Synthetic (Illustrative)
298,Lakshmi Narayanan v. Employees State Insurance Corp. (2),SYN/CYB/2023/1166,2023,Madras High Court,Cyber,"IT Rules, 2021",The court examined the scope of liability under the IT Act for the alleged online offence/conduct.,"Synthetic - Illustrative (generated for dataset-scale demonstration, not a real citation)",Synthetic (Illustrative)
299,Sunita Devi v. State Bank of India,SYN/TAX/2005/1167,2005,Patna High Court,Taxation,Customs Act,The court clarified the applicable tax provision and the assessee's liability under the relevant assessment.,"Synthetic - Illustrative (generated for dataset-scale demonstration, not a real citation)",Synthetic (Illustrative)
300,Priya Nair v. Municipal Corporation,SYN/ADM/2020/1168,2020,Odisha High Court,Administrative,Right to Information Act,The court examined the administrative action for compliance with principles of natural justice and statutory procedure.,"Synthetic - Illustrative (generated for dataset-scale demonstration, not a real citation)",Synthetic (Illustrative)
301,Mohan Lal v. State Bank of India,SYN/HUM/2013/1169,2013,Allahabad High Court,Human Rights,SC/ST (Prevention of Atrocities) Act,The court examined the alleged rights violation and issued directions to safeguard the affected party's constitutional protections.,"Synthetic - Illustrative (generated for dataset-scale demonstration, not a real citation)",Synthetic (Illustrative)
302,Mohan Lal v. Ganesh Traders,SYN/CON/2005/1170,2005,Telangana High Court,Constitutional,Article 226,The court examined the constitutional validity of the impugned provision and clarified its scope in relation to fundamental rights.,"Synthetic - Illustrative (generated for dataset-scale demonstration, not a real citation)",Synthetic (Illustrative)
303,State of Karnataka v. Income Tax Officer,SYN/CRI/2018/1171,2018,Madras High Court,Criminal,Section 498A IPC,The court examined the evidence on record and clarified the applicable standard of proof for the charged offence.,"Synthetic - Illustrative (generated for dataset-scale demonstration, not a real citation)",Synthetic (Illustrative)
304,Lakshmi Narayanan v. Income Tax Officer,SYN/CIV/2020/1172,2020,Kerala High Court,Civil,Article 21,The court clarified the applicable civil procedure and remedy available to the aggrieved party.,"Synthetic - Illustrative (generated for dataset-scale demonstration, not a real citation)",Synthetic (Illustrative)
305,State of Maharashtra v. Ravi Shankar,SYN/FAM/2014/1173,2014,Gujarat High Court,Family,Hindu Marriage Act,The court balanced the competing interests of the parties in a matrimonial/maintenance dispute and issued appropriate directions.,"Synthetic - Illustrative (generated for dataset-scale demonstration, not a real citation)",Synthetic (Illustrative)
306,Ashok Kumar v. Income Tax Officer,SYN/LAB/2014/1174,2014,Punjab and Haryana High Court,Labour,Factories Act,The court clarified the rights and obligations of the employer and workman under the applicable labour statute.,"Synthetic - Illustrative (generated for dataset-scale demonstration, not a real citation)",Synthetic (Illustrative)
307,Deepak Verma v. Ganesh Traders,SYN/COM/2021/1175,2021,Allahabad High Court,Commercial,Insolvency and Bankruptcy Code,The court interpreted the contractual/arbitration clause and clarified the parties' rights under commercial law.,"Synthetic - Illustrative (generated for dataset-scale demonstration, not a real citation)",Synthetic (Illustrative)
308,Global Traders Pvt. Ltd. v. Ganesh Traders,SYN/CYB/2015/1176,2015,Punjab and Haryana High Court,Cyber,"Section 43, IT Act",The court examined the scope of liability under the IT Act for the alleged online offence/conduct.,"Synthetic - Illustrative (generated for dataset-scale demonstration, not a real citation)",Synthetic (Illustrative)
309,Kavita Rao v. Registrar of Companies,SYN/TAX/2014/1177,2014,Telangana High Court,Taxation,"GST Act, Section 74",The court clarified the applicable tax provision and the assessee's liability under the relevant assessment.,"Synthetic - Illustrative (generated for dataset-scale demonstration, not a real citation)",Synthetic (Illustrative)
310,State of Tamil Nadu v. PQR Industries Ltd.,SYN/ADM/2015/1178,2015,Madras High Court,Administrative,Article 311,The court examined the administrative action for compliance with principles of natural justice and statutory procedure.,"Synthetic - Illustrative (generated for dataset-scale demonstration, not a real citation)",Synthetic (Illustrative)
311,Meena Kumari v. Municipal Corporation,SYN/HUM/2011/1179,2011,Telangana High Court,Human Rights,Protection of Human Rights Act,The court examined the alleged rights violation and issued directions to safeguard the affected party's constitutional protections.,"Synthetic - Illustrative (generated for dataset-scale demonstration, not a real citation)",Synthetic (Illustrative)
312,Deepak Verma v. Registrar of Companies,SYN/CON/2023/1180,2023,Telangana High Court,Constitutional,Article 226,The court examined the constitutional validity of the impugned provision and clarified its scope in relation to fundamental rights.,"Synthetic - Illustrative (generated for dataset-scale demonstration, not a real citation)",Synthetic (Illustrative)
313,Vikram Singh v. Neha Joshi,SYN/CRI/2011/1181,2011,Rajasthan High Court,Criminal,Section 420 IPC,The court examined the evidence on record and clarified the applicable standard of proof for the charged offence.,"Synthetic - Illustrative (generated for dataset-scale demonstration, not a real citation)",Synthetic (Illustrative)
314,Rajesh Gupta v. Municipal Corporation,SYN/CIV/2014/1182,2014,Madras High Court,Civil,"Section 9, CPC",The court clarified the applicable civil procedure and remedy available to the aggrieved party.,"Synthetic - Illustrative (generated for dataset-scale demonstration, not a real citation)",Synthetic (Illustrative)
315,Meena Kumari v. Delhi Development Authority,SYN/FAM/2013/1183,2013,Telangana High Court,Family,Section 125 CrPC,The court balanced the competing interests of the parties in a matrimonial/maintenance dispute and issued appropriate directions.,"Synthetic - Illustrative (generated for dataset-scale demonstration, not a real citation)",Synthetic (Illustrative)
316,Meena Kumari v. Bank of Baroda,SYN/LAB/2009/1184,2009,Delhi High Court,Labour,Employees' Compensation Act,The court clarified the rights and obligations of the employer and workman under the applicable labour statute.,"Synthetic - Illustrative (generated for dataset-scale demonstration, not a real citation)",Synthetic (Illustrative)
317,State of Maharashtra v. Divisional Commissioner (2),SYN/COM/2014/1185,2014,Bombay High Court,Commercial,Sale of Goods Act,The court interpreted the contractual/arbitration clause and clarified the parties' rights under commercial law.,"Synthetic - Illustrative (generated for dataset-scale demonstration, not a real citation)",Synthetic (Illustrative)
318,Kavita Rao v. State Bank of India,SYN/CYB/2010/1186,2010,Gujarat High Court,Cyber,"Section 66C, IT Act",The court examined the scope of liability under the IT Act for the alleged online offence/conduct.,"Synthetic - Illustrative (generated for dataset-scale demonstration, not a real citation)",Synthetic (Illustrative)
319,Deepak Verma v. Neha Joshi,SYN/TAX/2007/1187,2007,Calcutta High Court,Taxation,Customs Act,The court clarified the applicable tax provision and the assessee's liability under the relevant assessment.,"Synthetic - Illustrative (generated for dataset-scale demonstration, not a real citation)",Synthetic (Illustrative)
320,State of Karnataka v. Divisional Commissioner,SYN/ADM/2025/1188,2025,Gujarat High Court,Administrative,Article 311,The court examined the administrative action for compliance with principles of natural justice and statutory procedure.,"Synthetic - Illustrative (generated for dataset-scale demonstration, not a real citation)",Synthetic (Illustrative)
321,Union of India v. Divisional Commissioner (2),SYN/HUM/2014/1189,2014,Karnataka High Court,Human Rights,Article 21,The court examined the alleged rights violation and issued directions to safeguard the affected party's constitutional protections.,"Synthetic - Illustrative (generated for dataset-scale demonstration, not a real citation)",Synthetic (Illustrative)
322,State of Tamil Nadu v. Ganesh Traders (2),SYN/CON/2018/1190,2018,Madras High Court,Constitutional,Article 226,The court examined the constitutional validity of the impugned provision and clarified its scope in relation to fundamental rights.,"Synthetic - Illustrative (generated for dataset-scale demonstration, not a real citation)",Synthetic (Illustrative)
323,National Insurance Co. Ltd. v. Income Tax Officer,SYN/CRI/2021/1191,2021,Rajasthan High Court,Criminal,Section 498A IPC,The court examined the evidence on record and clarified the applicable standard of proof for the charged offence.,"Synthetic - Illustrative (generated for dataset-scale demonstration, not a real citation)",Synthetic (Illustrative)
324,Kavita Rao v. Bank of Baroda,SYN/CIV/2023/1192,2023,Gujarat High Court,Civil,Article 21,The court clarified the applicable civil procedure and remedy available to the aggrieved party.,"Synthetic - Illustrative (generated for dataset-scale demonstration, not a real citation)",Synthetic (Illustrative)
325,Arjun Reddy v. Reserve Bank of India,SYN/FAM/2006/1193,2006,Calcutta High Court,Family,Domestic Violence Act,The court balanced the competing interests of the parties in a matrimonial/maintenance dispute and issued appropriate directions.,"Synthetic - Illustrative (generated for dataset-scale demonstration, not a real citation)",Synthetic (Illustrative)
326,State of Tamil Nadu v. PQR Industries Ltd.,SYN/LAB/2025/1194,2025,Telangana High Court,Labour,"Section 25F, ID Act",The court clarified the rights and obligations of the employer and workman under the applicable labour statute.,"Synthetic - Illustrative (generated for dataset-scale demonstration, not a real citation)",Synthetic (Illustrative)
327,Pooja Iyer v. Ravi Shankar,SYN/COM/2010/1195,2010,Calcutta High Court,Commercial,"Companies Act, 2013",The court interpreted the contractual/arbitration clause and clarified the parties' rights under commercial law.,"Synthetic - Illustrative (generated for dataset-scale demonstration, not a real citation)",Synthetic (Illustrative)
328,Meena Kumari v. Ravi Shankar,SYN/CYB/2010/1196,2010,Karnataka High Court,Cyber,"Section 66C, IT Act",The court examined the scope of liability under the IT Act for the alleged online offence/conduct.,"Synthetic - Illustrative (generated for dataset-scale demonstration, not a real citation)",Synthetic (Illustrative)
329,Kavita Rao v. Reserve Bank of India,SYN/TAX/2020/1197,2020,Punjab and Haryana High Court,Taxation,"GST Act, Section 74",The court clarified the applicable tax provision and the assessee's liability under the relevant assessment.,"Synthetic - Illustrative (generated for dataset-scale demonstration, not a real citation)",Synthetic (Illustrative)
330,Anita Sharma v. Bank of Baroda,SYN/ADM/2014/1198,2014,Delhi High Court,Administrative,Article 226,The court examined the administrative action for compliance with principles of natural justice and statutory procedure.,"Synthetic - Illustrative (generated for dataset-scale demonstration, not a real citation)",Synthetic (Illustrative)
331,Pooja Iyer v. Income Tax Officer,SYN/HUM/2013/1199,2013,Bombay High Court,Human Rights,SC/ST (Prevention of Atrocities) Act,The court examined the alleged rights violation and issued directions to safeguard the affected party's constitutional protections.,"Synthetic - Illustrative (generated for dataset-scale demonstration, not a real citation)",Synthetic (Illustrative)
332,Suresh Patel v. Krishna Textiles,SYN/CON/2008/1200,2008,Patna High Court,Constitutional,Article 226,The court examined the constitutional validity of the impugned provision and clarified its scope in relation to fundamental rights.,"Synthetic - Illustrative (generated for dataset-scale demonstration, not a real citation)",Synthetic (Illustrative)
333,Sanjay Mehta v. Delhi Development Authority,SYN/CRI/2013/1201,2013,Madras High Court,Criminal,Section 376 IPC,The court examined the evidence on record and clarified the applicable standard of proof for the charged offence.,"Synthetic - Illustrative (generated for dataset-scale demonstration, not a real citation)",Synthetic (Illustrative)
334,State of U.P. v. Municipal Corporation,SYN/CIV/2014/1202,2014,Bombay High Court,Civil,Limitation Act,The court clarified the applicable civil procedure and remedy available to the aggrieved party.,"Synthetic - Illustrative (generated for dataset-scale demonstration, not a real citation)",Synthetic (Illustrative)
335,Arjun Reddy v. Bank of Baroda,SYN/FAM/2019/1203,2019,Telangana High Court,Family,Section 125 CrPC,The court balanced the competing interests of the parties in a matrimonial/maintenance dispute and issued appropriate directions.,"Synthetic - Illustrative (generated for dataset-scale demonstration, not a real citation)",Synthetic (Illustrative)
336,Ashok Kumar v. Bank of Baroda,SYN/LAB/2017/1204,2017,Gujarat High Court,Labour,Payment of Wages Act,The court clarified the rights and obligations of the employer and workman under the applicable labour statute.,"Synthetic - Illustrative (generated for dataset-scale demonstration, not a real citation)",Synthetic (Illustrative)
337,Meena Kumari v. Rekha Singh,SYN/COM/2019/1205,2019,Kerala High Court,Commercial,Arbitration and Conciliation Act,The court interpreted the contractual/arbitration clause and clarified the parties' rights under commercial law.,"Synthetic - Illustrative (generated for dataset-scale demonstration, not a real citation)",Synthetic (Illustrative)
338,State of U.P. v. Krishna Textiles,SYN/CYB/2015/1206,2015,Rajasthan High Court,Cyber,"IT Rules, 2021",The court examined the scope of liability under the IT Act for the alleged online offence/conduct.,"Synthetic - Illustrative (generated for dataset-scale demonstration, not a real citation)",Synthetic (Illustrative)
339,State of Maharashtra v. Ravi Shankar,SYN/TAX/2012/1207,2012,Calcutta High Court,Taxation,"Section 271, Income Tax Act",The court clarified the applicable tax provision and the assessee's liability under the relevant assessment.,"Synthetic - Illustrative (generated for dataset-scale demonstration, not a real citation)",Synthetic (Illustrative)
340,State of Maharashtra v. Registrar of Companies,SYN/ADM/2023/1208,2023,Rajasthan High Court,Administrative,Article 311,The court examined the administrative action for compliance with principles of natural justice and statutory procedure.,"Synthetic - Illustrative (generated for dataset-scale demonstration, not a real citation)",Synthetic (Illustrative)
341,Lakshmi Narayanan v. Municipal Corporation,SYN/HUM/2020/1209,2020,Madhya Pradesh High Court,Human Rights,SC/ST (Prevention of Atrocities) Act,The court examined the alleged rights violation and issued directions to safeguard the affected party's constitutional protections.,"Synthetic - Illustrative (generated for dataset-scale demonstration, not a real citation)",Synthetic (Illustrative)
342,Kavita Rao v. Registrar of Companies,SYN/CON/2010/1210,2010,Patna High Court,Constitutional,Article 226,The court examined the constitutional validity of the impugned provision and clarified its scope in relation to fundamental rights.,"Synthetic - Illustrative (generated for dataset-scale demonstration, not a real citation)",Synthetic (Illustrative)
343,Sanjay Mehta v. Rekha Singh,SYN/CRI/2007/1211,2007,Punjab and Haryana High Court,Criminal,Section 498A IPC,The court examined the evidence on record and clarified the applicable standard of proof for the charged offence.,"Synthetic - Illustrative (generated for dataset-scale demonstration, not a real citation)",Synthetic (Illustrative)
344,ABC Enterprises Pvt. Ltd. v. State Bank of India,SYN/CIV/2015/1212,2015,Allahabad High Court,Civil,"Section 9, CPC",The court clarified the applicable civil procedure and remedy available to the aggrieved party.,"Synthetic - Illustrative (generated for dataset-scale demonstration, not a real citation)",Synthetic (Illustrative)
345,Ramesh Kumar v. State Bank of India,SYN/FAM/2018/1213,2018,Odisha High Court,Family,"Section 13B, HMA",The court balanced the competing interests of the parties in a matrimonial/maintenance dispute and issued appropriate directions.,"Synthetic - Illustrative (generated for dataset-scale demonstration, not a real citation)",Synthetic (Illustrative)
346,Pooja Iyer v. Vinod Kumar,SYN/LAB/2022/1214,2022,Calcutta High Court,Labour,Industrial Disputes Act,The court clarified the rights and obligations of the employer and workman under the applicable labour statute.,"Synthetic - Illustrative (generated for dataset-scale demonstration, not a real citation)",Synthetic (Illustrative)
347,State of Karnataka v. State Bank of India,SYN/COM/2013/1215,2013,Gujarat High Court,Commercial,Insolvency and Bankruptcy Code,The court interpreted the contractual/arbitration clause and clarified the parties' rights under commercial law.,"Synthetic - Illustrative (generated for dataset-scale demonstration, not a real citation)",Synthetic (Illustrative)
348,Lakshmi Narayanan v. Vinod Kumar,SYN/CYB/2021/1216,2021,Bombay High Court,Cyber,"Section 66C, IT Act",The court examined the scope of liability under the IT Act for the alleged online offence/conduct.,"Synthetic - Illustrative (generated for dataset-scale demonstration, not a real citation)",Synthetic (Illustrative)
349,Meena Kumari v. Employees State Insurance Corp. (2),SYN/TAX/2018/1217,2018,Patna High Court,Taxation,"Section 143(3), Income Tax Act",The court clarified the applicable tax provision and the assessee's liability under the relevant assessment.,"Synthetic - Illustrative (generated for dataset-scale demonstration, not a real citation)",Synthetic (Illustrative)
350,XYZ Industries Ltd. v. Sudha Rani,SYN/ADM/2024/1218,2024,Madras High Court,Administrative,Article 226,The court examined the administrative action for compliance with principles of natural justice and statutory procedure.,"Synthetic - Illustrative (generated for dataset-scale demonstration, not a real citation)",Synthetic (Illustrative)
351,Kavita Rao v. Union of India,SYN/HUM/2011/1219,2011,Patna High Court,Human Rights,Article 14,The court examined the alleged rights violation and issued directions to safeguard the affected party's constitutional protections.,"Synthetic - Illustrative (generated for dataset-scale demonstration, not a real citation)",Synthetic (Illustrative)
352,Union of India v. Bank of Baroda,SYN/CON/2019/1220,2019,Kerala High Court,Constitutional,Article 32,The court examined the constitutional validity of the impugned provision and clarified its scope in relation to fundamental rights.,"Synthetic - Illustrative (generated for dataset-scale demonstration, not a real citation)",Synthetic (Illustrative)
353,State of Maharashtra v. Reserve Bank of India,SYN/CRI/2012/1221,2012,Bombay High Court,Criminal,Section 376 IPC,The court examined the evidence on record and clarified the applicable standard of proof for the charged offence.,"Synthetic - Illustrative (generated for dataset-scale demonstration, not a real citation)",Synthetic (Illustrative)
354,Meena Kumari v. State of Rajasthan,SYN/CIV/2022/1222,2022,Calcutta High Court,Civil,Article 21,The court clarified the applicable civil procedure and remedy available to the aggrieved party.,"Synthetic - Illustrative (generated for dataset-scale demonstration, not a real citation)",Synthetic (Illustrative)
355,Anita Sharma v. Neha Joshi,SYN/FAM/2019/1223,2019,Bombay High Court,Family,Section 125 CrPC,The court balanced the competing interests of the parties in a matrimonial/maintenance dispute and issued appropriate directions.,"Synthetic - Illustrative (generated for dataset-scale demonstration, not a real citation)",Synthetic (Illustrative)
356,Union of India v. Rekha Singh,SYN/LAB/2014/1224,2014,Patna High Court,Labour,Factories Act,The court clarified the rights and obligations of the employer and workman under the applicable labour statute.,"Synthetic - Illustrative (generated for dataset-scale demonstration, not a real citation)",Synthetic (Illustrative)
357,Mohan Lal v. Krishna Textiles,SYN/COM/2020/1225,2020,Telangana High Court,Commercial,Sale of Goods Act,The court interpreted the contractual/arbitration clause and clarified the parties' rights under commercial law.,"Synthetic - Illustrative (generated for dataset-scale demonstration, not a real citation)",Synthetic (Illustrative)
358,Kavita Rao v. Ganesh Traders,SYN/CYB/2009/1226,2009,Madras High Court,Cyber,"Section 79, IT Act",The court examined the scope of liability under the IT Act for the alleged online offence/conduct.,"Synthetic - Illustrative (generated for dataset-scale demonstration, not a real citation)",Synthetic (Illustrative)
359,National Insurance Co. Ltd. v. National Highway Authority,SYN/TAX/2009/1227,2009,Madras High Court,Taxation,"Section 143(3), Income Tax Act",The court clarified the applicable tax provision and the assessee's liability under the relevant assessment.,"Synthetic - Illustrative (generated for dataset-scale demonstration, not a real citation)",Synthetic (Illustrative)
360,Lakshmi Narayanan v. Krishna Textiles,SYN/ADM/2015/1228,2015,Calcutta High Court,Administrative,Service Rules,The court examined the administrative action for compliance with principles of natural justice and statutory procedure.,"Synthetic - Illustrative (generated for dataset-scale demonstration, not a real citation)",Synthetic (Illustrative)
361,State of Maharashtra v. Bank of Baroda,SYN/HUM/2014/1229,2014,Calcutta High Court,Human Rights,SC/ST (Prevention of Atrocities) Act,The court examined the alleged rights violation and issued directions to safeguard the affected party's constitutional protections.,"Synthetic - Illustrative (generated for dataset-scale demonstration, not a real citation)",Synthetic (Illustrative)
362,Pooja Iyer v. Rekha Singh,SYN/CON/2009/1230,2009,Rajasthan High Court,Constitutional,Article 32,The court examined the constitutional validity of the impugned provision and clarified its scope in relation to fundamental rights.,"Synthetic - Illustrative (generated for dataset-scale demonstration, not a real citation)",Synthetic (Illustrative)
363,Deepak Verma v. Sudha Rani,SYN/CRI/2015/1231,2015,Kerala High Court,Criminal,Section 41A CrPC,The court examined the evidence on record and clarified the applicable standard of proof for the charged offence.,"Synthetic - Illustrative (generated for dataset-scale demonstration, not a real citation)",Synthetic (Illustrative)
364,Meena Kumari v. Vinod Kumar,SYN/CIV/2019/1232,2019,Madhya Pradesh High Court,Civil,Transfer of Property Act,The court clarified the applicable civil procedure and remedy available to the aggrieved party.,"Synthetic - Illustrative (generated for dataset-scale demonstration, not a real citation)",Synthetic (Illustrative)
365,Suresh Patel v. Income Tax Officer,SYN/FAM/2023/1233,2023,Odisha High Court,Family,"Section 13B, HMA",The court balanced the competing interests of the parties in a matrimonial/maintenance dispute and issued appropriate directions.,"Synthetic - Illustrative (generated for dataset-scale demonstration, not a real citation)",Synthetic (Illustrative)
366,Lakshmi Narayanan v. Krishna Textiles,SYN/LAB/2006/1234,2006,Madras High Court,Labour,Payment of Wages Act,The court clarified the rights and obligations of the employer and workman under the applicable labour statute.,"Synthetic - Illustrative (generated for dataset-scale demonstration, not a real citation)",Synthetic (Illustrative)
367,Deepak Verma v. Vinod Kumar,SYN/COM/2017/1235,2017,Telangana High Court,Commercial,"Companies Act, 2013",The court interpreted the contractual/arbitration clause and clarified the parties' rights under commercial law.,"Synthetic - Illustrative (generated for dataset-scale demonstration, not a real citation)",Synthetic (Illustrative)
368,State of U.P. v. Delhi Development Authority,SYN/CYB/2021/1236,2021,Gujarat High Court,Cyber,"IT Rules, 2021",The court examined the scope of liability under the IT Act for the alleged online offence/conduct.,"Synthetic - Illustrative (generated for dataset-scale demonstration, not a real citation)",Synthetic (Illustrative)
369,State of Tamil Nadu v. Employees State Insurance Corp.,SYN/TAX/2008/1237,2008,Allahabad High Court,Taxation,"Section 271, Income Tax Act",The court clarified the applicable tax provision and the assessee's liability under the relevant assessment.,"Synthetic - Illustrative (generated for dataset-scale demonstration, not a real citation)",Synthetic (Illustrative)
370,Kavita Rao v. State of Rajasthan,SYN/ADM/2009/1238,2009,Sessions Court,Administrative,Article 226,The court examined the administrative action for compliance with principles of natural justice and statutory procedure.,"Synthetic - Illustrative (generated for dataset-scale demonstration, not a real citation)",Synthetic (Illustrative)
371,Sanjay Mehta v. Delhi Development Authority,SYN/HUM/2007/1239,2007,Odisha High Court,Human Rights,Juvenile Justice Act,The court examined the alleged rights violation and issued directions to safeguard the affected party's constitutional protections.,"Synthetic - Illustrative (generated for dataset-scale demonstration, not a real citation)",Synthetic (Illustrative)
372,Mohan Lal v. State Bank of India (2),SYN/CON/2024/1240,2024,Madhya Pradesh High Court,Constitutional,Article 32,The court examined the constitutional validity of the impugned provision and clarified its scope in relation to fundamental rights.,"Synthetic - Illustrative (generated for dataset-scale demonstration, not a real citation)",Synthetic (Illustrative)
373,State of Karnataka v. State Bank of India,SYN/CRI/2022/1241,2022,Patna High Court,Criminal,Section 498A IPC,The court examined the evidence on record and clarified the applicable standard of proof for the charged offence.,"Synthetic - Illustrative (generated for dataset-scale demonstration, not a real citation)",Synthetic (Illustrative)
374,Sanjay Mehta v. Rekha Singh,SYN/CIV/2022/1242,2022,Allahabad High Court,Civil,"Section 9, CPC",The court clarified the applicable civil procedure and remedy available to the aggrieved party.,"Synthetic - Illustrative (generated for dataset-scale demonstration, not a real citation)",Synthetic (Illustrative)
375,State of Karnataka v. Income Tax Officer,SYN/FAM/2025/1243,2025,Rajasthan High Court,Family,Guardians and Wards Act,The court balanced the competing interests of the parties in a matrimonial/maintenance dispute and issued appropriate directions.,"Synthetic - Illustrative (generated for dataset-scale demonstration, not a real citation)",Synthetic (Illustrative)
376,Global Traders Pvt. Ltd. v. Ravi Shankar,SYN/LAB/2018/1244,2018,Madras High Court,Labour,Industrial Disputes Act,The court clarified the rights and obligations of the employer and workman under the applicable labour statute.,"Synthetic - Illustrative (generated for dataset-scale demonstration, not a real citation)",Synthetic (Illustrative)
377,Sanjay Mehta v. Neha Joshi,SYN/COM/2019/1245,2019,Madhya Pradesh High Court,Commercial,"Companies Act, 2013",The court interpreted the contractual/arbitration clause and clarified the parties' rights under commercial law.,"Synthetic - Illustrative (generated for dataset-scale demonstration, not a real citation)",Synthetic (Illustrative)
378,Vikram Singh v. State of Rajasthan,SYN/CYB/2006/1246,2006,Telangana High Court,Cyber,"Section 43, IT Act",The court examined the scope of liability under the IT Act for the alleged online offence/conduct.,"Synthetic - Illustrative (generated for dataset-scale demonstration, not a real citation)",Synthetic (Illustrative)
379,State of U.P. v. Bank of Baroda,SYN/TAX/2016/1247,2016,Madhya Pradesh High Court,Taxation,"GST Act, Section 74",The court clarified the applicable tax provision and the assessee's liability under the relevant assessment.,"Synthetic - Illustrative (generated for dataset-scale demonstration, not a real citation)",Synthetic (Illustrative)
380,Union of India v. Income Tax Officer,SYN/ADM/2021/1248,2021,Punjab and Haryana High Court,Administrative,Article 226,The court examined the administrative action for compliance with principles of natural justice and statutory procedure.,"Synthetic - Illustrative (generated for dataset-scale demonstration, not a real citation)",Synthetic (Illustrative)
381,Pooja Iyer v. Municipal Corporation,SYN/HUM/2010/1249,2010,Rajasthan High Court,Human Rights,Protection of Human Rights Act,The court examined the alleged rights violation and issued directions to safeguard the affected party's constitutional protections.,"Synthetic - Illustrative (generated for dataset-scale demonstration, not a real citation)",Synthetic (Illustrative)
382,National Insurance Co. Ltd. v. Vinod Kumar,SYN/CON/2024/1250,2024,Bombay High Court,Constitutional,Article 19,The court examined the constitutional validity of the impugned provision and clarified its scope in relation to fundamental rights.,"Synthetic - Illustrative (generated for dataset-scale demonstration, not a real citation)",Synthetic (Illustrative)
383,Arjun Reddy v. Delhi Development Authority,SYN/CRI/2012/1251,2012,Gujarat High Court,Criminal,Section 498A IPC,The court examined the evidence on record and clarified the applicable standard of proof for the charged offence.,"Synthetic - Illustrative (generated for dataset-scale demonstration, not a real citation)",Synthetic (Illustrative)
384,Mohan Lal v. Employees State Insurance Corp.,SYN/CIV/2013/1252,2013,Patna High Court,Civil,"Section 9, CPC",The court clarified the applicable civil procedure and remedy available to the aggrieved party.,"Synthetic - Illustrative (generated for dataset-scale demonstration, not a real citation)",Synthetic (Illustrative)
385,Kavita Rao v. Bank of Baroda,SYN/FAM/2022/1253,2022,Sessions Court,Family,Hindu Marriage Act,The court balanced the competing interests of the parties in a matrimonial/maintenance dispute and issued appropriate directions.,"Synthetic - Illustrative (generated for dataset-scale demonstration, not a real citation)",Synthetic (Illustrative)
386,Kavita Rao v. Sudha Rani,SYN/LAB/2023/1254,2023,Bombay High Court,Labour,Payment of Wages Act,The court clarified the rights and obligations of the employer and workman under the applicable labour statute.,"Synthetic - Illustrative (generated for dataset-scale demonstration, not a real citation)",Synthetic (Illustrative)
387,ABC Enterprises Pvt. Ltd. v. Registrar of Companies,SYN/COM/2019/1255,2019,Patna High Court,Commercial,Insolvency and Bankruptcy Code,The court interpreted the contractual/arbitration clause and clarified the parties' rights under commercial law.,"Synthetic - Illustrative (generated for dataset-scale demonstration, not a real citation)",Synthetic (Illustrative)
388,Sunita Devi v. Rekha Singh,SYN/CYB/2008/1256,2008,Madras High Court,Cyber,"Section 66D, IT Act",The court examined the scope of liability under the IT Act for the alleged online offence/conduct.,"Synthetic - Illustrative (generated for dataset-scale demonstration, not a real citation)",Synthetic (Illustrative)
389,Arjun Reddy v. Sudha Rani,SYN/TAX/2023/1257,2023,Punjab and Haryana High Court,Taxation,"GST Act, Section 74",The court clarified the applicable tax provision and the assessee's liability under the relevant assessment.,"Synthetic - Illustrative (generated for dataset-scale demonstration, not a real citation)",Synthetic (Illustrative)
390,Vikram Singh v. State of Rajasthan,SYN/ADM/2017/1258,2017,Telangana High Court,Administrative,Administrative Tribunals Act,The court examined the administrative action for compliance with principles of natural justice and statutory procedure.,"Synthetic - Illustrative (generated for dataset-scale demonstration, not a real citation)",Synthetic (Illustrative)
391,Arjun Reddy v. Union of India,SYN/HUM/2024/1259,2024,Delhi High Court,Human Rights,Juvenile Justice Act,The court examined the alleged rights violation and issued directions to safeguard the affected party's constitutional protections.,"Synthetic - Illustrative (generated for dataset-scale demonstration, not a real citation)",Synthetic (Illustrative)
392,Vikram Singh v. Income Tax Officer,SYN/CON/2024/1260,2024,Odisha High Court,Constitutional,Article 21,The court examined the constitutional validity of the impugned provision and clarified its scope in relation to fundamental rights.,"Synthetic - Illustrative (generated for dataset-scale demonstration, not a real citation)",Synthetic (Illustrative)
393,Sanjay Mehta v. PQR Industries Ltd.,SYN/CRI/2024/1261,2024,Madras High Court,Criminal,Section 420 IPC,The court examined the evidence on record and clarified the applicable standard of proof for the charged offence.,"Synthetic - Illustrative (generated for dataset-scale demonstration, not a real citation)",Synthetic (Illustrative)
394,Lakshmi Narayanan v. Delhi Development Authority,SYN/CIV/2025/1262,2025,Patna High Court,Civil,"Section 9, CPC",The court clarified the applicable civil procedure and remedy available to the aggrieved party.,"Synthetic - Illustrative (generated for dataset-scale demonstration, not a real citation)",Synthetic (Illustrative)
395,Sanjay Mehta v. Union of India,SYN/FAM/2014/1263,2014,Sessions Court,Family,"Section 13B, HMA",The court balanced the competing interests of the parties in a matrimonial/maintenance dispute and issued appropriate directions.,"Synthetic - Illustrative (generated for dataset-scale demonstration, not a real citation)",Synthetic (Illustrative)
396,Arjun Reddy v. Sudha Rani,SYN/LAB/2009/1264,2009,Delhi High Court,Labour,Industrial Disputes Act,The court clarified the rights and obligations of the employer and workman under the applicable labour statute.,"Synthetic - Illustrative (generated for dataset-scale demonstration, not a real citation)",Synthetic (Illustrative)
397,Vikram Singh v. State Bank of India,SYN/COM/2018/1265,2018,Sessions Court,Commercial,"Companies Act, 2013",The court interpreted the contractual/arbitration clause and clarified the parties' rights under commercial law.,"Synthetic - Illustrative (generated for dataset-scale demonstration, not a real citation)",Synthetic (Illustrative)
398,Union of India v. Ganesh Traders,SYN/CYB/2016/1266,2016,Madras High Court,Cyber,"IT Rules, 2021",The court examined the scope of liability under the IT Act for the alleged online offence/conduct.,"Synthetic - Illustrative (generated for dataset-scale demonstration, not a real citation)",Synthetic (Illustrative)
399,Mohan Lal v. Municipal Corporation,SYN/TAX/2013/1267,2013,Kerala High Court,Taxation,Customs Act,The court clarified the applicable tax provision and the assessee's liability under the relevant assessment.,"Synthetic - Illustrative (generated for dataset-scale demonstration, not a real citation)",Synthetic (Illustrative)
400,Vikram Singh v. State Bank of India,SYN/ADM/2008/1268,2008,Madhya Pradesh High Court,Administrative,Article 226,The court examined the administrative action for compliance with principles of natural justice and statutory procedure.,"Synthetic - Illustrative (generated for dataset-scale demonstration, not a real citation)",Synthetic (Illustrative)
401,Union of India v. Income Tax Officer,SYN/HUM/2017/1269,2017,Bombay High Court,Human Rights,SC/ST (Prevention of Atrocities) Act,The court examined the alleged rights violation and issued directions to safeguard the affected party's constitutional protections.,"Synthetic - Illustrative (generated for dataset-scale demonstration, not a real citation)",Synthetic (Illustrative)
402,State of Karnataka v. Vinod Kumar,SYN/CON/2005/1270,2005,Allahabad High Court,Constitutional,Article 21,The court examined the constitutional validity of the impugned provision and clarified its scope in relation to fundamental rights.,"Synthetic - Illustrative (generated for dataset-scale demonstration, not a real citation)",Synthetic (Illustrative)
403,State of Tamil Nadu v. Employees State Insurance Corp.,SYN/CRI/2016/1271,2016,Kerala High Court,Criminal,Section 420 IPC,The court examined the evidence on record and clarified the applicable standard of proof for the charged offence.,"Synthetic - Illustrative (generated for dataset-scale demonstration, not a real citation)",Synthetic (Illustrative)
404,Sunita Devi v. Sudha Rani,SYN/CIV/2008/1272,2008,Rajasthan High Court,Civil,Specific Relief Act,The court clarified the applicable civil procedure and remedy available to the aggrieved party.,"Synthetic - Illustrative (generated for dataset-scale demonstration, not a real citation)",Synthetic (Illustrative)
405,State of Maharashtra v. Reserve Bank of India,SYN/FAM/2022/1273,2022,Gujarat High Court,Family,Guardians and Wards Act,The court balanced the competing interests of the parties in a matrimonial/maintenance dispute and issued appropriate directions.,"Synthetic - Illustrative (generated for dataset-scale demonstration, not a real citation)",Synthetic (Illustrative)
406,National Insurance Co. Ltd. v. Income Tax Officer,SYN/LAB/2025/1274,2025,Sessions Court,Labour,Industrial Disputes Act,The court clarified the rights and obligations of the employer and workman under the applicable labour statute.,"Synthetic - Illustrative (generated for dataset-scale demonstration, not a real citation)",Synthetic (Illustrative)
407,Kavita Rao v. Bank of Baroda,SYN/COM/2025/1275,2025,Patna High Court,Commercial,Sale of Goods Act,The court interpreted the contractual/arbitration clause and clarified the parties' rights under commercial law.,"Synthetic - Illustrative (generated for dataset-scale demonstration, not a real citation)",Synthetic (Illustrative)
408,Union of India v. Union of India,SYN/CYB/2006/1276,2006,Bombay High Court,Cyber,"Section 43, IT Act",The court examined the scope of liability under the IT Act for the alleged online offence/conduct.,"Synthetic - Illustrative (generated for dataset-scale demonstration, not a real citation)",Synthetic (Illustrative)
409,State of Tamil Nadu v. Neha Joshi,SYN/TAX/2012/1277,2012,Gujarat High Court,Taxation,"Section 271, Income Tax Act",The court clarified the applicable tax provision and the assessee's liability under the relevant assessment.,"Synthetic - Illustrative (generated for dataset-scale demonstration, not a real citation)",Synthetic (Illustrative)
410,Sunita Devi v. Employees State Insurance Corp.,SYN/ADM/2016/1278,2016,Karnataka High Court,Administrative,Service Rules,The court examined the administrative action for compliance with principles of natural justice and statutory procedure.,"Synthetic - Illustrative (generated for dataset-scale demonstration, not a real citation)",Synthetic (Illustrative)
411,Arjun Reddy v. Delhi Development Authority,SYN/HUM/2018/1279,2018,Punjab and Haryana High Court,Human Rights,Article 21,The court examined the alleged rights violation and issued directions to safeguard the affected party's constitutional protections.,"Synthetic - Illustrative (generated for dataset-scale demonstration, not a real citation)",Synthetic (Illustrative)
412,Deepak Verma v. Reserve Bank of India,SYN/CON/2018/1280,2018,Odisha High Court,Constitutional,Article 21,The court examined the constitutional validity of the impugned provision and clarified its scope in relation to fundamental rights.,"Synthetic - Illustrative (generated for dataset-scale demonstration, not a real citation)",Synthetic (Illustrative)
413,Ashok Kumar v. Sudha Rani,SYN/CRI/2011/1281,2011,Delhi High Court,Criminal,Section 498A IPC,The court examined the evidence on record and clarified the applicable standard of proof for the charged offence.,"Synthetic - Illustrative (generated for dataset-scale demonstration, not a real citation)",Synthetic (Illustrative)
414,Anita Sharma v. Sudha Rani,SYN/CIV/2008/1282,2008,Gujarat High Court,Civil,Transfer of Property Act,The court clarified the applicable civil procedure and remedy available to the aggrieved party.,"Synthetic - Illustrative (generated for dataset-scale demonstration, not a real citation)",Synthetic (Illustrative)
415,Sanjay Mehta v. Sudha Rani (2),SYN/FAM/2006/1283,2006,Kerala High Court,Family,"Section 13B, HMA",The court balanced the competing interests of the parties in a matrimonial/maintenance dispute and issued appropriate directions.,"Synthetic - Illustrative (generated for dataset-scale demonstration, not a real citation)",Synthetic (Illustrative)
416,Suresh Patel v. Neha Joshi,SYN/LAB/2019/1284,2019,Calcutta High Court,Labour,Industrial Disputes Act,The court clarified the rights and obligations of the employer and workman under the applicable labour statute.,"Synthetic - Illustrative (generated for dataset-scale demonstration, not a real citation)",Synthetic (Illustrative)
417,Suresh Patel v. Reserve Bank of India,SYN/COM/2005/1285,2005,Patna High Court,Commercial,Arbitration and Conciliation Act,The court interpreted the contractual/arbitration clause and clarified the parties' rights under commercial law.,"Synthetic - Illustrative (generated for dataset-scale demonstration, not a real citation)",Synthetic (Illustrative)
418,Priya Nair v. Income Tax Officer,SYN/CYB/2009/1286,2009,Madhya Pradesh High Court,Cyber,"IT Rules, 2021",The court examined the scope of liability under the IT Act for the alleged online offence/conduct.,"Synthetic - Illustrative (generated for dataset-scale demonstration, not a real citation)",Synthetic (Illustrative)
419,State of Karnataka v. Ganesh Traders,SYN/TAX/2011/1287,2011,Madras High Court,Taxation,"Section 271, Income Tax Act",The court clarified the applicable tax provision and the assessee's liability under the relevant assessment.,"Synthetic - Illustrative (generated for dataset-scale demonstration, not a real citation)",Synthetic (Illustrative)
420,Anita Sharma v. State Bank of India,SYN/ADM/2009/1288,2009,Madras High Court,Administrative,Service Rules,The court examined the administrative action for compliance with principles of natural justice and statutory procedure.,"Synthetic - Illustrative (generated for dataset-scale demonstration, not a real citation)",Synthetic (Illustrative)
421,Mohan Lal v. Delhi Development Authority,SYN/HUM/2009/1289,2009,Delhi High Court,Human Rights,SC/ST (Prevention of Atrocities) Act,The court examined the alleged rights violation and issued directions to safeguard the affected party's constitutional protections.,"Synthetic - Illustrative (generated for dataset-scale demonstration, not a real citation)",Synthetic (Illustrative)
422,Ramesh Kumar v. Neha Joshi,SYN/CON/2005/1290,2005,Calcutta High Court,Constitutional,Article 19,The court examined the constitutional validity of the impugned provision and clarified its scope in relation to fundamental rights.,"Synthetic - Illustrative (generated for dataset-scale demonstration, not a real citation)",Synthetic (Illustrative)
423,Rajesh Gupta v. Income Tax Officer,SYN/CRI/2023/1291,2023,Delhi High Court,Criminal,Section 420 IPC,The court examined the evidence on record and clarified the applicable standard of proof for the charged offence.,"Synthetic - Illustrative (generated for dataset-scale demonstration, not a real citation)",Synthetic (Illustrative)
424,Ramesh Kumar v. Registrar of Companies,SYN/CIV/2006/1292,2006,Delhi High Court,Civil,Specific Relief Act,The court clarified the applicable civil procedure and remedy available to the aggrieved party.,"Synthetic - Illustrative (generated for dataset-scale demonstration, not a real citation)",Synthetic (Illustrative)
425,ABC Enterprises Pvt. Ltd. v. National Highway Authority,SYN/FAM/2008/1293,2008,Telangana High Court,Family,Section 125 CrPC,The court balanced the competing interests of the parties in a matrimonial/maintenance dispute and issued appropriate directions.,"Synthetic - Illustrative (generated for dataset-scale demonstration, not a real citation)",Synthetic (Illustrative)
426,Kavita Rao v. Sudha Rani (2),SYN/LAB/2021/1294,2021,Gujarat High Court,Labour,Factories Act,The court clarified the rights and obligations of the employer and workman under the applicable labour statute.,"Synthetic - Illustrative (generated for dataset-scale demonstration, not a real citation)",Synthetic (Illustrative)
427,Kavita Rao v. National Highway Authority (2),SYN/COM/2012/1295,2012,Bombay High Court,Commercial,"Section 138, NI Act",The court interpreted the contractual/arbitration clause and clarified the parties' rights under commercial law.,"Synthetic - Illustrative (generated for dataset-scale demonstration, not a real citation)",Synthetic (Illustrative)
428,Global Traders Pvt. Ltd. v. National Highway Authority,SYN/CYB/2014/1296,2014,Delhi High Court,Cyber,"Section 79, IT Act",The court examined the scope of liability under the IT Act for the alleged online offence/conduct.,"Synthetic - Illustrative (generated for dataset-scale demonstration, not a real citation)",Synthetic (Illustrative)
429,State of Maharashtra v. Union of India,SYN/TAX/2020/1297,2020,Patna High Court,Taxation,Customs Act,The court clarified the applicable tax provision and the assessee's liability under the relevant assessment.,"Synthetic - Illustrative (generated for dataset-scale demonstration, not a real citation)",Synthetic (Illustrative)
430,Pooja Iyer v. Neha Joshi,SYN/ADM/2020/1298,2020,Punjab and Haryana High Court,Administrative,Article 226,The court examined the administrative action for compliance with principles of natural justice and statutory procedure.,"Synthetic - Illustrative (generated for dataset-scale demonstration, not a real citation)",Synthetic (Illustrative)
431,State of Karnataka v. State Bank of India,SYN/HUM/2024/1299,2024,Bombay High Court,Human Rights,Protection of Human Rights Act,The court examined the alleged rights violation and issued directions to safeguard the affected party's constitutional protections.,"Synthetic - Illustrative (generated for dataset-scale demonstration, not a real citation)",Synthetic (Illustrative)
432,Union of India v. Registrar of Companies,SYN/CON/2024/1300,2024,Bombay High Court,Constitutional,Article 226,The court examined the constitutional validity of the impugned provision and clarified its scope in relation to fundamental rights.,"Synthetic - Illustrative (generated for dataset-scale demonstration, not a real citation)",Synthetic (Illustrative)
433,Ashok Kumar v. State Bank of India (2),SYN/CRI/2017/1301,2017,Kerala High Court,Criminal,Section 41A CrPC,The court examined the evidence on record and clarified the applicable standard of proof for the charged offence.,"Synthetic - Illustrative (generated for dataset-scale demonstration, not a real citation)",Synthetic (Illustrative)
434,Vikram Singh v. Employees State Insurance Corp.,SYN/CIV/2021/1302,2021,Kerala High Court,Civil,Limitation Act,The court clarified the applicable civil procedure and remedy available to the aggrieved party.,"Synthetic - Illustrative (generated for dataset-scale demonstration, not a real citation)",Synthetic (Illustrative)
435,State of Tamil Nadu v. Neha Joshi,SYN/FAM/2025/1303,2025,Punjab and Haryana High Court,Family,Domestic Violence Act,The court balanced the competing interests of the parties in a matrimonial/maintenance dispute and issued appropriate directions.,"Synthetic - Illustrative (generated for dataset-scale demonstration, not a real citation)",Synthetic (Illustrative)
436,Suresh Patel v. Krishna Textiles,SYN/LAB/2019/1304,2019,Telangana High Court,Labour,"Section 25F, ID Act",The court clarified the rights and obligations of the employer and workman under the applicable labour statute.,"Synthetic - Illustrative (generated for dataset-scale demonstration, not a real citation)",Synthetic (Illustrative)
437,Priya Nair v. Employees State Insurance Corp.,SYN/COM/2017/1305,2017,Punjab and Haryana High Court,Commercial,Sale of Goods Act,The court interpreted the contractual/arbitration clause and clarified the parties' rights under commercial law.,"Synthetic - Illustrative (generated for dataset-scale demonstration, not a real citation)",Synthetic (Illustrative)
438,State of Tamil Nadu v. State Bank of India,SYN/CYB/2018/1306,2018,Telangana High Court,Cyber,"Section 43, IT Act",The court examined the scope of liability under the IT Act for the alleged online offence/conduct.,"Synthetic - Illustrative (generated for dataset-scale demonstration, not a real citation)",Synthetic (Illustrative)
439,Mohan Lal v. Sudha Rani,SYN/TAX/2009/1307,2009,Patna High Court,Taxation,Customs Act,The court clarified the applicable tax provision and the assessee's liability under the relevant assessment.,"Synthetic - Illustrative (generated for dataset-scale demonstration, not a real citation)",Synthetic (Illustrative)
440,State of Karnataka v. Ravi Shankar,SYN/ADM/2007/1308,2007,Bombay High Court,Administrative,Article 226,The court examined the administrative action for compliance with principles of natural justice and statutory procedure.,"Synthetic - Illustrative (generated for dataset-scale demonstration, not a real citation)",Synthetic (Illustrative)
441,Global Traders Pvt. Ltd. v. Sudha Rani,SYN/HUM/2009/1309,2009,Bombay High Court,Human Rights,SC/ST (Prevention of Atrocities) Act,The court examined the alleged rights violation and issued directions to safeguard the affected party's constitutional protections.,"Synthetic - Illustrative (generated for dataset-scale demonstration, not a real citation)",Synthetic (Illustrative)
442,Arjun Reddy v. Ganesh Traders,SYN/CON/2022/1310,2022,Delhi High Court,Constitutional,Article 21,The court examined the constitutional validity of the impugned provision and clarified its scope in relation to fundamental rights.,"Synthetic - Illustrative (generated for dataset-scale demonstration, not a real citation)",Synthetic (Illustrative)
443,State of Tamil Nadu v. Krishna Textiles,SYN/CRI/2016/1311,2016,Patna High Court,Criminal,Section 498A IPC,The court examined the evidence on record and clarified the applicable standard of proof for the charged offence.,"Synthetic - Illustrative (generated for dataset-scale demonstration, not a real citation)",Synthetic (Illustrative)
444,Global Traders Pvt. Ltd. v. Union of India,SYN/CIV/2014/1312,2014,Odisha High Court,Civil,Limitation Act,The court clarified the applicable civil procedure and remedy available to the aggrieved party.,"Synthetic - Illustrative (generated for dataset-scale demonstration, not a real citation)",Synthetic (Illustrative)
445,Rajesh Gupta v. Neha Joshi,SYN/FAM/2023/1313,2023,Calcutta High Court,Family,Domestic Violence Act,The court balanced the competing interests of the parties in a matrimonial/maintenance dispute and issued appropriate directions.,"Synthetic - Illustrative (generated for dataset-scale demonstration, not a real citation)",Synthetic (Illustrative)
446,Union of India v. Rekha Singh (2),SYN/LAB/2012/1314,2012,Madras High Court,Labour,Industrial Disputes Act,The court clarified the rights and obligations of the employer and workman under the applicable labour statute.,"Synthetic - Illustrative (generated for dataset-scale demonstration, not a real citation)",Synthetic (Illustrative)
447,Meena Kumari v. Sudha Rani,SYN/COM/2008/1315,2008,Allahabad High Court,Commercial,Insolvency and Bankruptcy Code,The court interpreted the contractual/arbitration clause and clarified the parties' rights under commercial law.,"Synthetic - Illustrative (generated for dataset-scale demonstration, not a real citation)",Synthetic (Illustrative)
448,Anita Sharma v. Krishna Textiles,SYN/CYB/2022/1316,2022,Rajasthan High Court,Cyber,"IT Rules, 2021",The court examined the scope of liability under the IT Act for the alleged online offence/conduct.,"Synthetic - Illustrative (generated for dataset-scale demonstration, not a real citation)",Synthetic (Illustrative)
449,Pooja Iyer v. Ganesh Traders,SYN/TAX/2005/1317,2005,Rajasthan High Court,Taxation,"Section 271, Income Tax Act",The court clarified the applicable tax provision and the assessee's liability under the relevant assessment.,"Synthetic - Illustrative (generated for dataset-scale demonstration, not a real citation)",Synthetic (Illustrative)
450,Pooja Iyer v. Registrar of Companies,SYN/ADM/2005/1318,2005,Sessions Court,Administrative,Right to Information Act,The court examined the administrative action for compliance with principles of natural justice and statutory procedure.,"Synthetic - Illustrative (generated for dataset-scale demonstration, not a real citation)",Synthetic (Illustrative)
451,Ashok Kumar v. Bank of Baroda,SYN/HUM/2015/1319,2015,Calcutta High Court,Human Rights,Article 14,The court examined the alleged rights violation and issued directions to safeguard the affected party's constitutional protections.,"Synthetic - Illustrative (generated for dataset-scale demonstration, not a real citation)",Synthetic (Illustrative)
452,Ramesh Kumar v. Delhi Development Authority,SYN/CON/2023/1320,2023,Delhi High Court,Constitutional,Article 32,The court examined the constitutional validity of the impugned provision and clarified its scope in relation to fundamental rights.,"Synthetic - Illustrative (generated for dataset-scale demonstration, not a real citation)",Synthetic (Illustrative)
453,Union of India v. State of Rajasthan,SYN/CRI/2007/1321,2007,Bombay High Court,Criminal,Section 41A CrPC,The court examined the evidence on record and clarified the applicable standard of proof for the charged offence.,"Synthetic - Illustrative (generated for dataset-scale demonstration, not a real citation)",Synthetic (Illustrative)
454,Sunita Devi v. Krishna Textiles,SYN/CIV/2019/1322,2019,Madras High Court,Civil,Transfer of Property Act,The court clarified the applicable civil procedure and remedy available to the aggrieved party.,"Synthetic - Illustrative (generated for dataset-scale demonstration, not a real citation)",Synthetic (Illustrative)
455,Rajesh Gupta v. Bank of Baroda,SYN/FAM/2015/1323,2015,Karnataka High Court,Family,Domestic Violence Act,The court balanced the competing interests of the parties in a matrimonial/maintenance dispute and issued appropriate directions.,"Synthetic - Illustrative (generated for dataset-scale demonstration, not a real citation)",Synthetic (Illustrative)
456,State of Karnataka v. Union of India,SYN/LAB/2009/1324,2009,Rajasthan High Court,Labour,"Section 25F, ID Act",The court clarified the rights and obligations of the employer and workman under the applicable labour statute.,"Synthetic - Illustrative (generated for dataset-scale demonstration, not a real citation)",Synthetic (Illustrative)
457,National Insurance Co. Ltd. v. Union of India,SYN/COM/2007/1325,2007,Madhya Pradesh High Court,Commercial,Insolvency and Bankruptcy Code,The court interpreted the contractual/arbitration clause and clarified the parties' rights under commercial law.,"Synthetic - Illustrative (generated for dataset-scale demonstration, not a real citation)",Synthetic (Illustrative)
458,Pooja Iyer v. Krishna Textiles,SYN/CYB/2020/1326,2020,Gujarat High Court,Cyber,"IT Rules, 2021",The court examined the scope of liability under the IT Act for the alleged online offence/conduct.,"Synthetic - Illustrative (generated for dataset-scale demonstration, not a real citation)",Synthetic (Illustrative)
459,ABC Enterprises Pvt. Ltd. v. Registrar of Companies,SYN/TAX/2011/1327,2011,Gujarat High Court,Taxation,"Section 271, Income Tax Act",The court clarified the applicable tax provision and the assessee's liability under the relevant assessment.,"Synthetic - Illustrative (generated for dataset-scale demonstration, not a real citation)",Synthetic (Illustrative)
460,Rajesh Gupta v. Krishna Textiles,SYN/ADM/2008/1328,2008,Bombay High Court,Administrative,Administrative Tribunals Act,The court examined the administrative action for compliance with principles of natural justice and statutory procedure.,"Synthetic - Illustrative (generated for dataset-scale demonstration, not a real citation)",Synthetic (Illustrative)
461,Pooja Iyer v. Divisional Commissioner,SYN/HUM/2020/1329,2020,Patna High Court,Human Rights,SC/ST (Prevention of Atrocities) Act,The court examined the alleged rights violation and issued directions to safeguard the affected party's constitutional protections.,"Synthetic - Illustrative (generated for dataset-scale demonstration, not a real citation)",Synthetic (Illustrative)
462,Vikram Singh v. Union of India,SYN/CON/2012/1330,2012,Patna High Court,Constitutional,Article 32,The court examined the constitutional validity of the impugned provision and clarified its scope in relation to fundamental rights.,"Synthetic - Illustrative (generated for dataset-scale demonstration, not a real citation)",Synthetic (Illustrative)
463,State of U.P. v. State of Rajasthan,SYN/CRI/2011/1331,2011,Rajasthan High Court,Criminal,Section 420 IPC,The court examined the evidence on record and clarified the applicable standard of proof for the charged offence.,"Synthetic - Illustrative (generated for dataset-scale demonstration, not a real citation)",Synthetic (Illustrative)
464,Lakshmi Narayanan v. Delhi Development Authority (2),SYN/CIV/2013/1332,2013,Madras High Court,Civil,Transfer of Property Act,The court clarified the applicable civil procedure and remedy available to the aggrieved party.,"Synthetic - Illustrative (generated for dataset-scale demonstration, not a real citation)",Synthetic (Illustrative)
465,State of Tamil Nadu v. State of Rajasthan,SYN/FAM/2020/1333,2020,Allahabad High Court,Family,"Section 13B, HMA",The court balanced the competing interests of the parties in a matrimonial/maintenance dispute and issued appropriate directions.,"Synthetic - Illustrative (generated for dataset-scale demonstration, not a real citation)",Synthetic (Illustrative)
466,Union of India v. Vinod Kumar,SYN/LAB/2022/1334,2022,Karnataka High Court,Labour,"Section 25F, ID Act",The court clarified the rights and obligations of the employer and workman under the applicable labour statute.,"Synthetic - Illustrative (generated for dataset-scale demonstration, not a real citation)",Synthetic (Illustrative)
467,Meena Kumari v. Sudha Rani (2),SYN/COM/2007/1335,2007,Kerala High Court,Commercial,Sale of Goods Act,The court interpreted the contractual/arbitration clause and clarified the parties' rights under commercial law.,"Synthetic - Illustrative (generated for dataset-scale demonstration, not a real citation)",Synthetic (Illustrative)
468,Global Traders Pvt. Ltd. v. Union of India,SYN/CYB/2018/1336,2018,Odisha High Court,Cyber,"Section 66C, IT Act",The court examined the scope of liability under the IT Act for the alleged online offence/conduct.,"Synthetic - Illustrative (generated for dataset-scale demonstration, not a real citation)",Synthetic (Illustrative)
469,State of Karnataka v. State Bank of India,SYN/TAX/2023/1337,2023,Gujarat High Court,Taxation,Customs Act,The court clarified the applicable tax provision and the assessee's liability under the relevant assessment.,"Synthetic - Illustrative (generated for dataset-scale demonstration, not a real citation)",Synthetic (Illustrative)
470,Sunita Devi v. Krishna Textiles,SYN/ADM/2014/1338,2014,Rajasthan High Court,Administrative,Article 311,The court examined the administrative action for compliance with principles of natural justice and statutory procedure.,"Synthetic - Illustrative (generated for dataset-scale demonstration, not a real citation)",Synthetic (Illustrative)
471,State of Maharashtra v. State Bank of India,SYN/HUM/2010/1339,2010,Punjab and Haryana High Court,Human Rights,SC/ST (Prevention of Atrocities) Act,The court examined the alleged rights violation and issued directions to safeguard the affected party's constitutional protections.,"Synthetic - Illustrative (generated for dataset-scale demonstration, not a real citation)",Synthetic (Illustrative)
472,Ashok Kumar v. Sudha Rani,SYN/CON/2007/1340,2007,Gujarat High Court,Constitutional,Article 32,The court examined the constitutional validity of the impugned provision and clarified its scope in relation to fundamental rights.,"Synthetic - Illustrative (generated for dataset-scale demonstration, not a real citation)",Synthetic (Illustrative)
473,State of Tamil Nadu v. Income Tax Officer,SYN/CRI/2018/1341,2018,Odisha High Court,Criminal,Section 41A CrPC,The court examined the evidence on record and clarified the applicable standard of proof for the charged offence.,"Synthetic - Illustrative (generated for dataset-scale demonstration, not a real citation)",Synthetic (Illustrative)
474,XYZ Industries Ltd. v. Ravi Shankar,SYN/CIV/2017/1342,2017,Punjab and Haryana High Court,Civil,Transfer of Property Act,The court clarified the applicable civil procedure and remedy available to the aggrieved party.,"Synthetic - Illustrative (generated for dataset-scale demonstration, not a real citation)",Synthetic (Illustrative)
475,Priya Nair v. Income Tax Officer,SYN/FAM/2015/1343,2015,Telangana High Court,Family,Hindu Marriage Act,The court balanced the competing interests of the parties in a matrimonial/maintenance dispute and issued appropriate directions.,"Synthetic - Illustrative (generated for dataset-scale demonstration, not a real citation)",Synthetic (Illustrative)
476,XYZ Industries Ltd. v. Neha Joshi,SYN/LAB/2021/1344,2021,Bombay High Court,Labour,Factories Act,The court clarified the rights and obligations of the employer and workman under the applicable labour statute.,"Synthetic - Illustrative (generated for dataset-scale demonstration, not a real citation)",Synthetic (Illustrative)
477,Lakshmi Narayanan v. Sudha Rani,SYN/COM/2016/1345,2016,Madras High Court,Commercial,"Companies Act, 2013",The court interpreted the contractual/arbitration clause and clarified the parties' rights under commercial law.,"Synthetic - Illustrative (generated for dataset-scale demonstration, not a real citation)",Synthetic (Illustrative)
478,State of Tamil Nadu v. Delhi Development Authority,SYN/CYB/2013/1346,2013,Madras High Court,Cyber,"Section 66D, IT Act",The court examined the scope of liability under the IT Act for the alleged online offence/conduct.,"Synthetic - Illustrative (generated for dataset-scale demonstration, not a real citation)",Synthetic (Illustrative)
479,National Insurance Co. Ltd. v. Delhi Development Authority,SYN/TAX/2025/1347,2025,Karnataka High Court,Taxation,"Section 143(3), Income Tax Act",The court clarified the applicable tax provision and the assessee's liability under the relevant assessment.,"Synthetic - Illustrative (generated for dataset-scale demonstration, not a real citation)",Synthetic (Illustrative)
480,Lakshmi Narayanan v. Rekha Singh,SYN/ADM/2019/1348,2019,Karnataka High Court,Administrative,Service Rules,The court examined the administrative action for compliance with principles of natural justice and statutory procedure.,"Synthetic - Illustrative (generated for dataset-scale demonstration, not a real citation)",Synthetic (Illustrative)
481,Arjun Reddy v. Employees State Insurance Corp.,SYN/HUM/2023/1349,2023,Madhya Pradesh High Court,Human Rights,SC/ST (Prevention of Atrocities) Act,The court examined the alleged rights violation and issued directions to safeguard the affected party's constitutional protections.,"Synthetic - Illustrative (generated for dataset-scale demonstration, not a real citation)",Synthetic (Illustrative)
482,Sanjay Mehta v. State Bank of India,SYN/CON/2009/1350,2009,Allahabad High Court,Constitutional,Article 32,The court examined the constitutional validity of the impugned provision and clarified its scope in relation to fundamental rights.,"Synthetic - Illustrative (generated for dataset-scale demonstration, not a real citation)",Synthetic (Illustrative)
483,Deepak Verma v. Employees State Insurance Corp.,SYN/CRI/2025/1351,2025,Bombay High Court,Criminal,Section 420 IPC,The court examined the evidence on record and clarified the applicable standard of proof for the charged offence.,"Synthetic - Illustrative (generated for dataset-scale demonstration, not a real citation)",Synthetic (Illustrative)
484,Mohan Lal v. Divisional Commissioner,SYN/CIV/2006/1352,2006,Madhya Pradesh High Court,Civil,Transfer of Property Act,The court clarified the applicable civil procedure and remedy available to the aggrieved party.,"Synthetic - Illustrative (generated for dataset-scale demonstration, not a real citation)",Synthetic (Illustrative)
485,State of Karnataka v. Bank of Baroda,SYN/FAM/2019/1353,2019,Kerala High Court,Family,"Section 13B, HMA",The court balanced the competing interests of the parties in a matrimonial/maintenance dispute and issued appropriate directions.,"Synthetic - Illustrative (generated for dataset-scale demonstration, not a real citation)",Synthetic (Illustrative)
486,State of U.P. v. Sudha Rani,SYN/LAB/2014/1354,2014,Delhi High Court,Labour,Industrial Disputes Act,The court clarified the rights and obligations of the employer and workman under the applicable labour statute.,"Synthetic - Illustrative (generated for dataset-scale demonstration, not a real citation)",Synthetic (Illustrative)
487,State of Karnataka v. Reserve Bank of India,SYN/COM/2024/1355,2024,Patna High Court,Commercial,"Section 138, NI Act",The court interpreted the contractual/arbitration clause and clarified the parties' rights under commercial law.,"Synthetic - Illustrative (generated for dataset-scale demonstration, not a real citation)",Synthetic (Illustrative)
488,Kavita Rao v. Divisional Commissioner,SYN/CYB/2022/1356,2022,Punjab and Haryana High Court,Cyber,"Section 66C, IT Act",The court examined the scope of liability under the IT Act for the alleged online offence/conduct.,"Synthetic - Illustrative (generated for dataset-scale demonstration, not a real citation)",Synthetic (Illustrative)
489,Arjun Reddy v. PQR Industries Ltd.,SYN/TAX/2015/1357,2015,Gujarat High Court,Taxation,"Section 271, Income Tax Act",The court clarified the applicable tax provision and the assessee's liability under the relevant assessment.,"Synthetic - Illustrative (generated for dataset-scale demonstration, not a real citation)",Synthetic (Illustrative)
490,XYZ Industries Ltd. v. Delhi Development Authority,SYN/ADM/2006/1358,2006,Gujarat High Court,Administrative,Article 226,The court examined the administrative action for compliance with principles of natural justice and statutory procedure.,"Synthetic - Illustrative (generated for dataset-scale demonstration, not a real citation)",Synthetic (Illustrative)
491,Priya Nair v. Ravi Shankar,SYN/HUM/2021/1359,2021,Bombay High Court,Human Rights,Protection of Human Rights Act,The court examined the alleged rights violation and issued directions to safeguard the affected party's constitutional protections.,"Synthetic - Illustrative (generated for dataset-scale demonstration, not a real citation)",Synthetic (Illustrative)
492,Anita Sharma v. Employees State Insurance Corp.,SYN/CON/2019/1360,2019,Delhi High Court,Constitutional,Article 226,The court examined the constitutional validity of the impugned provision and clarified its scope in relation to fundamental rights.,"Synthetic - Illustrative (generated for dataset-scale demonstration, not a real citation)",Synthetic (Illustrative)
493,National Insurance Co. Ltd. v. Municipal Corporation,SYN/CRI/2016/1361,2016,Kerala High Court,Criminal,Section 420 IPC,The court examined the evidence on record and clarified the applicable standard of proof for the charged offence.,"Synthetic - Illustrative (generated for dataset-scale demonstration, not a real citation)",Synthetic (Illustrative)
494,Vikram Singh v. Vinod Kumar,SYN/CIV/2018/1362,2018,Sessions Court,Civil,Transfer of Property Act,The court clarified the applicable civil procedure and remedy available to the aggrieved party.,"Synthetic - Illustrative (generated for dataset-scale demonstration, not a real citation)",Synthetic (Illustrative)
495,National Insurance Co. Ltd. v. Union of India,SYN/FAM/2025/1363,2025,Patna High Court,Family,Guardians and Wards Act,The court balanced the competing interests of the parties in a matrimonial/maintenance dispute and issued appropriate directions.,"Synthetic - Illustrative (generated for dataset-scale demonstration, not a real citation)",Synthetic (Illustrative)
496,Priya Nair v. Neha Joshi,SYN/LAB/2022/1364,2022,Bombay High Court,Labour,Employees' Compensation Act,The court clarified the rights and obligations of the employer and workman under the applicable labour statute.,"Synthetic - Illustrative (generated for dataset-scale demonstration, not a real citation)",Synthetic (Illustrative)
497,Mohan Lal v. Reserve Bank of India,SYN/COM/2009/1365,2009,Calcutta High Court,Commercial,Insolvency and Bankruptcy Code,The court interpreted the contractual/arbitration clause and clarified the parties' rights under commercial law.,"Synthetic - Illustrative (generated for dataset-scale demonstration, not a real citation)",Synthetic (Illustrative)
498,Arjun Reddy v. Delhi Development Authority,SYN/CYB/2016/1366,2016,Bombay High Court,Cyber,"Section 43, IT Act",The court examined the scope of liability under the IT Act for the alleged online offence/conduct.,"Synthetic - Illustrative (generated for dataset-scale demonstration, not a real citation)",Synthetic (Illustrative)
499,Ashok Kumar v. Vinod Kumar,SYN/TAX/2009/1367,2009,Patna High Court,Taxation,"Section 271, Income Tax Act",The court clarified the applicable tax provision and the assessee's liability under the relevant assessment.,"Synthetic - Illustrative (generated for dataset-scale demonstration, not a real citation)",Synthetic (Illustrative)
500,State of Karnataka v. Bank of Baroda,SYN/ADM/2022/1368,2022,Telangana High Court,Administrative,Article 226,The court examined the administrative action for compliance with principles of natural justice and statutory procedure.,"Synthetic - Illustrative (generated for dataset-scale demonstration, not a real citation)",Synthetic (Illustrative)
501,Priya Nair v. Delhi Development Authority,SYN/HUM/2021/1369,2021,Patna High Court,Human Rights,Article 21,The court examined the alleged rights violation and issued directions to safeguard the affected party's constitutional protections.,"Synthetic - Illustrative (generated for dataset-scale demonstration, not a real citation)",Synthetic (Illustrative)
502,Pooja Iyer v. Krishna Textiles,SYN/CON/2021/1370,2021,Patna High Court,Constitutional,Article 21,The court examined the constitutional validity of the impugned provision and clarified its scope in relation to fundamental rights.,"Synthetic - Illustrative (generated for dataset-scale demonstration, not a real citation)",Synthetic (Illustrative)
503,Rajesh Gupta v. Bank of Baroda,SYN/CRI/2010/1371,2010,Delhi High Court,Criminal,Section 376 IPC,The court examined the evidence on record and clarified the applicable standard of proof for the charged offence.,"Synthetic - Illustrative (generated for dataset-scale demonstration, not a real citation)",Synthetic (Illustrative)
504,Lakshmi Narayanan v. Rekha Singh,SYN/CIV/2011/1372,2011,Allahabad High Court,Civil,Specific Relief Act,The court clarified the applicable civil procedure and remedy available to the aggrieved party.,"Synthetic - Illustrative (generated for dataset-scale demonstration, not a real citation)",Synthetic (Illustrative)
505,Union of India v. Ravi Shankar,SYN/FAM/2014/1373,2014,Karnataka High Court,Family,Section 125 CrPC,The court balanced the competing interests of the parties in a matrimonial/maintenance dispute and issued appropriate directions.,"Synthetic - Illustrative (generated for dataset-scale demonstration, not a real citation)",Synthetic (Illustrative)
506,Lakshmi Narayanan v. Ganesh Traders,SYN/LAB/2021/1374,2021,Kerala High Court,Labour,Industrial Disputes Act,The court clarified the rights and obligations of the employer and workman under the applicable labour statute.,"Synthetic - Illustrative (generated for dataset-scale demonstration, not a real citation)",Synthetic (Illustrative)
507,Priya Nair v. Reserve Bank of India,SYN/COM/2009/1375,2009,Patna High Court,Commercial,"Section 138, NI Act",The court interpreted the contractual/arbitration clause and clarified the parties' rights under commercial law.,"Synthetic - Illustrative (generated for dataset-scale demonstration, not a real citation)",Synthetic (Illustrative)
508,Union of India v. Municipal Corporation,SYN/CYB/2010/1376,2010,Punjab and Haryana High Court,Cyber,"IT Rules, 2021",The court examined the scope of liability under the IT Act for the alleged online offence/conduct.,"Synthetic - Illustrative (generated for dataset-scale demonstration, not a real citation)",Synthetic (Illustrative)
509,Ramesh Kumar v. Employees State Insurance Corp.,SYN/TAX/2006/1377,2006,Madhya Pradesh High Court,Taxation,Customs Act,The court clarified the applicable tax provision and the assessee's liability under the relevant assessment.,"Synthetic - Illustrative (generated for dataset-scale demonstration, not a real citation)",Synthetic (Illustrative)
510,Pooja Iyer v. Income Tax Officer,SYN/ADM/2019/1378,2019,Allahabad High Court,Administrative,Service Rules,The court examined the administrative action for compliance with principles of natural justice and statutory procedure.,"Synthetic - Illustrative (generated for dataset-scale demonstration, not a real citation)",Synthetic (Illustrative)
511,Lakshmi Narayanan v. Employees State Insurance Corp.,SYN/HUM/2012/1379,2012,Calcutta High Court,Human Rights,SC/ST (Prevention of Atrocities) Act,The court examined the alleged rights violation and issued directions to safeguard the affected party's constitutional protections.,"Synthetic - Illustrative (generated for dataset-scale demonstration, not a real citation)",Synthetic (Illustrative)
512,Vikram Singh v. Rekha Singh,SYN/CON/2011/1380,2011,Madras High Court,Constitutional,Article 21,The court examined the constitutional validity of the impugned provision and clarified its scope in relation to fundamental rights.,"Synthetic - Illustrative (generated for dataset-scale demonstration, not a real citation)",Synthetic (Illustrative)
513,Arjun Reddy v. Employees State Insurance Corp.,SYN/CRI/2019/1381,2019,Patna High Court,Criminal,Section 420 IPC,The court examined the evidence on record and clarified the applicable standard of proof for the charged offence.,"Synthetic - Illustrative (generated for dataset-scale demonstration, not a real citation)",Synthetic (Illustrative)
514,Sunita Devi v. National Highway Authority,SYN/CIV/2021/1382,2021,Madhya Pradesh High Court,Civil,Article 21,The court clarified the applicable civil procedure and remedy available to the aggrieved party.,"Synthetic - Illustrative (generated for dataset-scale demonstration, not a real citation)",Synthetic (Illustrative)
515,Suresh Patel v. Reserve Bank of India,SYN/FAM/2009/1383,2009,Karnataka High Court,Family,Guardians and Wards Act,The court balanced the competing interests of the parties in a matrimonial/maintenance dispute and issued appropriate directions.,"Synthetic - Illustrative (generated for dataset-scale demonstration, not a real citation)",Synthetic (Illustrative)
516,Sanjay Mehta v. Rekha Singh,SYN/LAB/2016/1384,2016,Delhi High Court,Labour,Factories Act,The court clarified the rights and obligations of the employer and workman under the applicable labour statute.,"Synthetic - Illustrative (generated for dataset-scale demonstration, not a real citation)",Synthetic (Illustrative)
517,State of Tamil Nadu v. National Highway Authority,SYN/COM/2008/1385,2008,Sessions Court,Commercial,Insolvency and Bankruptcy Code,The court interpreted the contractual/arbitration clause and clarified the parties' rights under commercial law.,"Synthetic - Illustrative (generated for dataset-scale demonstration, not a real citation)",Synthetic (Illustrative)
518,Lakshmi Narayanan v. Municipal Corporation,SYN/CYB/2013/1386,2013,Bombay High Court,Cyber,"Section 79, IT Act",The court examined the scope of liability under the IT Act for the alleged online offence/conduct.,"Synthetic - Illustrative (generated for dataset-scale demonstration, not a real citation)",Synthetic (Illustrative)
519,XYZ Industries Ltd. v. Delhi Development Authority,SYN/TAX/2018/1387,2018,Sessions Court,Taxation,"Section 143(3), Income Tax Act",The court clarified the applicable tax provision and the assessee's liability under the relevant assessment.,"Synthetic - Illustrative (generated for dataset-scale demonstration, not a real citation)",Synthetic (Illustrative)
520,Anita Sharma v. Employees State Insurance Corp.,SYN/ADM/2016/1388,2016,Sessions Court,Administrative,Article 311,The court examined the administrative action for compliance with principles of natural justice and statutory procedure.,"Synthetic - Illustrative (generated for dataset-scale demonstration, not a real citation)",Synthetic (Illustrative)
521,State of U.P. v. Vinod Kumar,SYN/HUM/2021/1389,2021,Punjab and Haryana High Court,Human Rights,Article 14,The court examined the alleged rights violation and issued directions to safeguard the affected party's constitutional protections.,"Synthetic - Illustrative (generated for dataset-scale demonstration, not a real citation)",Synthetic (Illustrative)
522,Sunita Devi v. Ravi Shankar (2),SYN/CON/2016/1390,2016,Madras High Court,Constitutional,Article 19,The court examined the constitutional validity of the impugned provision and clarified its scope in relation to fundamental rights.,"Synthetic - Illustrative (generated for dataset-scale demonstration, not a real citation)",Synthetic (Illustrative)
523,Priya Nair v. Neha Joshi,SYN/CRI/2025/1391,2025,Delhi High Court,Criminal,Section 420 IPC,The court examined the evidence on record and clarified the applicable standard of proof for the charged offence.,"Synthetic - Illustrative (generated for dataset-scale demonstration, not a real citation)",Synthetic (Illustrative)
524,Union of India v. Delhi Development Authority,SYN/CIV/2006/1392,2006,Madhya Pradesh High Court,Civil,Transfer of Property Act,The court clarified the applicable civil procedure and remedy available to the aggrieved party.,"Synthetic - Illustrative (generated for dataset-scale demonstration, not a real citation)",Synthetic (Illustrative)
525,Deepak Verma v. Delhi Development Authority,SYN/FAM/2020/1393,2020,Sessions Court,Family,"Section 13B, HMA",The court balanced the competing interests of the parties in a matrimonial/maintenance dispute and issued appropriate directions.,"Synthetic - Illustrative (generated for dataset-scale demonstration, not a real citation)",Synthetic (Illustrative)
526,State of Maharashtra v. Ravi Shankar,SYN/LAB/2005/1394,2005,Rajasthan High Court,Labour,Payment of Wages Act,The court clarified the rights and obligations of the employer and workman under the applicable labour statute.,"Synthetic - Illustrative (generated for dataset-scale demonstration, not a real citation)",Synthetic (Illustrative)
527,Union of India v. Ganesh Traders,SYN/COM/2024/1395,2024,Madras High Court,Commercial,"Section 138, NI Act",The court interpreted the contractual/arbitration clause and clarified the parties' rights under commercial law.,"Synthetic - Illustrative (generated for dataset-scale demonstration, not a real citation)",Synthetic (Illustrative)
528,State of Tamil Nadu v. Bank of Baroda,SYN/CYB/2012/1396,2012,Punjab and Haryana High Court,Cyber,"Section 43, IT Act",The court examined the scope of liability under the IT Act for the alleged online offence/conduct.,"Synthetic - Illustrative (generated for dataset-scale demonstration, not a real citation)",Synthetic (Illustrative)
529,State of U.P. v. Income Tax Officer,SYN/TAX/2018/1397,2018,Bombay High Court,Taxation,"Section 271, Income Tax Act",The court clarified the applicable tax provision and the assessee's liability under the relevant assessment.,"Synthetic - Illustrative (generated for dataset-scale demonstration, not a real citation)",Synthetic (Illustrative)
530,State of Karnataka v. Neha Joshi,SYN/ADM/2020/1398,2020,Gujarat High Court,Administrative,Service Rules,The court examined the administrative action for compliance with principles of natural justice and statutory procedure.,"Synthetic - Illustrative (generated for dataset-scale demonstration, not a real citation)",Synthetic (Illustrative)
531,State of Maharashtra v. National Highway Authority,SYN/HUM/2023/1399,2023,Kerala High Court,Human Rights,Protection of Human Rights Act,The court examined the alleged rights violation and issued directions to safeguard the affected party's constitutional protections.,"Synthetic - Illustrative (generated for dataset-scale demonstration, not a real citation)",Synthetic (Illustrative)
532,Union of India v. Bank of Baroda (2),SYN/CON/2018/1400,2018,Telangana High Court,Constitutional,Article 14,The court examined the constitutional validity of the impugned provision and clarified its scope in relation to fundamental rights.,"Synthetic - Illustrative (generated for dataset-scale demonstration, not a real citation)",Synthetic (Illustrative)
533,Rajesh Gupta v. Income Tax Officer (2),SYN/CRI/2023/1401,2023,Rajasthan High Court,Criminal,Section 498A IPC,The court examined the evidence on record and clarified the applicable standard of proof for the charged offence.,"Synthetic - Illustrative (generated for dataset-scale demonstration, not a real citation)",Synthetic (Illustrative)
534,Pooja Iyer v. Ravi Shankar,SYN/CIV/2021/1402,2021,Karnataka High Court,Civil,Transfer of Property Act,The court clarified the applicable civil procedure and remedy available to the aggrieved party.,"Synthetic - Illustrative (generated for dataset-scale demonstration, not a real citation)",Synthetic (Illustrative)
535,XYZ Industries Ltd. v. Ganesh Traders,SYN/FAM/2021/1403,2021,Bombay High Court,Family,Domestic Violence Act,The court balanced the competing interests of the parties in a matrimonial/maintenance dispute and issued appropriate directions.,"Synthetic - Illustrative (generated for dataset-scale demonstration, not a real citation)",Synthetic (Illustrative)
536,State of Maharashtra v. Vinod Kumar,SYN/LAB/2020/1404,2020,Kerala High Court,Labour,Industrial Disputes Act,The court clarified the rights and obligations of the employer and workman under the applicable labour statute.,"Synthetic - Illustrative (generated for dataset-scale demonstration, not a real citation)",Synthetic (Illustrative)
537,Sunita Devi v. Sudha Rani,SYN/COM/2013/1405,2013,Patna High Court,Commercial,Arbitration and Conciliation Act,The court interpreted the contractual/arbitration clause and clarified the parties' rights under commercial law.,"Synthetic - Illustrative (generated for dataset-scale demonstration, not a real citation)",Synthetic (Illustrative)
538,State of Karnataka v. Sudha Rani,SYN/CYB/2012/1406,2012,Allahabad High Court,Cyber,"Section 66C, IT Act",The court examined the scope of liability under the IT Act for the alleged online offence/conduct.,"Synthetic - Illustrative (generated for dataset-scale demonstration, not a real citation)",Synthetic (Illustrative)
539,Arjun Reddy v. State Bank of India,SYN/TAX/2009/1407,2009,Madhya Pradesh High Court,Taxation,"Section 143(3), Income Tax Act",The court clarified the applicable tax provision and the assessee's liability under the relevant assessment.,"Synthetic - Illustrative (generated for dataset-scale demonstration, not a real citation)",Synthetic (Illustrative)
540,Meena Kumari v. State Bank of India,SYN/ADM/2025/1408,2025,Allahabad High Court,Administrative,Right to Information Act,The court examined the administrative action for compliance with principles of natural justice and statutory procedure.,"Synthetic - Illustrative (generated for dataset-scale demonstration, not a real citation)",Synthetic (Illustrative)
541,Lakshmi Narayanan v. Employees State Insurance Corp. (2),SYN/HUM/2020/1409,2020,Odisha High Court,Human Rights,Protection of Human Rights Act,The court examined the alleged rights violation and issued directions to safeguard the affected party's constitutional protections.,"Synthetic - Illustrative (generated for dataset-scale demonstration, not a real citation)",Synthetic (Illustrative)
542,Union of India v. Ravi Shankar,SYN/CON/2019/1410,2019,Madhya Pradesh High Court,Constitutional,Article 14,The court examined the constitutional validity of the impugned provision and clarified its scope in relation to fundamental rights.,"Synthetic - Illustrative (generated for dataset-scale demonstration, not a real citation)",Synthetic (Illustrative)
543,Suresh Patel v. Union of India,SYN/CRI/2011/1411,2011,Calcutta High Court,Criminal,Section 302 IPC,The court examined the evidence on record and clarified the applicable standard of proof for the charged offence.,"Synthetic - Illustrative (generated for dataset-scale demonstration, not a real citation)",Synthetic (Illustrative)
544,Vikram Singh v. National Highway Authority,SYN/CIV/2017/1412,2017,Allahabad High Court,Civil,Limitation Act,The court clarified the applicable civil procedure and remedy available to the aggrieved party.,"Synthetic - Illustrative (generated for dataset-scale demonstration, not a real citation)",Synthetic (Illustrative)
545,Mohan Lal v. Union of India,SYN/FAM/2025/1413,2025,Gujarat High Court,Family,Hindu Marriage Act,The court balanced the competing interests of the parties in a matrimonial/maintenance dispute and issued appropriate directions.,"Synthetic - Illustrative (generated for dataset-scale demonstration, not a real citation)",Synthetic (Illustrative)
546,Rajesh Gupta v. Union of India,SYN/LAB/2025/1414,2025,Calcutta High Court,Labour,Payment of Wages Act,The court clarified the rights and obligations of the employer and workman under the applicable labour statute.,"Synthetic - Illustrative (generated for dataset-scale demonstration, not a real citation)",Synthetic (Illustrative)
547,State of Tamil Nadu v. Sudha Rani,SYN/COM/2018/1415,2018,Calcutta High Court,Commercial,Sale of Goods Act,The court interpreted the contractual/arbitration clause and clarified the parties' rights under commercial law.,"Synthetic - Illustrative (generated for dataset-scale demonstration, not a real citation)",Synthetic (Illustrative)
548,Kavita Rao v. Vinod Kumar,SYN/CYB/2015/1416,2015,Telangana High Court,Cyber,"Section 66D, IT Act",The court examined the scope of liability under the IT Act for the alleged online offence/conduct.,"Synthetic - Illustrative (generated for dataset-scale demonstration, not a real citation)",Synthetic (Illustrative)
549,Ashok Kumar v. Rekha Singh,SYN/TAX/2016/1417,2016,Gujarat High Court,Taxation,"Section 271, Income Tax Act",The court clarified the applicable tax provision and the assessee's liability under the relevant assessment.,"Synthetic - Illustrative (generated for dataset-scale demonstration, not a real citation)",Synthetic (Illustrative)
550,State of Karnataka v. Krishna Textiles,SYN/ADM/2007/1418,2007,Calcutta High Court,Administrative,Article 226,The court examined the administrative action for compliance with principles of natural justice and statutory procedure.,"Synthetic - Illustrative (generated for dataset-scale demonstration, not a real citation)",Synthetic (Illustrative)
551,Ramesh Kumar v. Ganesh Traders,SYN/HUM/2014/1419,2014,Rajasthan High Court,Human Rights,Article 14,The court examined the alleged rights violation and issued directions to safeguard the affected party's constitutional protections.,"Synthetic - Illustrative (generated for dataset-scale demonstration, not a real citation)",Synthetic (Illustrative)
552,State of Karnataka v. State Bank of India,SYN/CON/2014/1420,2014,Bombay High Court,Constitutional,Article 21,The court examined the constitutional validity of the impugned provision and clarified its scope in relation to fundamental rights.,"Synthetic - Illustrative (generated for dataset-scale demonstration, not a real citation)",Synthetic (Illustrative)
553,National Insurance Co. Ltd. v. Krishna Textiles (2),SYN/CRI/2010/1421,2010,Gujarat High Court,Criminal,Section 498A IPC,The court examined the evidence on record and clarified the applicable standard of proof for the charged offence.,"Synthetic - Illustrative (generated for dataset-scale demonstration, not a real citation)",Synthetic (Illustrative)
554,Kavita Rao v. Union of India (2),SYN/CIV/2016/1422,2016,Allahabad High Court,Civil,Limitation Act,The court clarified the applicable civil procedure and remedy available to the aggrieved party.,"Synthetic - Illustrative (generated for dataset-scale demonstration, not a real citation)",Synthetic (Illustrative)
555,Mohan Lal v. Union of India (2),SYN/FAM/2007/1423,2007,Punjab and Haryana High Court,Family,"Section 13B, HMA",The court balanced the competing interests of the parties in a matrimonial/maintenance dispute and issued appropriate directions.,"Synthetic - Illustrative (generated for dataset-scale demonstration, not a real citation)",Synthetic (Illustrative)
556,XYZ Industries Ltd. v. Municipal Corporation,SYN/LAB/2005/1424,2005,Allahabad High Court,Labour,"Section 25F, ID Act",The court clarified the rights and obligations of the employer and workman under the applicable labour statute.,"Synthetic - Illustrative (generated for dataset-scale demonstration, not a real citation)",Synthetic (Illustrative)
557,National Insurance Co. Ltd. v. Employees State Insurance Corp.,SYN/COM/2006/1425,2006,Odisha High Court,Commercial,"Companies Act, 2013",The court interpreted the contractual/arbitration clause and clarified the parties' rights under commercial law.,"Synthetic - Illustrative (generated for dataset-scale demonstration, not a real citation)",Synthetic (Illustrative)
558,Anita Sharma v. Sudha Rani,SYN/CYB/2016/1426,2016,Bombay High Court,Cyber,"Section 79, IT Act",The court examined the scope of liability under the IT Act for the alleged online offence/conduct.,"Synthetic - Illustrative (generated for dataset-scale demonstration, not a real citation)",Synthetic (Illustrative)
559,State of U.P. v. Reserve Bank of India,SYN/TAX/2009/1427,2009,Rajasthan High Court,Taxation,Customs Act,The court clarified the applicable tax provision and the assessee's liability under the relevant assessment.,"Synthetic - Illustrative (generated for dataset-scale demonstration, not a real citation)",Synthetic (Illustrative)
560,Rajesh Gupta v. Employees State Insurance Corp.,SYN/ADM/2007/1428,2007,Allahabad High Court,Administrative,Service Rules,The court examined the administrative action for compliance with principles of natural justice and statutory procedure.,"Synthetic - Illustrative (generated for dataset-scale demonstration, not a real citation)",Synthetic (Illustrative)
561,XYZ Industries Ltd. v. Sudha Rani,SYN/HUM/2017/1429,2017,Karnataka High Court,Human Rights,Article 14,The court examined the alleged rights violation and issued directions to safeguard the affected party's constitutional protections.,"Synthetic - Illustrative (generated for dataset-scale demonstration, not a real citation)",Synthetic (Illustrative)
562,Mohan Lal v. Income Tax Officer,SYN/CON/2008/1430,2008,Patna High Court,Constitutional,Article 14,The court examined the constitutional validity of the impugned provision and clarified its scope in relation to fundamental rights.,"Synthetic - Illustrative (generated for dataset-scale demonstration, not a real citation)",Synthetic (Illustrative)
563,Ramesh Kumar v. Rekha Singh,SYN/CRI/2021/1431,2021,Telangana High Court,Criminal,Section 498A IPC,The court examined the evidence on record and clarified the applicable standard of proof for the charged offence.,"Synthetic - Illustrative (generated for dataset-scale demonstration, not a real citation)",Synthetic (Illustrative)
564,Meena Kumari v. Neha Joshi,SYN/CIV/2013/1432,2013,Sessions Court,Civil,Transfer of Property Act,The court clarified the applicable civil procedure and remedy available to the aggrieved party.,"Synthetic - Illustrative (generated for dataset-scale demonstration, not a real citation)",Synthetic (Illustrative)
565,Kavita Rao v. PQR Industries Ltd.,SYN/FAM/2024/1433,2024,Telangana High Court,Family,Guardians and Wards Act,The court balanced the competing interests of the parties in a matrimonial/maintenance dispute and issued appropriate directions.,"Synthetic - Illustrative (generated for dataset-scale demonstration, not a real citation)",Synthetic (Illustrative)
566,Deepak Verma v. PQR Industries Ltd.,SYN/LAB/2008/1434,2008,Telangana High Court,Labour,"Section 25F, ID Act",The court clarified the rights and obligations of the employer and workman under the applicable labour statute.,"Synthetic - Illustrative (generated for dataset-scale demonstration, not a real citation)",Synthetic (Illustrative)
567,State of Karnataka v. Employees State Insurance Corp.,SYN/COM/2010/1435,2010,Odisha High Court,Commercial,Sale of Goods Act,The court interpreted the contractual/arbitration clause and clarified the parties' rights under commercial law.,"Synthetic - Illustrative (generated for dataset-scale demonstration, not a real citation)",Synthetic (Illustrative)
568,Pooja Iyer v. State Bank of India,SYN/CYB/2016/1436,2016,Bombay High Court,Cyber,"Section 66C, IT Act",The court examined the scope of liability under the IT Act for the alleged online offence/conduct.,"Synthetic - Illustrative (generated for dataset-scale demonstration, not a real citation)",Synthetic (Illustrative)
569,Meena Kumari v. Bank of Baroda,SYN/TAX/2014/1437,2014,Kerala High Court,Taxation,"Section 40A, Income Tax Act",The court clarified the applicable tax provision and the assessee's liability under the relevant assessment.,"Synthetic - Illustrative (generated for dataset-scale demonstration, not a real citation)",Synthetic (Illustrative)
570,Ashok Kumar v. Municipal Corporation,SYN/ADM/2016/1438,2016,Telangana High Court,Administrative,Service Rules,The court examined the administrative action for compliance with principles of natural justice and statutory procedure.,"Synthetic - Illustrative (generated for dataset-scale demonstration, not a real citation)",Synthetic (Illustrative)
571,State of Tamil Nadu v. PQR Industries Ltd.,SYN/HUM/2009/1439,2009,Madras High Court,Human Rights,Protection of Human Rights Act,The court examined the alleged rights violation and issued directions to safeguard the affected party's constitutional protections.,"Synthetic - Illustrative (generated for dataset-scale demonstration, not a real citation)",Synthetic (Illustrative)
572,Deepak Verma v. State of Rajasthan,SYN/CON/2016/1440,2016,Madhya Pradesh High Court,Constitutional,Article 226,The court examined the constitutional validity of the impugned provision and clarified its scope in relation to fundamental rights.,"Synthetic - Illustrative (generated for dataset-scale demonstration, not a real citation)",Synthetic (Illustrative)
573,Rajesh Gupta v. Employees State Insurance Corp.,SYN/CRI/2022/1441,2022,Rajasthan High Court,Criminal,Section 376 IPC,The court examined the evidence on record and clarified the applicable standard of proof for the charged offence.,"Synthetic - Illustrative (generated for dataset-scale demonstration, not a real citation)",Synthetic (Illustrative)
574,State of Karnataka v. Ravi Shankar,SYN/CIV/2014/1442,2014,Rajasthan High Court,Civil,Article 21,The court clarified the applicable civil procedure and remedy available to the aggrieved party.,"Synthetic - Illustrative (generated for dataset-scale demonstration, not a real citation)",Synthetic (Illustrative)
575,Global Traders Pvt. Ltd. v. Rekha Singh,SYN/FAM/2021/1443,2021,Telangana High Court,Family,"Section 13B, HMA",The court balanced the competing interests of the parties in a matrimonial/maintenance dispute and issued appropriate directions.,"Synthetic - Illustrative (generated for dataset-scale demonstration, not a real citation)",Synthetic (Illustrative)
576,ABC Enterprises Pvt. Ltd. v. Divisional Commissioner,SYN/LAB/2007/1444,2007,Madhya Pradesh High Court,Labour,"Section 25F, ID Act",The court clarified the rights and obligations of the employer and workman under the applicable labour statute.,"Synthetic - Illustrative (generated for dataset-scale demonstration, not a real citation)",Synthetic (Illustrative)
577,Sanjay Mehta v. Ravi Shankar,SYN/COM/2019/1445,2019,Allahabad High Court,Commercial,Sale of Goods Act,The court interpreted the contractual/arbitration clause and clarified the parties' rights under commercial law.,"Synthetic - Illustrative (generated for dataset-scale demonstration, not a real citation)",Synthetic (Illustrative)
578,XYZ Industries Ltd. v. Sudha Rani,SYN/CYB/2009/1446,2009,Patna High Court,Cyber,"IT Rules, 2021",The court examined the scope of liability under the IT Act for the alleged online offence/conduct.,"Synthetic - Illustrative (generated for dataset-scale demonstration, not a real citation)",Synthetic (Illustrative)
579,Arjun Reddy v. Municipal Corporation,SYN/TAX/2009/1447,2009,Patna High Court,Taxation,Customs Act,The court clarified the applicable tax provision and the assessee's liability under the relevant assessment.,"Synthetic - Illustrative (generated for dataset-scale demonstration, not a real citation)",Synthetic (Illustrative)
580,State of U.P. v. Neha Joshi,SYN/ADM/2021/1448,2021,Kerala High Court,Administrative,Right to Information Act,The court examined the administrative action for compliance with principles of natural justice and statutory procedure.,"Synthetic - Illustrative (generated for dataset-scale demonstration, not a real citation)",Synthetic (Illustrative)
581,Ramesh Kumar v. Municipal Corporation,SYN/HUM/2015/1449,2015,Calcutta High Court,Human Rights,Protection of Human Rights Act,The court examined the alleged rights violation and issued directions to safeguard the affected party's constitutional protections.,"Synthetic - Illustrative (generated for dataset-scale demonstration, not a real citation)",Synthetic (Illustrative)
582,XYZ Industries Ltd. v. Bank of Baroda,SYN/CON/2007/1450,2007,Allahabad High Court,Constitutional,Article 21,The court examined the constitutional validity of the impugned provision and clarified its scope in relation to fundamental rights.,"Synthetic - Illustrative (generated for dataset-scale demonstration, not a real citation)",Synthetic (Illustrative)
583,Sanjay Mehta v. Ganesh Traders,SYN/CRI/2013/1451,2013,Madras High Court,Criminal,Section 376 IPC,The court examined the evidence on record and clarified the applicable standard of proof for the charged offence.,"Synthetic - Illustrative (generated for dataset-scale demonstration, not a real citation)",Synthetic (Illustrative)
584,Vikram Singh v. Reserve Bank of India,SYN/CIV/2022/1452,2022,Patna High Court,Civil,"Section 9, CPC",The court clarified the applicable civil procedure and remedy available to the aggrieved party.,"Synthetic - Illustrative (generated for dataset-scale demonstration, not a real citation)",Synthetic (Illustrative)
585,Sanjay Mehta v. Municipal Corporation,SYN/FAM/2023/1453,2023,Kerala High Court,Family,Domestic Violence Act,The court balanced the competing interests of the parties in a matrimonial/maintenance dispute and issued appropriate directions.,"Synthetic - Illustrative (generated for dataset-scale demonstration, not a real citation)",Synthetic (Illustrative)
586,Ramesh Kumar v. Reserve Bank of India,SYN/LAB/2024/1454,2024,Karnataka High Court,Labour,Payment of Wages Act,The court clarified the rights and obligations of the employer and workman under the applicable labour statute.,"Synthetic - Illustrative (generated for dataset-scale demonstration, not a real citation)",Synthetic (Illustrative)
587,Arjun Reddy v. Union of India,SYN/COM/2005/1455,2005,Odisha High Court,Commercial,Arbitration and Conciliation Act,The court interpreted the contractual/arbitration clause and clarified the parties' rights under commercial law.,"Synthetic - Illustrative (generated for dataset-scale demonstration, not a real citation)",Synthetic (Illustrative)
588,Sanjay Mehta v. Divisional Commissioner,SYN/CYB/2013/1456,2013,Delhi High Court,Cyber,"Section 66D, IT Act",The court examined the scope of liability under the IT Act for the alleged online offence/conduct.,"Synthetic - Illustrative (generated for dataset-scale demonstration, not a real citation)",Synthetic (Illustrative)
589,Arjun Reddy v. Krishna Textiles,SYN/TAX/2024/1457,2024,Madhya Pradesh High Court,Taxation,"Section 143(3), Income Tax Act",The court clarified the applicable tax provision and the assessee's liability under the relevant assessment.,"Synthetic - Illustrative (generated for dataset-scale demonstration, not a real citation)",Synthetic (Illustrative)
590,Sanjay Mehta v. Ganesh Traders,SYN/ADM/2014/1458,2014,Gujarat High Court,Administrative,Administrative Tribunals Act,The court examined the administrative action for compliance with principles of natural justice and statutory procedure.,"Synthetic - Illustrative (generated for dataset-scale demonstration, not a real citation)",Synthetic (Illustrative)
591,Anita Sharma v. Vinod Kumar,SYN/HUM/2014/1459,2014,Gujarat High Court,Human Rights,Juvenile Justice Act,The court examined the alleged rights violation and issued directions to safeguard the affected party's constitutional protections.,"Synthetic - Illustrative (generated for dataset-scale demonstration, not a real citation)",Synthetic (Illustrative)
592,Ashok Kumar v. Union of India,SYN/CON/2010/1460,2010,Bombay High Court,Constitutional,Article 32,The court examined the constitutional validity of the impugned provision and clarified its scope in relation to fundamental rights.,"Synthetic - Illustrative (generated for dataset-scale demonstration, not a real citation)",Synthetic (Illustrative)
593,Deepak Verma v. Employees State Insurance Corp. (2),SYN/CRI/2011/1461,2011,Punjab and Haryana High Court,Criminal,Section 420 IPC,The court examined the evidence on record and clarified the applicable standard of proof for the charged offence.,"Synthetic - Illustrative (generated for dataset-scale demonstration, not a real citation)",Synthetic (Illustrative)
594,Union of India v. State Bank of India,SYN/CIV/2015/1462,2015,Rajasthan High Court,Civil,Transfer of Property Act,The court clarified the applicable civil procedure and remedy available to the aggrieved party.,"Synthetic - Illustrative (generated for dataset-scale demonstration, not a real citation)",Synthetic (Illustrative)
595,Union of India v. Sudha Rani,SYN/FAM/2021/1463,2021,Punjab and Haryana High Court,Family,Domestic Violence Act,The court balanced the competing interests of the parties in a matrimonial/maintenance dispute and issued appropriate directions.,"Synthetic - Illustrative (generated for dataset-scale demonstration, not a real citation)",Synthetic (Illustrative)
596,Priya Nair v. Income Tax Officer,SYN/LAB/2019/1464,2019,Bombay High Court,Labour,Industrial Disputes Act,The court clarified the rights and obligations of the employer and workman under the applicable labour statute.,"Synthetic - Illustrative (generated for dataset-scale demonstration, not a real citation)",Synthetic (Illustrative)
597,Kavita Rao v. Income Tax Officer,SYN/COM/2009/1465,2009,Calcutta High Court,Commercial,Arbitration and Conciliation Act,The court interpreted the contractual/arbitration clause and clarified the parties' rights under commercial law.,"Synthetic - Illustrative (generated for dataset-scale demonstration, not a real citation)",Synthetic (Illustrative)
598,Vikram Singh v. Vinod Kumar,SYN/CYB/2024/1466,2024,Delhi High Court,Cyber,"Section 79, IT Act",The court examined the scope of liability under the IT Act for the alleged online offence/conduct.,"Synthetic - Illustrative (generated for dataset-scale demonstration, not a real citation)",Synthetic (Illustrative)
599,Ramesh Kumar v. State Bank of India,SYN/TAX/2023/1467,2023,Madras High Court,Taxation,"GST Act, Section 74",The court clarified the applicable tax provision and the assessee's liability under the relevant assessment.,"Synthetic - Illustrative (generated for dataset-scale demonstration, not a real citation)",Synthetic (Illustrative)
600,Lakshmi Narayanan v. Municipal Corporation,SYN/ADM/2020/1468,2020,Madras High Court,Administrative,Service Rules,The court examined the administrative action for compliance with principles of natural justice and statutory procedure.,"Synthetic - Illustrative (generated for dataset-scale demonstration, not a real citation)",Synthetic (Illustrative)
601,Deepak Verma v. Bank of Baroda,SYN/HUM/2020/1469,2020,Gujarat High Court,Human Rights,Article 21,The court examined the alleged rights violation and issued directions to safeguard the affected party's constitutional protections.,"Synthetic - Illustrative (generated for dataset-scale demonstration, not a real citation)",Synthetic (Illustrative)
602,Sunita Devi v. National Highway Authority,SYN/CON/2019/1470,2019,Bombay High Court,Constitutional,Article 19,The court examined the constitutional validity of the impugned provision and clarified its scope in relation to fundamental rights.,"Synthetic - Illustrative (generated for dataset-scale demonstration, not a real citation)",Synthetic (Illustrative)
603,Arjun Reddy v. Sudha Rani,SYN/CRI/2006/1471,2006,Madras High Court,Criminal,Section 302 IPC,The court examined the evidence on record and clarified the applicable standard of proof for the charged offence.,"Synthetic - Illustrative (generated for dataset-scale demonstration, not a real citation)",Synthetic (Illustrative)
604,Deepak Verma v. Reserve Bank of India,SYN/CIV/2025/1472,2025,Calcutta High Court,Civil,Article 21,The court clarified the applicable civil procedure and remedy available to the aggrieved party.,"Synthetic - Illustrative (generated for dataset-scale demonstration, not a real citation)",Synthetic (Illustrative)
605,Meena Kumari v. State of Rajasthan,SYN/FAM/2008/1473,2008,Calcutta High Court,Family,"Section 13B, HMA",The court balanced the competing interests of the parties in a matrimonial/maintenance dispute and issued appropriate directions.,"Synthetic - Illustrative (generated for dataset-scale demonstration, not a real citation)",Synthetic (Illustrative)
606,Mohan Lal v. Sudha Rani,SYN/LAB/2017/1474,2017,Karnataka High Court,Labour,Payment of Wages Act,The court clarified the rights and obligations of the employer and workman under the applicable labour statute.,"Synthetic - Illustrative (generated for dataset-scale demonstration, not a real citation)",Synthetic (Illustrative)
607,Sunita Devi v. Union of India,SYN/COM/2023/1475,2023,Delhi High Court,Commercial,"Section 138, NI Act",The court interpreted the contractual/arbitration clause and clarified the parties' rights under commercial law.,"Synthetic - Illustrative (generated for dataset-scale demonstration, not a real citation)",Synthetic (Illustrative)
608,Rajesh Gupta v. Ganesh Traders,SYN/CYB/2014/1476,2014,Madras High Court,Cyber,"Section 66C, IT Act",The court examined the scope of liability under the IT Act for the alleged online offence/conduct.,"Synthetic - Illustrative (generated for dataset-scale demonstration, not a real citation)",Synthetic (Illustrative)
609,XYZ Industries Ltd. v. Employees State Insurance Corp.,SYN/TAX/2022/1477,2022,Punjab and Haryana High Court,Taxation,"GST Act, Section 74",The court clarified the applicable tax provision and the assessee's liability under the relevant assessment.,"Synthetic - Illustrative (generated for dataset-scale demonstration, not a real citation)",Synthetic (Illustrative)
610,National Insurance Co. Ltd. v. Reserve Bank of India,SYN/ADM/2008/1478,2008,Odisha High Court,Administrative,Right to Information Act,The court examined the administrative action for compliance with principles of natural justice and statutory procedure.,"Synthetic - Illustrative (generated for dataset-scale demonstration, not a real citation)",Synthetic (Illustrative)
611,Sunita Devi v. Sudha Rani,SYN/HUM/2015/1479,2015,Bombay High Court,Human Rights,SC/ST (Prevention of Atrocities) Act,The court examined the alleged rights violation and issued directions to safeguard the affected party's constitutional protections.,"Synthetic - Illustrative (generated for dataset-scale demonstration, not a real citation)",Synthetic (Illustrative)
612,Lakshmi Narayanan v. Delhi Development Authority,SYN/CON/2011/1480,2011,Allahabad High Court,Constitutional,Article 226,The court examined the constitutional validity of the impugned provision and clarified its scope in relation to fundamental rights.,"Synthetic - Illustrative (generated for dataset-scale demonstration, not a real citation)",Synthetic (Illustrative)
613,Sunita Devi v. National Highway Authority,SYN/CRI/2006/1481,2006,Kerala High Court,Criminal,Section 302 IPC,The court examined the evidence on record and clarified the applicable standard of proof for the charged offence.,"Synthetic - Illustrative (generated for dataset-scale demonstration, not a real citation)",Synthetic (Illustrative)
614,Union of India v. State Bank of India (2),SYN/CIV/2020/1482,2020,Delhi High Court,Civil,Limitation Act,The court clarified the applicable civil procedure and remedy available to the aggrieved party.,"Synthetic - Illustrative (generated for dataset-scale demonstration, not a real citation)",Synthetic (Illustrative)
615,Union of India v. Reserve Bank of India,SYN/FAM/2021/1483,2021,Gujarat High Court,Family,Hindu Marriage Act,The court balanced the competing interests of the parties in a matrimonial/maintenance dispute and issued appropriate directions.,"Synthetic - Illustrative (generated for dataset-scale demonstration, not a real citation)",Synthetic (Illustrative)
616,National Insurance Co. Ltd. v. State Bank of India,SYN/LAB/2010/1484,2010,Allahabad High Court,Labour,Employees' Compensation Act,The court clarified the rights and obligations of the employer and workman under the applicable labour statute.,"Synthetic - Illustrative (generated for dataset-scale demonstration, not a real citation)",Synthetic (Illustrative)
617,Global Traders Pvt. Ltd. v. Bank of Baroda,SYN/COM/2023/1485,2023,Rajasthan High Court,Commercial,Insolvency and Bankruptcy Code,The court interpreted the contractual/arbitration clause and clarified the parties' rights under commercial law.,"Synthetic - Illustrative (generated for dataset-scale demonstration, not a real citation)",Synthetic (Illustrative)
618,XYZ Industries Ltd. v. Ganesh Traders,SYN/CYB/2020/1486,2020,Kerala High Court,Cyber,"IT Rules, 2021",The court examined the scope of liability under the IT Act for the alleged online offence/conduct.,"Synthetic - Illustrative (generated for dataset-scale demonstration, not a real citation)",Synthetic (Illustrative)
619,Deepak Verma v. State of Rajasthan,SYN/TAX/2016/1487,2016,Calcutta High Court,Taxation,"GST Act, Section 74",The court clarified the applicable tax provision and the assessee's liability under the relevant assessment.,"Synthetic - Illustrative (generated for dataset-scale demonstration, not a real citation)",Synthetic (Illustrative)
620,State of Tamil Nadu v. Krishna Textiles,SYN/ADM/2023/1488,2023,Patna High Court,Administrative,Administrative Tribunals Act,The court examined the administrative action for compliance with principles of natural justice and statutory procedure.,"Synthetic - Illustrative (generated for dataset-scale demonstration, not a real citation)",Synthetic (Illustrative)
621,Global Traders Pvt. Ltd. v. State of Rajasthan,SYN/HUM/2024/1489,2024,Madhya Pradesh High Court,Human Rights,Juvenile Justice Act,The court examined the alleged rights violation and issued directions to safeguard the affected party's constitutional protections.,"Synthetic - Illustrative (generated for dataset-scale demonstration, not a real citation)",Synthetic (Illustrative)
622,Sanjay Mehta v. Divisional Commissioner (2),SYN/CON/2023/1490,2023,Calcutta High Court,Constitutional,Article 19,The court examined the constitutional validity of the impugned provision and clarified its scope in relation to fundamental rights.,"Synthetic - Illustrative (generated for dataset-scale demonstration, not a real citation)",Synthetic (Illustrative)
623,State of U.P. v. Divisional Commissioner,SYN/CRI/2020/1491,2020,Telangana High Court,Criminal,Section 376 IPC,The court examined the evidence on record and clarified the applicable standard of proof for the charged offence.,"Synthetic - Illustrative (generated for dataset-scale demonstration, not a real citation)",Synthetic (Illustrative)
624,Sanjay Mehta v. Reserve Bank of India,SYN/CIV/2017/1492,2017,Kerala High Court,Civil,Specific Relief Act,The court clarified the applicable civil procedure and remedy available to the aggrieved party.,"Synthetic - Illustrative (generated for dataset-scale demonstration, not a real citation)",Synthetic (Illustrative)
625,Pooja Iyer v. Income Tax Officer,SYN/FAM/2006/1493,2006,Odisha High Court,Family,Domestic Violence Act,The court balanced the competing interests of the parties in a matrimonial/maintenance dispute and issued appropriate directions.,"Synthetic - Illustrative (generated for dataset-scale demonstration, not a real citation)",Synthetic (Illustrative)
626,State of Tamil Nadu v. PQR Industries Ltd. (2),SYN/LAB/2005/1494,2005,Telangana High Court,Labour,Employees' Compensation Act,The court clarified the rights and obligations of the employer and workman under the applicable labour statute.,"Synthetic - Illustrative (generated for dataset-scale demonstration, not a real citation)",Synthetic (Illustrative)
627,ABC Enterprises Pvt. Ltd. v. Delhi Development Authority,SYN/COM/2018/1495,2018,Allahabad High Court,Commercial,"Companies Act, 2013",The court interpreted the contractual/arbitration clause and clarified the parties' rights under commercial law.,"Synthetic - Illustrative (generated for dataset-scale demonstration, not a real citation)",Synthetic (Illustrative)
628,XYZ Industries Ltd. v. Reserve Bank of India,SYN/CYB/2020/1496,2020,Punjab and Haryana High Court,Cyber,"Section 66C, IT Act",The court examined the scope of liability under the IT Act for the alleged online offence/conduct.,"Synthetic - Illustrative (generated for dataset-scale demonstration, not a real citation)",Synthetic (Illustrative)
629,Union of India v. National Highway Authority,SYN/TAX/2011/1497,2011,Telangana High Court,Taxation,"Section 271, Income Tax Act",The court clarified the applicable tax provision and the assessee's liability under the relevant assessment.,"Synthetic - Illustrative (generated for dataset-scale demonstration, not a real citation)",Synthetic (Illustrative)
630,Pooja Iyer v. Rekha Singh,SYN/ADM/2021/1498,2021,Allahabad High Court,Administrative,Article 226,The court examined the administrative action for compliance with principles of natural justice and statutory procedure.,"Synthetic - Illustrative (generated for dataset-scale demonstration, not a real citation)",Synthetic (Illustrative)
631,Ramesh Kumar v. Employees State Insurance Corp.,SYN/HUM/2022/1499,2022,Allahabad High Court,Human Rights,Article 14,The court examined the alleged rights violation and issued directions to safeguard the affected party's constitutional protections.,"Synthetic - Illustrative (generated for dataset-scale demonstration, not a real citation)",Synthetic (Illustrative)
632,M/s. Eicher Motors Limited v. Superintendent of GST and Central Excise,2023,2023,Madras High Court,Taxation,"Section 50, CGST Act",Held interest cannot be levied for delayed GSTR-3B filing where the tax amount was already available in the electronic cash ledger,TaxScan / Web Search,"Verified (Web-sourced, 2026)"
633,Sundyne Pumps and Compressors India Pvt. Ltd. v. Union of India & Ors.,WP/15228/2023,2023,Bombay High Court,Taxation,CGST/MGST Act,Held an Indian subsidiary billing its foreign parent on a principal-to-principal basis is not an 'agent' and qualifies for export-of-services treatment,Web Search,"Verified (Web-sourced, 2026)"
634,Bharat Heavy Electricals Ltd. v. Commissioner of GST,2023,2023,Madras High Court,Taxation,GST Act,Writ petition dismissed as infructuous after the GST Commissioner dropped the underlying proceeding,TaxScan / Web Search,"Verified (Web-sourced, 2026)"
635,Titan Company Ltd v. Joint Commissioner of GST & Anr.,W.P. No. 33164/2023,2023,Madras High Court,Taxation,GST Act,Examined a GST demand order for compliance with adjudication procedure,Web Search,"Verified (Web-sourced, 2026)"
636,M/s. Sabari Infra Private Limited v. Assistant Commissioner (ST),W.P. No. 22369/2023,2023,Madras High Court,Taxation,GST Act,Examined the validity of a GST assessment order challenged on procedural grounds,Web Search,"Verified (Web-sourced, 2026)"
637,Sanjay Mehta v. National Highway Authority (2),SYN/CON/2019/2000,2019,Madras High Court,Constitutional,Article 226,The court examined the constitutional validity of the impugned provision and clarified its scope in relation to fundamental rights.,"Synthetic - Illustrative (generated for dataset-scale demonstration, not a real citation)",Synthetic (Illustrative)
638,Kavita Rao v. Cantonment Board,SYN/CRI/2022/2001,2022,Madras High Court,Criminal,Section 41A CrPC,The court examined the evidence on record and clarified the applicable standard of proof for the charged offence.,"Synthetic - Illustrative (generated for dataset-scale demonstration, not a real citation)",Synthetic (Illustrative)
639,Nisha Kapoor v. Central Excise Department,SYN/CIV/2021/2002,2021,Himachal Pradesh High Court,Civil,Limitation Act,The court clarified the applicable civil procedure and remedy available to the aggrieved party.,"Synthetic - Illustrative (generated for dataset-scale demonstration, not a real citation)",Synthetic (Illustrative)
640,Vishal Oberoi v. Employees State Insurance Corp.,SYN/FAM/2010/2003,2010,Chhattisgarh High Court,Family,Section 125 CrPC,The court balanced the competing interests of the parties in a matrimonial/maintenance dispute and issued appropriate directions.,"Synthetic - Illustrative (generated for dataset-scale demonstration, not a real citation)",Synthetic (Illustrative)
641,Ramesh Kumar v. Neha Joshi (2),SYN/LAB/2012/2004,2012,Gauhati High Court,Labour,Industrial Disputes Act,The court clarified the rights and obligations of the employer and workman under the applicable labour statute.,"Synthetic - Illustrative (generated for dataset-scale demonstration, not a real citation)",Synthetic (Illustrative)
642,State of Maharashtra v. Land Acquisition Officer,SYN/COM/2024/2005,2024,Sessions Court,Commercial,Sale of Goods Act,The court interpreted the contractual/arbitration clause and clarified the parties' rights under commercial law.,"Synthetic - Illustrative (generated for dataset-scale demonstration, not a real citation)",Synthetic (Illustrative)
643,ABC Enterprises Pvt. Ltd. v. Vinod Kumar (2),SYN/CYB/2011/2006,2011,Patna High Court,Cyber,"Section 43, IT Act",The court examined the scope of liability under the IT Act for the alleged online offence/conduct.,"Synthetic - Illustrative (generated for dataset-scale demonstration, not a real citation)",Synthetic (Illustrative)
644,Lakshmi Narayanan v. Housing Development Board,SYN/TAX/2019/2007,2019,Telangana High Court,Taxation,"Section 50, CGST Act",The court clarified the applicable tax provision and the assessee's liability under the relevant assessment.,"Synthetic - Illustrative (generated for dataset-scale demonstration, not a real citation)",Synthetic (Illustrative)
645,Pooja Iyer v. Ravi Shankar (2),SYN/ADM/2020/2008,2020,Karnataka High Court,Administrative,Service Rules,The court examined the administrative action for compliance with principles of natural justice and statutory procedure.,"Synthetic - Illustrative (generated for dataset-scale demonstration, not a real citation)",Synthetic (Illustrative)
646,Arjun Reddy v. Employees State Insurance Corp. (2),SYN/HUM/2007/2009,2007,Rajasthan High Court,Human Rights,Bonded Labour System (Abolition) Act,The court examined the alleged rights violation and issued directions to safeguard the affected party's constitutional protections.,"Synthetic - Illustrative (generated for dataset-scale demonstration, not a real citation)",Synthetic (Illustrative)
647,National Insurance Co. Ltd. v. State of Rajasthan,SYN/CON/2025/2010,2025,Uttarakhand High Court,Constitutional,Article 19,The court examined the constitutional validity of the impugned provision and clarified its scope in relation to fundamental rights.,"Synthetic - Illustrative (generated for dataset-scale demonstration, not a real citation)",Synthetic (Illustrative)
648,Harish Chandra v. Krishna Textiles,SYN/CRI/2005/2011,2005,Telangana High Court,Criminal,Section 498A IPC,The court examined the evidence on record and clarified the applicable standard of proof for the charged offence.,"Synthetic - Illustrative (generated for dataset-scale demonstration, not a real citation)",Synthetic (Illustrative)
649,Gopal Das v. Rekha Singh,SYN/CIV/2006/2012,2006,Uttarakhand High Court,Civil,Article 21,The court clarified the applicable civil procedure and remedy available to the aggrieved party.,"Synthetic - Illustrative (generated for dataset-scale demonstration, not a real citation)",Synthetic (Illustrative)
650,Kiran Bedi Enterprises v. Cantonment Board,SYN/FAM/2018/2013,2018,Jharkhand High Court,Family,"Section 13B, HMA",The court balanced the competing interests of the parties in a matrimonial/maintenance dispute and issued appropriate directions.,"Synthetic - Illustrative (generated for dataset-scale demonstration, not a real citation)",Synthetic (Illustrative)
651,"XYZ Industries Ltd. v. Chief Engineer, PWD",SYN/LAB/2016/2014,2016,Jharkhand High Court,Labour,Factories Act,The court clarified the rights and obligations of the employer and workman under the applicable labour statute.,"Synthetic - Illustrative (generated for dataset-scale demonstration, not a real citation)",Synthetic (Illustrative)
652,Manoj Tiwari v. National Highway Authority,SYN/COM/2003/2015,2003,Chhattisgarh High Court,Commercial,"Section 138, NI Act",The court interpreted the contractual/arbitration clause and clarified the parties' rights under commercial law.,"Synthetic - Illustrative (generated for dataset-scale demonstration, not a real citation)",Synthetic (Illustrative)
653,Mohan Lal v. Land Acquisition Officer,SYN/CYB/2004/2016,2004,Gujarat High Court,Cyber,"Section 66E, IT Act",The court examined the scope of liability under the IT Act for the alleged online offence/conduct.,"Synthetic - Illustrative (generated for dataset-scale demonstration, not a real citation)",Synthetic (Illustrative)
654,Suresh Patel v. State Electricity Board,SYN/TAX/2022/2017,2022,Jharkhand High Court,Taxation,Customs Act,The court clarified the applicable tax provision and the assessee's liability under the relevant assessment.,"Synthetic - Illustrative (generated for dataset-scale demonstration, not a real citation)",Synthetic (Illustrative)
655,Vikram Singh v. Rekha Singh (2),SYN/ADM/2010/2018,2010,Chhattisgarh High Court,Administrative,Article 311,The court examined the administrative action for compliance with principles of natural justice and statutory procedure.,"Synthetic - Illustrative (generated for dataset-scale demonstration, not a real citation)",Synthetic (Illustrative)
656,Om Prakash v. State Electricity Board,SYN/HUM/2020/2019,2020,Sessions Court,Human Rights,Article 14,The court examined the alleged rights violation and issued directions to safeguard the affected party's constitutional protections.,"Synthetic - Illustrative (generated for dataset-scale demonstration, not a real citation)",Synthetic (Illustrative)
657,Farhan Ahmed v. Central Bureau of Investigation,SYN/CON/2012/2020,2012,Himachal Pradesh High Court,Constitutional,Article 32,The court examined the constitutional validity of the impugned provision and clarified its scope in relation to fundamental rights.,"Synthetic - Illustrative (generated for dataset-scale demonstration, not a real citation)",Synthetic (Illustrative)
658,Om Prakash v. Central Excise Department,SYN/CRI/2015/2021,2015,Jharkhand High Court,Criminal,Section 498A IPC,The court examined the evidence on record and clarified the applicable standard of proof for the charged offence.,"Synthetic - Illustrative (generated for dataset-scale demonstration, not a real citation)",Synthetic (Illustrative)
659,Arjun Reddy v. Land Acquisition Officer,SYN/CIV/2011/2022,2011,Punjab and Haryana High Court,Civil,"Section 9, CPC",The court clarified the applicable civil procedure and remedy available to the aggrieved party.,"Synthetic - Illustrative (generated for dataset-scale demonstration, not a real citation)",Synthetic (Illustrative)
660,Vikram Singh v. Life Insurance Corporation of India,SYN/FAM/2022/2023,2022,Bombay High Court,Family,"Section 13B, HMA",The court balanced the competing interests of the parties in a matrimonial/maintenance dispute and issued appropriate directions.,"Synthetic - Illustrative (generated for dataset-scale demonstration, not a real citation)",Synthetic (Illustrative)
661,Star Textiles Pvt. Ltd. v. Sudha Rani,SYN/LAB/2009/2024,2009,Jharkhand High Court,Labour,Payment of Wages Act,The court clarified the rights and obligations of the employer and workman under the applicable labour statute.,"Synthetic - Illustrative (generated for dataset-scale demonstration, not a real citation)",Synthetic (Illustrative)
662,Harish Chandra v. National Highway Authority,SYN/COM/2018/2025,2018,Chhattisgarh High Court,Commercial,Sale of Goods Act,The court interpreted the contractual/arbitration clause and clarified the parties' rights under commercial law.,"Synthetic - Illustrative (generated for dataset-scale demonstration, not a real citation)",Synthetic (Illustrative)
663,State of Karnataka v. Land Acquisition Officer,SYN/CYB/2012/2026,2012,Himachal Pradesh High Court,Cyber,"Section 43, IT Act",The court examined the scope of liability under the IT Act for the alleged online offence/conduct.,"Synthetic - Illustrative (generated for dataset-scale demonstration, not a real citation)",Synthetic (Illustrative)
664,Suresh Patel v. Employees State Insurance Corp.,SYN/TAX/2025/2027,2025,Sessions Court,Taxation,"Section 50, CGST Act",The court clarified the applicable tax provision and the assessee's liability under the relevant assessment.,"Synthetic - Illustrative (generated for dataset-scale demonstration, not a real citation)",Synthetic (Illustrative)
665,XYZ Industries Ltd. v. Employees State Insurance Corp. (2),SYN/ADM/2008/2028,2008,Jharkhand High Court,Administrative,Article 226,The court examined the administrative action for compliance with principles of natural justice and statutory procedure.,"Synthetic - Illustrative (generated for dataset-scale demonstration, not a real citation)",Synthetic (Illustrative)
666,Union of India v. Life Insurance Corporation of India,SYN/HUM/2011/2029,2011,Chhattisgarh High Court,Human Rights,Juvenile Justice Act,The court examined the alleged rights violation and issued directions to safeguard the affected party's constitutional protections.,"Synthetic - Illustrative (generated for dataset-scale demonstration, not a real citation)",Synthetic (Illustrative)
667,Suresh Patel v. PQR Industries Ltd.,SYN/CON/2026/2030,2026,Telangana High Court,Constitutional,Article 300A,The court examined the constitutional validity of the impugned provision and clarified its scope in relation to fundamental rights.,"Synthetic - Illustrative (generated for dataset-scale demonstration, not a real citation)",Synthetic (Illustrative)
668,Vikram Singh v. Employees State Insurance Corp. (2),SYN/CRI/2003/2031,2003,Odisha High Court,Criminal,Section 302 IPC,The court examined the evidence on record and clarified the applicable standard of proof for the charged offence.,"Synthetic - Illustrative (generated for dataset-scale demonstration, not a real citation)",Synthetic (Illustrative)
669,Geeta Menon v. Divisional Commissioner,SYN/CIV/2020/2032,2020,Delhi High Court,Civil,"Section 9, CPC",The court clarified the applicable civil procedure and remedy available to the aggrieved party.,"Synthetic - Illustrative (generated for dataset-scale demonstration, not a real citation)",Synthetic (Illustrative)
670,Sunita Devi v. Income Tax Officer (2),SYN/FAM/2006/2033,2006,Gauhati High Court,Family,Domestic Violence Act,The court balanced the competing interests of the parties in a matrimonial/maintenance dispute and issued appropriate directions.,"Synthetic - Illustrative (generated for dataset-scale demonstration, not a real citation)",Synthetic (Illustrative)
671,Fatima Sheikh v. State Pollution Control Board,SYN/LAB/2011/2034,2011,Bombay High Court,Labour,Payment of Gratuity Act,The court clarified the rights and obligations of the employer and workman under the applicable labour statute.,"Synthetic - Illustrative (generated for dataset-scale demonstration, not a real citation)",Synthetic (Illustrative)
672,Vikram Singh v. State of Rajasthan (2),SYN/COM/2013/2035,2013,Telangana High Court,Commercial,Partnership Act,The court interpreted the contractual/arbitration clause and clarified the parties' rights under commercial law.,"Synthetic - Illustrative (generated for dataset-scale demonstration, not a real citation)",Synthetic (Illustrative)
673,Sneha Pillai v. Regional Transport Authority,SYN/CYB/2018/2036,2018,Uttarakhand High Court,Cyber,"Section 66E, IT Act",The court examined the scope of liability under the IT Act for the alleged online offence/conduct.,"Synthetic - Illustrative (generated for dataset-scale demonstration, not a real citation)",Synthetic (Illustrative)
674,Fatima Sheikh v. Income Tax Officer,SYN/TAX/2018/2037,2018,Calcutta High Court,Taxation,"Section 271, Income Tax Act",The court clarified the applicable tax provision and the assessee's liability under the relevant assessment.,"Synthetic - Illustrative (generated for dataset-scale demonstration, not a real citation)",Synthetic (Illustrative)
675,Kiran Bedi Enterprises v. Cantonment Board (2),SYN/ADM/2025/2038,2025,Calcutta High Court,Administrative,Service Rules,The court examined the administrative action for compliance with principles of natural justice and statutory procedure.,"Synthetic - Illustrative (generated for dataset-scale demonstration, not a real citation)",Synthetic (Illustrative)
676,Ramesh Kumar v. Krishna Textiles (2),SYN/HUM/2024/2039,2024,Rajasthan High Court,Human Rights,Protection of Human Rights Act,The court examined the alleged rights violation and issued directions to safeguard the affected party's constitutional protections.,"Synthetic - Illustrative (generated for dataset-scale demonstration, not a real citation)",Synthetic (Illustrative)
677,Vishal Oberoi v. Bank of Baroda,SYN/CON/2019/2040,2019,Calcutta High Court,Constitutional,Article 21,The court examined the constitutional validity of the impugned provision and clarified its scope in relation to fundamental rights.,"Synthetic - Illustrative (generated for dataset-scale demonstration, not a real citation)",Synthetic (Illustrative)
678,Vikram Singh v. National Highway Authority (2),SYN/CRI/2009/2041,2009,Madhya Pradesh High Court,Criminal,Section 498A IPC,The court examined the evidence on record and clarified the applicable standard of proof for the charged offence.,"Synthetic - Illustrative (generated for dataset-scale demonstration, not a real citation)",Synthetic (Illustrative)
679,Suresh Patel v. Vinod Kumar (2),SYN/CIV/2005/2042,2005,Delhi High Court,Civil,"Section 9, CPC",The court clarified the applicable civil procedure and remedy available to the aggrieved party.,"Synthetic - Illustrative (generated for dataset-scale demonstration, not a real citation)",Synthetic (Illustrative)
680,Ashok Kumar v. Port Trust Authority,SYN/FAM/2003/2043,2003,Telangana High Court,Family,Section 125 CrPC,The court balanced the competing interests of the parties in a matrimonial/maintenance dispute and issued appropriate directions.,"Synthetic - Illustrative (generated for dataset-scale demonstration, not a real citation)",Synthetic (Illustrative)
681,Om Prakash v. State Bank of India,SYN/LAB/2024/2044,2024,Jharkhand High Court,Labour,Payment of Wages Act,The court clarified the rights and obligations of the employer and workman under the applicable labour statute.,"Synthetic - Illustrative (generated for dataset-scale demonstration, not a real citation)",Synthetic (Illustrative)
682,Sanjay Mehta v. Port Trust Authority,SYN/COM/2006/2045,2006,Sessions Court,Commercial,Sale of Goods Act,The court interpreted the contractual/arbitration clause and clarified the parties' rights under commercial law.,"Synthetic - Illustrative (generated for dataset-scale demonstration, not a real citation)",Synthetic (Illustrative)
683,Sneha Pillai v. Reserve Bank of India,SYN/CYB/2008/2046,2008,Sessions Court,Cyber,"Section 66D, IT Act",The court examined the scope of liability under the IT Act for the alleged online offence/conduct.,"Synthetic - Illustrative (generated for dataset-scale demonstration, not a real citation)",Synthetic (Illustrative)
684,Radha Krishnan v. PQR Industries Ltd.,SYN/TAX/2016/2047,2016,Uttarakhand High Court,Taxation,"Section 271, Income Tax Act",The court clarified the applicable tax provision and the assessee's liability under the relevant assessment.,"Synthetic - Illustrative (generated for dataset-scale demonstration, not a real citation)",Synthetic (Illustrative)
685,Harish Chandra v. Reserve Bank of India,SYN/ADM/2010/2048,2010,Patna High Court,Administrative,Article 14,The court examined the administrative action for compliance with principles of natural justice and statutory procedure.,"Synthetic - Illustrative (generated for dataset-scale demonstration, not a real citation)",Synthetic (Illustrative)
686,Gopal Das v. Vinod Kumar,SYN/HUM/2004/2049,2004,Karnataka High Court,Human Rights,Protection of Human Rights Act,The court examined the alleged rights violation and issued directions to safeguard the affected party's constitutional protections.,"Synthetic - Illustrative (generated for dataset-scale demonstration, not a real citation)",Synthetic (Illustrative)
687,State of Karnataka v. Life Insurance Corporation of India,SYN/CON/2020/2050,2020,Allahabad High Court,Constitutional,Article 300A,The court examined the constitutional validity of the impugned provision and clarified its scope in relation to fundamental rights.,"Synthetic - Illustrative (generated for dataset-scale demonstration, not a real citation)",Synthetic (Illustrative)
688,"Geeta Menon v. Chief Engineer, PWD",SYN/CRI/2023/2051,2023,Bombay High Court,Criminal,Section 376 IPC,The court examined the evidence on record and clarified the applicable standard of proof for the charged offence.,"Synthetic - Illustrative (generated for dataset-scale demonstration, not a real citation)",Synthetic (Illustrative)
689,State of U.P. v. Delhi Development Authority (2),SYN/CIV/2023/2052,2023,Chhattisgarh High Court,Civil,Limitation Act,The court clarified the applicable civil procedure and remedy available to the aggrieved party.,"Synthetic - Illustrative (generated for dataset-scale demonstration, not a real citation)",Synthetic (Illustrative)
690,Radha Krishnan v. Cantonment Board,SYN/FAM/2007/2053,2007,Punjab and Haryana High Court,Family,Hindu Marriage Act,The court balanced the competing interests of the parties in a matrimonial/maintenance dispute and issued appropriate directions.,"Synthetic - Illustrative (generated for dataset-scale demonstration, not a real citation)",Synthetic (Illustrative)
691,Lakshmi Narayanan v. Registrar of Companies,SYN/LAB/2016/2054,2016,Allahabad High Court,Labour,Factories Act,The court clarified the rights and obligations of the employer and workman under the applicable labour statute.,"Synthetic - Illustrative (generated for dataset-scale demonstration, not a real citation)",Synthetic (Illustrative)
692,Ramesh Kumar v. Vinod Kumar,SYN/COM/2012/2055,2012,Odisha High Court,Commercial,"Companies Act, 2013",The court interpreted the contractual/arbitration clause and clarified the parties' rights under commercial law.,"Synthetic - Illustrative (generated for dataset-scale demonstration, not a real citation)",Synthetic (Illustrative)
693,Rajesh Gupta v. Registrar of Companies,SYN/CYB/2017/2056,2017,Telangana High Court,Cyber,"Section 79, IT Act",The court examined the scope of liability under the IT Act for the alleged online offence/conduct.,"Synthetic - Illustrative (generated for dataset-scale demonstration, not a real citation)",Synthetic (Illustrative)
694,Arjun Reddy v. Employees State Insurance Corp. (3),SYN/TAX/2008/2057,2008,Odisha High Court,Taxation,"GST Act, Section 74",The court clarified the applicable tax provision and the assessee's liability under the relevant assessment.,"Synthetic - Illustrative (generated for dataset-scale demonstration, not a real citation)",Synthetic (Illustrative)
695,Om Prakash v. Employees State Insurance Corp.,SYN/ADM/2006/2058,2006,Jharkhand High Court,Administrative,Service Rules,The court examined the administrative action for compliance with principles of natural justice and statutory procedure.,"Synthetic - Illustrative (generated for dataset-scale demonstration, not a real citation)",Synthetic (Illustrative)
696,Meena Kumari v. Land Acquisition Officer,SYN/HUM/2006/2059,2006,Jharkhand High Court,Human Rights,Protection of Human Rights Act,The court examined the alleged rights violation and issued directions to safeguard the affected party's constitutional protections.,"Synthetic - Illustrative (generated for dataset-scale demonstration, not a real citation)",Synthetic (Illustrative)
697,State of Maharashtra v. State Pollution Control Board,SYN/CON/2005/2060,2005,Gujarat High Court,Constitutional,Article 21,The court examined the constitutional validity of the impugned provision and clarified its scope in relation to fundamental rights.,"Synthetic - Illustrative (generated for dataset-scale demonstration, not a real citation)",Synthetic (Illustrative)
698,Nisha Kapoor v. Ganesh Traders,SYN/CRI/2024/2061,2024,Patna High Court,Criminal,Section 376 IPC,The court examined the evidence on record and clarified the applicable standard of proof for the charged offence.,"Synthetic - Illustrative (generated for dataset-scale demonstration, not a real citation)",Synthetic (Illustrative)
699,"Ashok Kumar v. Chief Engineer, PWD",SYN/CIV/2008/2062,2008,Delhi High Court,Civil,Transfer of Property Act,The court clarified the applicable civil procedure and remedy available to the aggrieved party.,"Synthetic - Illustrative (generated for dataset-scale demonstration, not a real citation)",Synthetic (Illustrative)
700,Sneha Pillai v. Central Excise Department,SYN/FAM/2020/2063,2020,Himachal Pradesh High Court,Family,Hindu Marriage Act,The court balanced the competing interests of the parties in a matrimonial/maintenance dispute and issued appropriate directions.,"Synthetic - Illustrative (generated for dataset-scale demonstration, not a real citation)",Synthetic (Illustrative)
701,Anil Kapoor Traders v. State Electricity Board,SYN/LAB/2011/2064,2011,Madras High Court,Labour,Factories Act,The court clarified the rights and obligations of the employer and workman under the applicable labour statute.,"Synthetic - Illustrative (generated for dataset-scale demonstration, not a real citation)",Synthetic (Illustrative)
702,ABC Enterprises Pvt. Ltd. v. Divisional Commissioner (2),SYN/COM/2012/2065,2012,Uttarakhand High Court,Commercial,"Section 138, NI Act",The court interpreted the contractual/arbitration clause and clarified the parties' rights under commercial law.,"Synthetic - Illustrative (generated for dataset-scale demonstration, not a real citation)",Synthetic (Illustrative)
703,Gopal Das v. Delhi Development Authority,SYN/CYB/2006/2066,2006,Kerala High Court,Cyber,"Section 43, IT Act",The court examined the scope of liability under the IT Act for the alleged online offence/conduct.,"Synthetic - Illustrative (generated for dataset-scale demonstration, not a real citation)",Synthetic (Illustrative)
704,Balaji Constructions Ltd. v. Municipal Corporation,SYN/TAX/2006/2067,2006,Madras High Court,Taxation,"Section 50, CGST Act",The court clarified the applicable tax provision and the assessee's liability under the relevant assessment.,"Synthetic - Illustrative (generated for dataset-scale demonstration, not a real citation)",Synthetic (Illustrative)
705,Ashok Kumar v. Housing Development Board,SYN/ADM/2008/2068,2008,Bombay High Court,Administrative,Article 14,The court examined the administrative action for compliance with principles of natural justice and statutory procedure.,"Synthetic - Illustrative (generated for dataset-scale demonstration, not a real citation)",Synthetic (Illustrative)
706,Manoj Tiwari v. State Bank of India,SYN/HUM/2011/2069,2011,Madras High Court,Human Rights,SC/ST (Prevention of Atrocities) Act,The court examined the alleged rights violation and issued directions to safeguard the affected party's constitutional protections.,"Synthetic - Illustrative (generated for dataset-scale demonstration, not a real citation)",Synthetic (Illustrative)
707,Arjun Reddy v. Port Trust Authority,SYN/CON/2013/2070,2013,Karnataka High Court,Constitutional,Article 15,The court examined the constitutional validity of the impugned provision and clarified its scope in relation to fundamental rights.,"Synthetic - Illustrative (generated for dataset-scale demonstration, not a real citation)",Synthetic (Illustrative)
708,XYZ Industries Ltd. v. Ravi Shankar (2),SYN/CRI/2003/2071,2003,Kerala High Court,Criminal,Section 498A IPC,The court examined the evidence on record and clarified the applicable standard of proof for the charged offence.,"Synthetic - Illustrative (generated for dataset-scale demonstration, not a real citation)",Synthetic (Illustrative)
709,Nisha Kapoor v. State Pollution Control Board,SYN/CIV/2003/2072,2003,Kerala High Court,Civil,"Section 9, CPC",The court clarified the applicable civil procedure and remedy available to the aggrieved party.,"Synthetic - Illustrative (generated for dataset-scale demonstration, not a real citation)",Synthetic (Illustrative)
710,Deepak Verma v. State of Rajasthan (2),SYN/FAM/2012/2073,2012,Madras High Court,Family,Section 125 CrPC,The court balanced the competing interests of the parties in a matrimonial/maintenance dispute and issued appropriate directions.,"Synthetic - Illustrative (generated for dataset-scale demonstration, not a real citation)",Synthetic (Illustrative)
711,Gopal Das v. Divisional Commissioner,SYN/LAB/2014/2074,2014,Madras High Court,Labour,Payment of Wages Act,The court clarified the rights and obligations of the employer and workman under the applicable labour statute.,"Synthetic - Illustrative (generated for dataset-scale demonstration, not a real citation)",Synthetic (Illustrative)
712,Kiran Bedi Enterprises v. Life Insurance Corporation of India,SYN/COM/2023/2075,2023,Sessions Court,Commercial,Partnership Act,The court interpreted the contractual/arbitration clause and clarified the parties' rights under commercial law.,"Synthetic - Illustrative (generated for dataset-scale demonstration, not a real citation)",Synthetic (Illustrative)
713,State of Karnataka v. Port Trust Authority,SYN/CYB/2015/2076,2015,Gauhati High Court,Cyber,"Section 43, IT Act",The court examined the scope of liability under the IT Act for the alleged online offence/conduct.,"Synthetic - Illustrative (generated for dataset-scale demonstration, not a real citation)",Synthetic (Illustrative)
714,ABC Enterprises Pvt. Ltd. v. Reserve Bank of India,SYN/TAX/2017/2077,2017,Gauhati High Court,Taxation,Customs Act,The court clarified the applicable tax provision and the assessee's liability under the relevant assessment.,"Synthetic - Illustrative (generated for dataset-scale demonstration, not a real citation)",Synthetic (Illustrative)
715,"Global Traders Pvt. Ltd. v. Chief Engineer, PWD",SYN/ADM/2019/2078,2019,Madras High Court,Administrative,Article 14,The court examined the administrative action for compliance with principles of natural justice and statutory procedure.,"Synthetic - Illustrative (generated for dataset-scale demonstration, not a real citation)",Synthetic (Illustrative)
716,Lakshmi Narayanan v. Bank of Baroda,SYN/HUM/2014/2079,2014,Kerala High Court,Human Rights,Article 21,The court examined the alleged rights violation and issued directions to safeguard the affected party's constitutional protections.,"Synthetic - Illustrative (generated for dataset-scale demonstration, not a real citation)",Synthetic (Illustrative)
717,State of U.P. v. Bank of Baroda (2),SYN/CON/2025/2080,2025,Odisha High Court,Constitutional,Article 19,The court examined the constitutional validity of the impugned provision and clarified its scope in relation to fundamental rights.,"Synthetic - Illustrative (generated for dataset-scale demonstration, not a real citation)",Synthetic (Illustrative)
718,Anita Sharma v. Bank of Baroda (2),SYN/CRI/2016/2081,2016,Rajasthan High Court,Criminal,Section 420 IPC,The court examined the evidence on record and clarified the applicable standard of proof for the charged offence.,"Synthetic - Illustrative (generated for dataset-scale demonstration, not a real citation)",Synthetic (Illustrative)
719,State of U.P. v. Ganesh Traders,SYN/CIV/2013/2082,2013,Uttarakhand High Court,Civil,Specific Relief Act,The court clarified the applicable civil procedure and remedy available to the aggrieved party.,"Synthetic - Illustrative (generated for dataset-scale demonstration, not a real citation)",Synthetic (Illustrative)
720,State of Tamil Nadu v. Housing Development Board,SYN/FAM/2006/2083,2006,Himachal Pradesh High Court,Family,Hindu Marriage Act,The court balanced the competing interests of the parties in a matrimonial/maintenance dispute and issued appropriate directions.,"Synthetic - Illustrative (generated for dataset-scale demonstration, not a real citation)",Synthetic (Illustrative)
721,Anita Sharma v. Neha Joshi (2),SYN/LAB/2004/2084,2004,Gauhati High Court,Labour,"Section 25F, ID Act",The court clarified the rights and obligations of the employer and workman under the applicable labour statute.,"Synthetic - Illustrative (generated for dataset-scale demonstration, not a real citation)",Synthetic (Illustrative)
722,Ashok Kumar v. Reserve Bank of India,SYN/COM/2023/2085,2023,Jharkhand High Court,Commercial,Partnership Act,The court interpreted the contractual/arbitration clause and clarified the parties' rights under commercial law.,"Synthetic - Illustrative (generated for dataset-scale demonstration, not a real citation)",Synthetic (Illustrative)
723,State of U.P. v. Krishna Textiles (2),SYN/CYB/2021/2086,2021,Rajasthan High Court,Cyber,"Section 66D, IT Act",The court examined the scope of liability under the IT Act for the alleged online offence/conduct.,"Synthetic - Illustrative (generated for dataset-scale demonstration, not a real citation)",Synthetic (Illustrative)
724,Nisha Kapoor v. Vinod Kumar,SYN/TAX/2015/2087,2015,Telangana High Court,Taxation,"Section 40A, Income Tax Act",The court clarified the applicable tax provision and the assessee's liability under the relevant assessment.,"Synthetic - Illustrative (generated for dataset-scale demonstration, not a real citation)",Synthetic (Illustrative)
725,Kavita Rao v. Regional Transport Authority,SYN/ADM/2007/2088,2007,Odisha High Court,Administrative,Right to Information Act,The court examined the administrative action for compliance with principles of natural justice and statutory procedure.,"Synthetic - Illustrative (generated for dataset-scale demonstration, not a real citation)",Synthetic (Illustrative)
726,State of U.P. v. Central Bureau of Investigation,SYN/HUM/2025/2089,2025,Himachal Pradesh High Court,Human Rights,SC/ST (Prevention of Atrocities) Act,The court examined the alleged rights violation and issued directions to safeguard the affected party's constitutional protections.,"Synthetic - Illustrative (generated for dataset-scale demonstration, not a real citation)",Synthetic (Illustrative)
727,Farhan Ahmed v. Cantonment Board,SYN/CON/2011/2090,2011,Himachal Pradesh High Court,Constitutional,Article 300A,The court examined the constitutional validity of the impugned provision and clarified its scope in relation to fundamental rights.,"Synthetic - Illustrative (generated for dataset-scale demonstration, not a real citation)",Synthetic (Illustrative)
728,Kavita Rao v. State of Rajasthan (2),SYN/CRI/2003/2091,2003,Calcutta High Court,Criminal,Section 420 IPC,The court examined the evidence on record and clarified the applicable standard of proof for the charged offence.,"Synthetic - Illustrative (generated for dataset-scale demonstration, not a real citation)",Synthetic (Illustrative)
729,Om Prakash v. Krishna Textiles,SYN/CIV/2011/2092,2011,Himachal Pradesh High Court,Civil,Transfer of Property Act,The court clarified the applicable civil procedure and remedy available to the aggrieved party.,"Synthetic - Illustrative (generated for dataset-scale demonstration, not a real citation)",Synthetic (Illustrative)
730,Shweta Iyengar v. Divisional Commissioner,SYN/FAM/2005/2093,2005,Calcutta High Court,Family,Hindu Marriage Act,The court balanced the competing interests of the parties in a matrimonial/maintenance dispute and issued appropriate directions.,"Synthetic - Illustrative (generated for dataset-scale demonstration, not a real citation)",Synthetic (Illustrative)
731,State of Karnataka v. Life Insurance Corporation of India (2),SYN/LAB/2019/2094,2019,Himachal Pradesh High Court,Labour,Payment of Wages Act,The court clarified the rights and obligations of the employer and workman under the applicable labour statute.,"Synthetic - Illustrative (generated for dataset-scale demonstration, not a real citation)",Synthetic (Illustrative)
732,Shweta Iyengar v. National Highway Authority,SYN/COM/2026/2095,2026,Patna High Court,Commercial,Insolvency and Bankruptcy Code,The court interpreted the contractual/arbitration clause and clarified the parties' rights under commercial law.,"Synthetic - Illustrative (generated for dataset-scale demonstration, not a real citation)",Synthetic (Illustrative)
733,State of Maharashtra v. Life Insurance Corporation of India,SYN/CYB/2010/2096,2010,Bombay High Court,Cyber,"Section 79, IT Act",The court examined the scope of liability under the IT Act for the alleged online offence/conduct.,"Synthetic - Illustrative (generated for dataset-scale demonstration, not a real citation)",Synthetic (Illustrative)
734,Kavita Rao v. Central Bureau of Investigation,SYN/TAX/2019/2097,2019,Bombay High Court,Taxation,"Section 40A, Income Tax Act",The court clarified the applicable tax provision and the assessee's liability under the relevant assessment.,"Synthetic - Illustrative (generated for dataset-scale demonstration, not a real citation)",Synthetic (Illustrative)
735,Global Traders Pvt. Ltd. v. State Pollution Control Board,SYN/ADM/2010/2098,2010,Madhya Pradesh High Court,Administrative,Service Rules,The court examined the administrative action for compliance with principles of natural justice and statutory procedure.,"Synthetic - Illustrative (generated for dataset-scale demonstration, not a real citation)",Synthetic (Illustrative)
736,"Pooja Iyer v. Chief Engineer, PWD",SYN/HUM/2009/2099,2009,Kerala High Court,Human Rights,Article 14,The court examined the alleged rights violation and issued directions to safeguard the affected party's constitutional protections.,"Synthetic - Illustrative (generated for dataset-scale demonstration, not a real citation)",Synthetic (Illustrative)
737,Harish Chandra v. Life Insurance Corporation of India,SYN/CON/2017/2100,2017,Telangana High Court,Constitutional,Article 32,The court examined the constitutional validity of the impugned provision and clarified its scope in relation to fundamental rights.,"Synthetic - Illustrative (generated for dataset-scale demonstration, not a real citation)",Synthetic (Illustrative)
738,Vishal Oberoi v. Bank of Baroda (2),SYN/CRI/2009/2101,2009,Chhattisgarh High Court,Criminal,Section 376 IPC,The court examined the evidence on record and clarified the applicable standard of proof for the charged offence.,"Synthetic - Illustrative (generated for dataset-scale demonstration, not a real citation)",Synthetic (Illustrative)
739,Vikram Singh v. Rekha Singh (3),SYN/CIV/2003/2102,2003,Odisha High Court,Civil,Transfer of Property Act,The court clarified the applicable civil procedure and remedy available to the aggrieved party.,"Synthetic - Illustrative (generated for dataset-scale demonstration, not a real citation)",Synthetic (Illustrative)
740,Nisha Kapoor v. Central Excise Department (2),SYN/FAM/2004/2103,2004,Jharkhand High Court,Family,Hindu Succession Act,The court balanced the competing interests of the parties in a matrimonial/maintenance dispute and issued appropriate directions.,"Synthetic - Illustrative (generated for dataset-scale demonstration, not a real citation)",Synthetic (Illustrative)
741,Ramesh Kumar v. Bank of Baroda,SYN/LAB/2014/2104,2014,Allahabad High Court,Labour,Factories Act,The court clarified the rights and obligations of the employer and workman under the applicable labour statute.,"Synthetic - Illustrative (generated for dataset-scale demonstration, not a real citation)",Synthetic (Illustrative)
742,Mohan Lal v. State Electricity Board,SYN/COM/2026/2105,2026,Kerala High Court,Commercial,Arbitration and Conciliation Act,The court interpreted the contractual/arbitration clause and clarified the parties' rights under commercial law.,"Synthetic - Illustrative (generated for dataset-scale demonstration, not a real citation)",Synthetic (Illustrative)
743,Fatima Sheikh v. PQR Industries Ltd.,SYN/CYB/2025/2106,2025,Delhi High Court,Cyber,"IT Rules, 2021",The court examined the scope of liability under the IT Act for the alleged online offence/conduct.,"Synthetic - Illustrative (generated for dataset-scale demonstration, not a real citation)",Synthetic (Illustrative)
744,Sneha Pillai v. Union of India,SYN/TAX/2015/2107,2015,Rajasthan High Court,Taxation,Customs Act,The court clarified the applicable tax provision and the assessee's liability under the relevant assessment.,"Synthetic - Illustrative (generated for dataset-scale demonstration, not a real citation)",Synthetic (Illustrative)
745,Radha Krishnan v. Central Excise Department,SYN/ADM/2023/2108,2023,Himachal Pradesh High Court,Administrative,Article 14,The court examined the administrative action for compliance with principles of natural justice and statutory procedure.,"Synthetic - Illustrative (generated for dataset-scale demonstration, not a real citation)",Synthetic (Illustrative)
746,Manoj Tiwari v. Neha Joshi,SYN/HUM/2005/2109,2005,Allahabad High Court,Human Rights,Protection of Human Rights Act,The court examined the alleged rights violation and issued directions to safeguard the affected party's constitutional protections.,"Synthetic - Illustrative (generated for dataset-scale demonstration, not a real citation)",Synthetic (Illustrative)
747,Pooja Iyer v. Ganesh Traders (2),SYN/CON/2011/2110,2011,Madhya Pradesh High Court,Constitutional,Article 19,The court examined the constitutional validity of the impugned provision and clarified its scope in relation to fundamental rights.,"Synthetic - Illustrative (generated for dataset-scale demonstration, not a real citation)",Synthetic (Illustrative)
748,Vishal Oberoi v. Central Bureau of Investigation,SYN/CRI/2009/2111,2009,Bombay High Court,Criminal,Section 376 IPC,The court examined the evidence on record and clarified the applicable standard of proof for the charged offence.,"Synthetic - Illustrative (generated for dataset-scale demonstration, not a real citation)",Synthetic (Illustrative)
749,Arjun Reddy v. Ganesh Traders (2),SYN/CIV/2012/2112,2012,Rajasthan High Court,Civil,Transfer of Property Act,The court clarified the applicable civil procedure and remedy available to the aggrieved party.,"Synthetic - Illustrative (generated for dataset-scale demonstration, not a real citation)",Synthetic (Illustrative)
750,Lakshmi Narayanan v. PQR Industries Ltd.,SYN/FAM/2026/2113,2026,Calcutta High Court,Family,Hindu Succession Act,The court balanced the competing interests of the parties in a matrimonial/maintenance dispute and issued appropriate directions.,"Synthetic - Illustrative (generated for dataset-scale demonstration, not a real citation)",Synthetic (Illustrative)
751,Kiran Bedi Enterprises v. Life Insurance Corporation of India (2),SYN/LAB/2018/2114,2018,Delhi High Court,Labour,Employees' Compensation Act,The court clarified the rights and obligations of the employer and workman under the applicable labour statute.,"Synthetic - Illustrative (generated for dataset-scale demonstration, not a real citation)",Synthetic (Illustrative)
752,Fatima Sheikh v. Municipal Corporation,SYN/COM/2026/2115,2026,Telangana High Court,Commercial,"Section 138, NI Act",The court interpreted the contractual/arbitration clause and clarified the parties' rights under commercial law.,"Synthetic - Illustrative (generated for dataset-scale demonstration, not a real citation)",Synthetic (Illustrative)
753,Rajesh Gupta v. State Bank of India,SYN/CYB/2020/2116,2020,Delhi High Court,Cyber,"Section 66D, IT Act",The court examined the scope of liability under the IT Act for the alleged online offence/conduct.,"Synthetic - Illustrative (generated for dataset-scale demonstration, not a real citation)",Synthetic (Illustrative)
754,State of U.P. v. Cantonment Board,SYN/TAX/2006/2117,2006,Allahabad High Court,Taxation,"Section 271, Income Tax Act",The court clarified the applicable tax provision and the assessee's liability under the relevant assessment.,"Synthetic - Illustrative (generated for dataset-scale demonstration, not a real citation)",Synthetic (Illustrative)
755,Global Traders Pvt. Ltd. v. Ravi Shankar (2),SYN/ADM/2014/2118,2014,Delhi High Court,Administrative,Administrative Tribunals Act,The court examined the administrative action for compliance with principles of natural justice and statutory procedure.,"Synthetic - Illustrative (generated for dataset-scale demonstration, not a real citation)",Synthetic (Illustrative)
756,Fatima Sheikh v. Delhi Development Authority,SYN/HUM/2022/2119,2022,Punjab and Haryana High Court,Human Rights,SC/ST (Prevention of Atrocities) Act,The court examined the alleged rights violation and issued directions to safeguard the affected party's constitutional protections.,"Synthetic - Illustrative (generated for dataset-scale demonstration, not a real citation)",Synthetic (Illustrative)
757,Mohan Lal v. Neha Joshi,SYN/CON/2013/2120,2013,Gujarat High Court,Constitutional,Article 21,The court examined the constitutional validity of the impugned provision and clarified its scope in relation to fundamental rights.,"Synthetic - Illustrative (generated for dataset-scale demonstration, not a real citation)",Synthetic (Illustrative)
758,Union of India v. Vinod Kumar (2),SYN/CRI/2011/2121,2011,Madras High Court,Criminal,Section 41A CrPC,The court examined the evidence on record and clarified the applicable standard of proof for the charged offence.,"Synthetic - Illustrative (generated for dataset-scale demonstration, not a real citation)",Synthetic (Illustrative)
759,Anita Sharma v. Sudha Rani (2),SYN/CIV/2018/2122,2018,Rajasthan High Court,Civil,Article 21,The court clarified the applicable civil procedure and remedy available to the aggrieved party.,"Synthetic - Illustrative (generated for dataset-scale demonstration, not a real citation)",Synthetic (Illustrative)
760,Gopal Das v. National Highway Authority,SYN/FAM/2010/2123,2010,Madras High Court,Family,Guardians and Wards Act,The court balanced the competing interests of the parties in a matrimonial/maintenance dispute and issued appropriate directions.,"Synthetic - Illustrative (generated for dataset-scale demonstration, not a real citation)",Synthetic (Illustrative)
761,Vishal Oberoi v. Sudha Rani,SYN/LAB/2005/2124,2005,Sessions Court,Labour,Industrial Disputes Act,The court clarified the rights and obligations of the employer and workman under the applicable labour statute.,"Synthetic - Illustrative (generated for dataset-scale demonstration, not a real citation)",Synthetic (Illustrative)
762,Star Textiles Pvt. Ltd. v. Regional Transport Authority,SYN/COM/2012/2125,2012,Karnataka High Court,Commercial,Insolvency and Bankruptcy Code,The court interpreted the contractual/arbitration clause and clarified the parties' rights under commercial law.,"Synthetic - Illustrative (generated for dataset-scale demonstration, not a real citation)",Synthetic (Illustrative)
763,Priya Nair v. State Bank of India (2),SYN/CYB/2016/2126,2016,Gujarat High Court,Cyber,"IT Rules, 2021",The court examined the scope of liability under the IT Act for the alleged online offence/conduct.,"Synthetic - Illustrative (generated for dataset-scale demonstration, not a real citation)",Synthetic (Illustrative)
764,Pooja Iyer v. State Bank of India (2),SYN/TAX/2026/2127,2026,Himachal Pradesh High Court,Taxation,"Section 50, CGST Act",The court clarified the applicable tax provision and the assessee's liability under the relevant assessment.,"Synthetic - Illustrative (generated for dataset-scale demonstration, not a real citation)",Synthetic (Illustrative)
765,Farhan Ahmed v. State Bank of India,SYN/ADM/2008/2128,2008,Chhattisgarh High Court,Administrative,Right to Information Act,The court examined the administrative action for compliance with principles of natural justice and statutory procedure.,"Synthetic - Illustrative (generated for dataset-scale demonstration, not a real citation)",Synthetic (Illustrative)
766,"Kavita Rao v. Chief Engineer, PWD",SYN/HUM/2025/2129,2025,Sessions Court,Human Rights,Article 14,The court examined the alleged rights violation and issued directions to safeguard the affected party's constitutional protections.,"Synthetic - Illustrative (generated for dataset-scale demonstration, not a real citation)",Synthetic (Illustrative)
767,Nisha Kapoor v. Land Acquisition Officer,SYN/CON/2021/2130,2021,Telangana High Court,Constitutional,Article 21,The court examined the constitutional validity of the impugned provision and clarified its scope in relation to fundamental rights.,"Synthetic - Illustrative (generated for dataset-scale demonstration, not a real citation)",Synthetic (Illustrative)
768,Vikram Singh v. Employees State Insurance Corp. (3),SYN/CRI/2026/2131,2026,Punjab and Haryana High Court,Criminal,Section 41A CrPC,The court examined the evidence on record and clarified the applicable standard of proof for the charged offence.,"Synthetic - Illustrative (generated for dataset-scale demonstration, not a real citation)",Synthetic (Illustrative)
769,Balaji Constructions Ltd. v. Registrar of Companies,SYN/CIV/2013/2132,2013,Calcutta High Court,Civil,"Section 9, CPC",The court clarified the applicable civil procedure and remedy available to the aggrieved party.,"Synthetic - Illustrative (generated for dataset-scale demonstration, not a real citation)",Synthetic (Illustrative)
770,Meena Kumari v. Land Acquisition Officer (2),SYN/FAM/2017/2133,2017,Patna High Court,Family,Guardians and Wards Act,The court balanced the competing interests of the parties in a matrimonial/maintenance dispute and issued appropriate directions.,"Synthetic - Illustrative (generated for dataset-scale demonstration, not a real citation)",Synthetic (Illustrative)
771,Fatima Sheikh v. Life Insurance Corporation of India,SYN/LAB/2011/2134,2011,Calcutta High Court,Labour,"Section 25F, ID Act",The court clarified the rights and obligations of the employer and workman under the applicable labour statute.,"Synthetic - Illustrative (generated for dataset-scale demonstration, not a real citation)",Synthetic (Illustrative)
772,Vikram Singh v. Ganesh Traders,SYN/COM/2006/2135,2006,Patna High Court,Commercial,Insolvency and Bankruptcy Code,The court interpreted the contractual/arbitration clause and clarified the parties' rights under commercial law.,"Synthetic - Illustrative (generated for dataset-scale demonstration, not a real citation)",Synthetic (Illustrative)
773,Sneha Pillai v. Employees State Insurance Corp.,SYN/CYB/2023/2136,2023,Rajasthan High Court,Cyber,"Section 79, IT Act",The court examined the scope of liability under the IT Act for the alleged online offence/conduct.,"Synthetic - Illustrative (generated for dataset-scale demonstration, not a real citation)",Synthetic (Illustrative)
774,State of U.P. v. Ganesh Traders (2),SYN/TAX/2025/2137,2025,Madhya Pradesh High Court,Taxation,"GST Act, Section 74",The court clarified the applicable tax provision and the assessee's liability under the relevant assessment.,"Synthetic - Illustrative (generated for dataset-scale demonstration, not a real citation)",Synthetic (Illustrative)
775,Pooja Iyer v. Neha Joshi (2),SYN/ADM/2024/2138,2024,Odisha High Court,Administrative,Article 226,The court examined the administrative action for compliance with principles of natural justice and statutory procedure.,"Synthetic - Illustrative (generated for dataset-scale demonstration, not a real citation)",Synthetic (Illustrative)
776,Radha Krishnan v. PQR Industries Ltd. (2),SYN/HUM/2016/2139,2016,Himachal Pradesh High Court,Human Rights,Article 14,The court examined the alleged rights violation and issued directions to safeguard the affected party's constitutional protections.,"Synthetic - Illustrative (generated for dataset-scale demonstration, not a real citation)",Synthetic (Illustrative)
777,State of Tamil Nadu v. Port Trust Authority,SYN/CON/2015/2140,2015,Patna High Court,Constitutional,Article 226,The court examined the constitutional validity of the impugned provision and clarified its scope in relation to fundamental rights.,"Synthetic - Illustrative (generated for dataset-scale demonstration, not a real citation)",Synthetic (Illustrative)
778,State of Maharashtra v. Registrar of Companies (2),SYN/CRI/2020/2141,2020,Allahabad High Court,Criminal,Section 34 IPC,The court examined the evidence on record and clarified the applicable standard of proof for the charged offence.,"Synthetic - Illustrative (generated for dataset-scale demonstration, not a real citation)",Synthetic (Illustrative)
779,Mohan Lal v. State Bank of India (3),SYN/CIV/2021/2142,2021,Kerala High Court,Civil,"Order VII Rule 11, CPC",The court clarified the applicable civil procedure and remedy available to the aggrieved party.,"Synthetic - Illustrative (generated for dataset-scale demonstration, not a real citation)",Synthetic (Illustrative)
780,Nisha Kapoor v. Land Acquisition Officer (2),SYN/FAM/2018/2143,2018,Gauhati High Court,Family,"Section 13B, HMA",The court balanced the competing interests of the parties in a matrimonial/maintenance dispute and issued appropriate directions.,"Synthetic - Illustrative (generated for dataset-scale demonstration, not a real citation)",Synthetic (Illustrative)
781,State of Maharashtra v. Union of India (2),SYN/LAB/2010/2144,2010,Patna High Court,Labour,Payment of Gratuity Act,The court clarified the rights and obligations of the employer and workman under the applicable labour statute.,"Synthetic - Illustrative (generated for dataset-scale demonstration, not a real citation)",Synthetic (Illustrative)
782,Meena Kumari v. State Bank of India (2),SYN/COM/2003/2145,2003,Madras High Court,Commercial,"Companies Act, 2013",The court interpreted the contractual/arbitration clause and clarified the parties' rights under commercial law.,"Synthetic - Illustrative (generated for dataset-scale demonstration, not a real citation)",Synthetic (Illustrative)
783,Manoj Tiwari v. Registrar of Companies,SYN/CYB/2022/2146,2022,Sessions Court,Cyber,"Section 66E, IT Act",The court examined the scope of liability under the IT Act for the alleged online offence/conduct.,"Synthetic - Illustrative (generated for dataset-scale demonstration, not a real citation)",Synthetic (Illustrative)
784,Ramesh Kumar v. Ganesh Traders (2),SYN/TAX/2025/2147,2025,Telangana High Court,Taxation,"Section 40A, Income Tax Act",The court clarified the applicable tax provision and the assessee's liability under the relevant assessment.,"Synthetic - Illustrative (generated for dataset-scale demonstration, not a real citation)",Synthetic (Illustrative)
785,State of Maharashtra v. Neha Joshi,SYN/ADM/2007/2148,2007,Himachal Pradesh High Court,Administrative,Administrative Tribunals Act,The court examined the administrative action for compliance with principles of natural justice and statutory procedure.,"Synthetic - Illustrative (generated for dataset-scale demonstration, not a real citation)",Synthetic (Illustrative)
786,Harish Chandra v. PQR Industries Ltd.,SYN/HUM/2022/2149,2022,Gujarat High Court,Human Rights,Bonded Labour System (Abolition) Act,The court examined the alleged rights violation and issued directions to safeguard the affected party's constitutional protections.,"Synthetic - Illustrative (generated for dataset-scale demonstration, not a real citation)",Synthetic (Illustrative)
787,National Insurance Co. Ltd. v. Ravi Shankar (2),SYN/CON/2021/2150,2021,Allahabad High Court,Constitutional,Article 21,The court examined the constitutional validity of the impugned provision and clarified its scope in relation to fundamental rights.,"Synthetic - Illustrative (generated for dataset-scale demonstration, not a real citation)",Synthetic (Illustrative)
788,Vishal Oberoi v. Ganesh Traders,SYN/CRI/2007/2151,2007,Jharkhand High Court,Criminal,Section 302 IPC,The court examined the evidence on record and clarified the applicable standard of proof for the charged offence.,"Synthetic - Illustrative (generated for dataset-scale demonstration, not a real citation)",Synthetic (Illustrative)
789,Meena Kumari v. State Pollution Control Board,SYN/CIV/2016/2152,2016,Delhi High Court,Civil,"Section 9, CPC",The court clarified the applicable civil procedure and remedy available to the aggrieved party.,"Synthetic - Illustrative (generated for dataset-scale demonstration, not a real citation)",Synthetic (Illustrative)
790,Gopal Das v. Housing Development Board,SYN/FAM/2019/2153,2019,Allahabad High Court,Family,Hindu Marriage Act,The court balanced the competing interests of the parties in a matrimonial/maintenance dispute and issued appropriate directions.,"Synthetic - Illustrative (generated for dataset-scale demonstration, not a real citation)",Synthetic (Illustrative)
791,Pooja Iyer v. State Bank of India (3),SYN/LAB/2014/2154,2014,Chhattisgarh High Court,Labour,Payment of Wages Act,The court clarified the rights and obligations of the employer and workman under the applicable labour statute.,"Synthetic - Illustrative (generated for dataset-scale demonstration, not a real citation)",Synthetic (Illustrative)
792,Om Prakash v. Registrar of Companies,SYN/COM/2018/2155,2018,Gauhati High Court,Commercial,Insolvency and Bankruptcy Code,The court interpreted the contractual/arbitration clause and clarified the parties' rights under commercial law.,"Synthetic - Illustrative (generated for dataset-scale demonstration, not a real citation)",Synthetic (Illustrative)
793,State of Karnataka v. Life Insurance Corporation of India (3),SYN/CYB/2018/2156,2018,Kerala High Court,Cyber,"Section 66D, IT Act",The court examined the scope of liability under the IT Act for the alleged online offence/conduct.,"Synthetic - Illustrative (generated for dataset-scale demonstration, not a real citation)",Synthetic (Illustrative)
794,Om Prakash v. Central Excise Department (2),SYN/TAX/2014/2157,2014,Delhi High Court,Taxation,"GST Act, Section 74",The court clarified the applicable tax provision and the assessee's liability under the relevant assessment.,"Synthetic - Illustrative (generated for dataset-scale demonstration, not a real citation)",Synthetic (Illustrative)
795,Sunita Devi v. Sudha Rani (2),SYN/ADM/2011/2158,2011,Sessions Court,Administrative,Service Rules,The court examined the administrative action for compliance with principles of natural justice and statutory procedure.,"Synthetic - Illustrative (generated for dataset-scale demonstration, not a real citation)",Synthetic (Illustrative)
796,National Insurance Co. Ltd. v. PQR Industries Ltd. (2),SYN/HUM/2021/2159,2021,Madhya Pradesh High Court,Human Rights,Article 21,The court examined the alleged rights violation and issued directions to safeguard the affected party's constitutional protections.,"Synthetic - Illustrative (generated for dataset-scale demonstration, not a real citation)",Synthetic (Illustrative)
797,Union of India v. Housing Development Board,SYN/CON/2026/2160,2026,Odisha High Court,Constitutional,Article 226,The court examined the constitutional validity of the impugned provision and clarified its scope in relation to fundamental rights.,"Synthetic - Illustrative (generated for dataset-scale demonstration, not a real citation)",Synthetic (Illustrative)
798,Fatima Sheikh v. Regional Transport Authority,SYN/CRI/2012/2161,2012,Jharkhand High Court,Criminal,Section 498A IPC,The court examined the evidence on record and clarified the applicable standard of proof for the charged offence.,"Synthetic - Illustrative (generated for dataset-scale demonstration, not a real citation)",Synthetic (Illustrative)
799,"Ramesh Kumar v. Chief Engineer, PWD",SYN/CIV/2019/2162,2019,Gauhati High Court,Civil,Limitation Act,The court clarified the applicable civil procedure and remedy available to the aggrieved party.,"Synthetic - Illustrative (generated for dataset-scale demonstration, not a real citation)",Synthetic (Illustrative)
800,Sanjay Mehta v. Rekha Singh (2),SYN/FAM/2013/2163,2013,Gauhati High Court,Family,Hindu Succession Act,The court balanced the competing interests of the parties in a matrimonial/maintenance dispute and issued appropriate directions.,"Synthetic - Illustrative (generated for dataset-scale demonstration, not a real citation)",Synthetic (Illustrative)
801,Global Traders Pvt. Ltd. v. Municipal Corporation (2),SYN/LAB/2005/2164,2005,Patna High Court,Labour,Factories Act,The court clarified the rights and obligations of the employer and workman under the applicable labour statute.,"Synthetic - Illustrative (generated for dataset-scale demonstration, not a real citation)",Synthetic (Illustrative)
802,XYZ Industries Ltd. v. State Pollution Control Board,SYN/COM/2019/2165,2019,Allahabad High Court,Commercial,"Section 138, NI Act",The court interpreted the contractual/arbitration clause and clarified the parties' rights under commercial law.,"Synthetic - Illustrative (generated for dataset-scale demonstration, not a real citation)",Synthetic (Illustrative)
803,Shweta Iyengar v. Neha Joshi,SYN/CYB/2022/2166,2022,Madhya Pradesh High Court,Cyber,"Section 66D, IT Act",The court examined the scope of liability under the IT Act for the alleged online offence/conduct.,"Synthetic - Illustrative (generated for dataset-scale demonstration, not a real citation)",Synthetic (Illustrative)
804,Harish Chandra v. Income Tax Officer,SYN/TAX/2009/2167,2009,Delhi High Court,Taxation,Customs Act,The court clarified the applicable tax provision and the assessee's liability under the relevant assessment.,"Synthetic - Illustrative (generated for dataset-scale demonstration, not a real citation)",Synthetic (Illustrative)
805,Radha Krishnan v. Delhi Development Authority,SYN/ADM/2019/2168,2019,Jharkhand High Court,Administrative,Right to Information Act,The court examined the administrative action for compliance with principles of natural justice and statutory procedure.,"Synthetic - Illustrative (generated for dataset-scale demonstration, not a real citation)",Synthetic (Illustrative)
806,Star Textiles Pvt. Ltd. v. Delhi Development Authority,SYN/HUM/2020/2169,2020,Kerala High Court,Human Rights,Bonded Labour System (Abolition) Act,The court examined the alleged rights violation and issued directions to safeguard the affected party's constitutional protections.,"Synthetic - Illustrative (generated for dataset-scale demonstration, not a real citation)",Synthetic (Illustrative)
807,Global Traders Pvt. Ltd. v. Life Insurance Corporation of India,SYN/CON/2015/2170,2015,Patna High Court,Constitutional,Article 32,The court examined the constitutional validity of the impugned provision and clarified its scope in relation to fundamental rights.,"Synthetic - Illustrative (generated for dataset-scale demonstration, not a real citation)",Synthetic (Illustrative)
808,Fatima Sheikh v. PQR Industries Ltd. (2),SYN/CRI/2007/2171,2007,Gauhati High Court,Criminal,Section 41A CrPC,The court examined the evidence on record and clarified the applicable standard of proof for the charged offence.,"Synthetic - Illustrative (generated for dataset-scale demonstration, not a real citation)",Synthetic (Illustrative)
809,Vikram Singh v. Housing Development Board,SYN/CIV/2007/2172,2007,Himachal Pradesh High Court,Civil,Specific Relief Act,The court clarified the applicable civil procedure and remedy available to the aggrieved party.,"Synthetic - Illustrative (generated for dataset-scale demonstration, not a real citation)",Synthetic (Illustrative)
810,State of Tamil Nadu v. Central Excise Department,SYN/FAM/2024/2173,2024,Uttarakhand High Court,Family,Section 125 CrPC,The court balanced the competing interests of the parties in a matrimonial/maintenance dispute and issued appropriate directions.,"Synthetic - Illustrative (generated for dataset-scale demonstration, not a real citation)",Synthetic (Illustrative)
811,National Insurance Co. Ltd. v. State Pollution Control Board,SYN/LAB/2008/2174,2008,Kerala High Court,Labour,"Section 25F, ID Act",The court clarified the rights and obligations of the employer and workman under the applicable labour statute.,"Synthetic - Illustrative (generated for dataset-scale demonstration, not a real citation)",Synthetic (Illustrative)
812,Fatima Sheikh v. State Electricity Board,SYN/COM/2014/2175,2014,Kerala High Court,Commercial,"Companies Act, 2013",The court interpreted the contractual/arbitration clause and clarified the parties' rights under commercial law.,"Synthetic - Illustrative (generated for dataset-scale demonstration, not a real citation)",Synthetic (Illustrative)
813,Priya Nair v. Municipal Corporation (2),SYN/CYB/2025/2176,2025,Sessions Court,Cyber,"Section 66C, IT Act",The court examined the scope of liability under the IT Act for the alleged online offence/conduct.,"Synthetic - Illustrative (generated for dataset-scale demonstration, not a real citation)",Synthetic (Illustrative)
814,Vikram Singh v. Krishna Textiles,SYN/TAX/2023/2177,2023,Allahabad High Court,Taxation,"Section 271, Income Tax Act",The court clarified the applicable tax provision and the assessee's liability under the relevant assessment.,"Synthetic - Illustrative (generated for dataset-scale demonstration, not a real citation)",Synthetic (Illustrative)
815,Fatima Sheikh v. State Pollution Control Board (2),SYN/ADM/2003/2178,2003,Chhattisgarh High Court,Administrative,Administrative Tribunals Act,The court examined the administrative action for compliance with principles of natural justice and statutory procedure.,"Synthetic - Illustrative (generated for dataset-scale demonstration, not a real citation)",Synthetic (Illustrative)
816,Manoj Tiwari v. Sudha Rani,SYN/HUM/2020/2179,2020,Gujarat High Court,Human Rights,Article 21,The court examined the alleged rights violation and issued directions to safeguard the affected party's constitutional protections.,"Synthetic - Illustrative (generated for dataset-scale demonstration, not a real citation)",Synthetic (Illustrative)
817,Nisha Kapoor v. Delhi Development Authority,SYN/CON/2013/2180,2013,Sessions Court,Constitutional,Article 15,The court examined the constitutional validity of the impugned provision and clarified its scope in relation to fundamental rights.,"Synthetic - Illustrative (generated for dataset-scale demonstration, not a real citation)",Synthetic (Illustrative)
818,State of Karnataka v. Rekha Singh,SYN/CRI/2003/2181,2003,Jharkhand High Court,Criminal,Section 302 IPC,The court examined the evidence on record and clarified the applicable standard of proof for the charged offence.,"Synthetic - Illustrative (generated for dataset-scale demonstration, not a real citation)",Synthetic (Illustrative)
819,Ashok Kumar v. Divisional Commissioner,SYN/CIV/2025/2182,2025,Madras High Court,Civil,"Order VII Rule 11, CPC",The court clarified the applicable civil procedure and remedy available to the aggrieved party.,"Synthetic - Illustrative (generated for dataset-scale demonstration, not a real citation)",Synthetic (Illustrative)
820,Pooja Iyer v. Regional Transport Authority,SYN/FAM/2003/2183,2003,Kerala High Court,Family,Hindu Marriage Act,The court balanced the competing interests of the parties in a matrimonial/maintenance dispute and issued appropriate directions.,"Synthetic - Illustrative (generated for dataset-scale demonstration, not a real citation)",Synthetic (Illustrative)
821,"Sunita Devi v. Chief Engineer, PWD",SYN/LAB/2005/2184,2005,Jharkhand High Court,Labour,Employees' Compensation Act,The court clarified the rights and obligations of the employer and workman under the applicable labour statute.,"Synthetic - Illustrative (generated for dataset-scale demonstration, not a real citation)",Synthetic (Illustrative)
822,Sunita Devi v. Land Acquisition Officer,SYN/COM/2008/2185,2008,Odisha High Court,Commercial,"Companies Act, 2013",The court interpreted the contractual/arbitration clause and clarified the parties' rights under commercial law.,"Synthetic - Illustrative (generated for dataset-scale demonstration, not a real citation)",Synthetic (Illustrative)
823,Star Textiles Pvt. Ltd. v. PQR Industries Ltd.,SYN/CYB/2014/2186,2014,Gujarat High Court,Cyber,"Section 66D, IT Act",The court examined the scope of liability under the IT Act for the alleged online offence/conduct.,"Synthetic - Illustrative (generated for dataset-scale demonstration, not a real citation)",Synthetic (Illustrative)
824,Balaji Constructions Ltd. v. Housing Development Board,SYN/TAX/2016/2187,2016,Himachal Pradesh High Court,Taxation,Customs Act,The court clarified the applicable tax provision and the assessee's liability under the relevant assessment.,"Synthetic - Illustrative (generated for dataset-scale demonstration, not a real citation)",Synthetic (Illustrative)
825,ABC Enterprises Pvt. Ltd. v. State Pollution Control Board,SYN/ADM/2012/2188,2012,Telangana High Court,Administrative,Article 14,The court examined the administrative action for compliance with principles of natural justice and statutory procedure.,"Synthetic - Illustrative (generated for dataset-scale demonstration, not a real citation)",Synthetic (Illustrative)
826,Gopal Das v. Reserve Bank of India,SYN/HUM/2018/2189,2018,Sessions Court,Human Rights,Article 21,The court examined the alleged rights violation and issued directions to safeguard the affected party's constitutional protections.,"Synthetic - Illustrative (generated for dataset-scale demonstration, not a real citation)",Synthetic (Illustrative)
827,Sunita Devi v. Neha Joshi,SYN/CON/2005/2190,2005,Punjab and Haryana High Court,Constitutional,Article 19,The court examined the constitutional validity of the impugned provision and clarified its scope in relation to fundamental rights.,"Synthetic - Illustrative (generated for dataset-scale demonstration, not a real citation)",Synthetic (Illustrative)
828,Priya Nair v. Neha Joshi (2),SYN/CRI/2008/2191,2008,Gauhati High Court,Criminal,Section 376 IPC,The court examined the evidence on record and clarified the applicable standard of proof for the charged offence.,"Synthetic - Illustrative (generated for dataset-scale demonstration, not a real citation)",Synthetic (Illustrative)
829,Sunita Devi v. Cantonment Board,SYN/CIV/2016/2192,2016,Odisha High Court,Civil,"Section 9, CPC",The court clarified the applicable civil procedure and remedy available to the aggrieved party.,"Synthetic - Illustrative (generated for dataset-scale demonstration, not a real citation)",Synthetic (Illustrative)
830,Vikram Singh v. Life Insurance Corporation of India (2),SYN/FAM/2023/2193,2023,Himachal Pradesh High Court,Family,Guardians and Wards Act,The court balanced the competing interests of the parties in a matrimonial/maintenance dispute and issued appropriate directions.,"Synthetic - Illustrative (generated for dataset-scale demonstration, not a real citation)",Synthetic (Illustrative)
831,Global Traders Pvt. Ltd. v. Vinod Kumar,SYN/LAB/2003/2194,2003,Rajasthan High Court,Labour,Employees' Compensation Act,The court clarified the rights and obligations of the employer and workman under the applicable labour statute.,"Synthetic - Illustrative (generated for dataset-scale demonstration, not a real citation)",Synthetic (Illustrative)
832,Harish Chandra v. Cantonment Board,SYN/COM/2011/2195,2011,Jharkhand High Court,Commercial,Insolvency and Bankruptcy Code,The court interpreted the contractual/arbitration clause and clarified the parties' rights under commercial law.,"Synthetic - Illustrative (generated for dataset-scale demonstration, not a real citation)",Synthetic (Illustrative)
833,Mohan Lal v. Neha Joshi (2),SYN/CYB/2007/2196,2007,Chhattisgarh High Court,Cyber,"IT Rules, 2021",The court examined the scope of liability under the IT Act for the alleged online offence/conduct.,"Synthetic - Illustrative (generated for dataset-scale demonstration, not a real citation)",Synthetic (Illustrative)
834,Ashok Kumar v. Employees State Insurance Corp.,SYN/TAX/2015/2197,2015,Gujarat High Court,Taxation,"Section 271, Income Tax Act",The court clarified the applicable tax provision and the assessee's liability under the relevant assessment.,"Synthetic - Illustrative (generated for dataset-scale demonstration, not a real citation)",Synthetic (Illustrative)
835,State of Tamil Nadu v. Port Trust Authority (2),SYN/ADM/2025/2198,2025,Uttarakhand High Court,Administrative,Article 14,The court examined the administrative action for compliance with principles of natural justice and statutory procedure.,"Synthetic - Illustrative (generated for dataset-scale demonstration, not a real citation)",Synthetic (Illustrative)
836,Sanjay Mehta v. Regional Transport Authority,SYN/HUM/2011/2199,2011,Himachal Pradesh High Court,Human Rights,Bonded Labour System (Abolition) Act,The court examined the alleged rights violation and issued directions to safeguard the affected party's constitutional protections.,"Synthetic - Illustrative (generated for dataset-scale demonstration, not a real citation)",Synthetic (Illustrative)
837,Harish Chandra v. Employees State Insurance Corp.,SYN/CON/2014/2200,2014,Karnataka High Court,Constitutional,Article 32,The court examined the constitutional validity of the impugned provision and clarified its scope in relation to fundamental rights.,"Synthetic - Illustrative (generated for dataset-scale demonstration, not a real citation)",Synthetic (Illustrative)
838,Radha Krishnan v. State Pollution Control Board,SYN/CRI/2006/2201,2006,Jharkhand High Court,Criminal,Section 120B IPC,The court examined the evidence on record and clarified the applicable standard of proof for the charged offence.,"Synthetic - Illustrative (generated for dataset-scale demonstration, not a real citation)",Synthetic (Illustrative)
839,Arjun Reddy v. Union of India (2),SYN/CIV/2005/2202,2005,Kerala High Court,Civil,Limitation Act,The court clarified the applicable civil procedure and remedy available to the aggrieved party.,"Synthetic - Illustrative (generated for dataset-scale demonstration, not a real citation)",Synthetic (Illustrative)
840,Union of India v. National Highway Authority (2),SYN/FAM/2017/2203,2017,Bombay High Court,Family,Domestic Violence Act,The court balanced the competing interests of the parties in a matrimonial/maintenance dispute and issued appropriate directions.,"Synthetic - Illustrative (generated for dataset-scale demonstration, not a real citation)",Synthetic (Illustrative)
841,Lakshmi Narayanan v. Central Excise Department,SYN/LAB/2023/2204,2023,Madras High Court,Labour,Factories Act,The court clarified the rights and obligations of the employer and workman under the applicable labour statute.,"Synthetic - Illustrative (generated for dataset-scale demonstration, not a real citation)",Synthetic (Illustrative)
842,Anil Kapoor Traders v. Rekha Singh,SYN/COM/2020/2205,2020,Sessions Court,Commercial,Arbitration and Conciliation Act,The court interpreted the contractual/arbitration clause and clarified the parties' rights under commercial law.,"Synthetic - Illustrative (generated for dataset-scale demonstration, not a real citation)",Synthetic (Illustrative)
843,Sanjay Mehta v. Delhi Development Authority (2),SYN/CYB/2003/2206,2003,Calcutta High Court,Cyber,"Section 66C, IT Act",The court examined the scope of liability under the IT Act for the alleged online offence/conduct.,"Synthetic - Illustrative (generated for dataset-scale demonstration, not a real citation)",Synthetic (Illustrative)
844,Ramesh Kumar v. Municipal Corporation (2),SYN/TAX/2020/2207,2020,Madhya Pradesh High Court,Taxation,"GST Act, Section 74",The court clarified the applicable tax provision and the assessee's liability under the relevant assessment.,"Synthetic - Illustrative (generated for dataset-scale demonstration, not a real citation)",Synthetic (Illustrative)
845,State of Karnataka v. Housing Development Board,SYN/ADM/2005/2208,2005,Delhi High Court,Administrative,Service Rules,The court examined the administrative action for compliance with principles of natural justice and statutory procedure.,"Synthetic - Illustrative (generated for dataset-scale demonstration, not a real citation)",Synthetic (Illustrative)
846,Anita Sharma v. Housing Development Board,SYN/HUM/2013/2209,2013,Jharkhand High Court,Human Rights,Bonded Labour System (Abolition) Act,The court examined the alleged rights violation and issued directions to safeguard the affected party's constitutional protections.,"Synthetic - Illustrative (generated for dataset-scale demonstration, not a real citation)",Synthetic (Illustrative)
847,National Insurance Co. Ltd. v. State Pollution Control Board (2),SYN/CON/2018/2210,2018,Calcutta High Court,Constitutional,Article 15,The court examined the constitutional validity of the impugned provision and clarified its scope in relation to fundamental rights.,"Synthetic - Illustrative (generated for dataset-scale demonstration, not a real citation)",Synthetic (Illustrative)
848,Harish Chandra v. State Electricity Board,SYN/CRI/2010/2211,2010,Patna High Court,Criminal,Section 498A IPC,The court examined the evidence on record and clarified the applicable standard of proof for the charged offence.,"Synthetic - Illustrative (generated for dataset-scale demonstration, not a real citation)",Synthetic (Illustrative)
849,"Manoj Tiwari v. Chief Engineer, PWD",SYN/CIV/2013/2212,2013,Gujarat High Court,Civil,Article 21,The court clarified the applicable civil procedure and remedy available to the aggrieved party.,"Synthetic - Illustrative (generated for dataset-scale demonstration, not a real citation)",Synthetic (Illustrative)
850,Star Textiles Pvt. Ltd. v. Income Tax Officer,SYN/FAM/2022/2213,2022,Bombay High Court,Family,Hindu Marriage Act,The court balanced the competing interests of the parties in a matrimonial/maintenance dispute and issued appropriate directions.,"Synthetic - Illustrative (generated for dataset-scale demonstration, not a real citation)",Synthetic (Illustrative)
851,Sunita Devi v. Regional Transport Authority,SYN/LAB/2006/2214,2006,Sessions Court,Labour,Factories Act,The court clarified the rights and obligations of the employer and workman under the applicable labour statute.,"Synthetic - Illustrative (generated for dataset-scale demonstration, not a real citation)",Synthetic (Illustrative)
852,Vishal Oberoi v. Vinod Kumar,SYN/COM/2018/2215,2018,Chhattisgarh High Court,Commercial,"Section 138, NI Act",The court interpreted the contractual/arbitration clause and clarified the parties' rights under commercial law.,"Synthetic - Illustrative (generated for dataset-scale demonstration, not a real citation)",Synthetic (Illustrative)
853,Star Textiles Pvt. Ltd. v. State Pollution Control Board,SYN/CYB/2009/2216,2009,Delhi High Court,Cyber,"Section 79, IT Act",The court examined the scope of liability under the IT Act for the alleged online offence/conduct.,"Synthetic - Illustrative (generated for dataset-scale demonstration, not a real citation)",Synthetic (Illustrative)
854,Radha Krishnan v. Employees State Insurance Corp.,SYN/TAX/2007/2217,2007,Bombay High Court,Taxation,"GST Act, Section 74",The court clarified the applicable tax provision and the assessee's liability under the relevant assessment.,"Synthetic - Illustrative (generated for dataset-scale demonstration, not a real citation)",Synthetic (Illustrative)
855,Radha Krishnan v. State Bank of India,SYN/ADM/2011/2218,2011,Gujarat High Court,Administrative,Article 226,The court examined the administrative action for compliance with principles of natural justice and statutory procedure.,"Synthetic - Illustrative (generated for dataset-scale demonstration, not a real citation)",Synthetic (Illustrative)
856,State of U.P. v. Sudha Rani (2),SYN/HUM/2022/2219,2022,Uttarakhand High Court,Human Rights,SC/ST (Prevention of Atrocities) Act,The court examined the alleged rights violation and issued directions to safeguard the affected party's constitutional protections.,"Synthetic - Illustrative (generated for dataset-scale demonstration, not a real citation)",Synthetic (Illustrative)
857,Radha Krishnan v. Neha Joshi,SYN/CON/2021/2220,2021,Allahabad High Court,Constitutional,Article 19,The court examined the constitutional validity of the impugned provision and clarified its scope in relation to fundamental rights.,"Synthetic - Illustrative (generated for dataset-scale demonstration, not a real citation)",Synthetic (Illustrative)
858,Vishal Oberoi v. Ravi Shankar,SYN/CRI/2020/2221,2020,Punjab and Haryana High Court,Criminal,Section 376 IPC,The court examined the evidence on record and clarified the applicable standard of proof for the charged offence.,"Synthetic - Illustrative (generated for dataset-scale demonstration, not a real citation)",Synthetic (Illustrative)
859,Farhan Ahmed v. Central Excise Department,SYN/CIV/2006/2222,2006,Sessions Court,Civil,"Section 9, CPC",The court clarified the applicable civil procedure and remedy available to the aggrieved party.,"Synthetic - Illustrative (generated for dataset-scale demonstration, not a real citation)",Synthetic (Illustrative)
860,Farhan Ahmed v. State of Rajasthan,SYN/FAM/2010/2223,2010,Odisha High Court,Family,Hindu Marriage Act,The court balanced the competing interests of the parties in a matrimonial/maintenance dispute and issued appropriate directions.,"Synthetic - Illustrative (generated for dataset-scale demonstration, not a real citation)",Synthetic (Illustrative)
861,XYZ Industries Ltd. v. Regional Transport Authority,SYN/LAB/2008/2224,2008,Bombay High Court,Labour,Factories Act,The court clarified the rights and obligations of the employer and workman under the applicable labour statute.,"Synthetic - Illustrative (generated for dataset-scale demonstration, not a real citation)",Synthetic (Illustrative)
862,Global Traders Pvt. Ltd. v. Ravi Shankar (3),SYN/COM/2011/2225,2011,Kerala High Court,Commercial,"Companies Act, 2013",The court interpreted the contractual/arbitration clause and clarified the parties' rights under commercial law.,"Synthetic - Illustrative (generated for dataset-scale demonstration, not a real citation)",Synthetic (Illustrative)
863,ABC Enterprises Pvt. Ltd. v. State Electricity Board,SYN/CYB/2023/2226,2023,Bombay High Court,Cyber,"Section 66E, IT Act",The court examined the scope of liability under the IT Act for the alleged online offence/conduct.,"Synthetic - Illustrative (generated for dataset-scale demonstration, not a real citation)",Synthetic (Illustrative)
864,Anita Sharma v. Cantonment Board,SYN/TAX/2017/2227,2017,Himachal Pradesh High Court,Taxation,"Section 271, Income Tax Act",The court clarified the applicable tax provision and the assessee's liability under the relevant assessment.,"Synthetic - Illustrative (generated for dataset-scale demonstration, not a real citation)",Synthetic (Illustrative)
865,Ashok Kumar v. State Pollution Control Board,SYN/ADM/2025/2228,2025,Bombay High Court,Administrative,Article 226,The court examined the administrative action for compliance with principles of natural justice and statutory procedure.,"Synthetic - Illustrative (generated for dataset-scale demonstration, not a real citation)",Synthetic (Illustrative)
866,Shweta Iyengar v. Port Trust Authority,SYN/HUM/2004/2229,2004,Jharkhand High Court,Human Rights,Protection of Human Rights Act,The court examined the alleged rights violation and issued directions to safeguard the affected party's constitutional protections.,"Synthetic - Illustrative (generated for dataset-scale demonstration, not a real citation)",Synthetic (Illustrative)
867,State of Tamil Nadu v. Bank of Baroda (2),SYN/CON/2005/2230,2005,Chhattisgarh High Court,Constitutional,Article 15,The court examined the constitutional validity of the impugned provision and clarified its scope in relation to fundamental rights.,"Synthetic - Illustrative (generated for dataset-scale demonstration, not a real citation)",Synthetic (Illustrative)
868,Meena Kumari v. PQR Industries Ltd. (2),SYN/CRI/2003/2231,2003,Karnataka High Court,Criminal,Section 420 IPC,The court examined the evidence on record and clarified the applicable standard of proof for the charged offence.,"Synthetic - Illustrative (generated for dataset-scale demonstration, not a real citation)",Synthetic (Illustrative)
869,State of Karnataka v. Rekha Singh (2),SYN/CIV/2011/2232,2011,Gauhati High Court,Civil,"Section 9, CPC",The court clarified the applicable civil procedure and remedy available to the aggrieved party.,"Synthetic - Illustrative (generated for dataset-scale demonstration, not a real citation)",Synthetic (Illustrative)
870,Priya Nair v. Ganesh Traders,SYN/FAM/2023/2233,2023,Himachal Pradesh High Court,Family,Domestic Violence Act,The court balanced the competing interests of the parties in a matrimonial/maintenance dispute and issued appropriate directions.,"Synthetic - Illustrative (generated for dataset-scale demonstration, not a real citation)",Synthetic (Illustrative)
871,Fatima Sheikh v. Income Tax Officer (2),SYN/LAB/2018/2234,2018,Uttarakhand High Court,Labour,Industrial Disputes Act,The court clarified the rights and obligations of the employer and workman under the applicable labour statute.,"Synthetic - Illustrative (generated for dataset-scale demonstration, not a real citation)",Synthetic (Illustrative)
872,Ashok Kumar v. Income Tax Officer (2),SYN/COM/2020/2235,2020,Himachal Pradesh High Court,Commercial,Sale of Goods Act,The court interpreted the contractual/arbitration clause and clarified the parties' rights under commercial law.,"Synthetic - Illustrative (generated for dataset-scale demonstration, not a real citation)",Synthetic (Illustrative)
873,Ramesh Kumar v. Income Tax Officer,SYN/CYB/2004/2236,2004,Sessions Court,Cyber,"Section 66C, IT Act",The court examined the scope of liability under the IT Act for the alleged online offence/conduct.,"Synthetic - Illustrative (generated for dataset-scale demonstration, not a real citation)",Synthetic (Illustrative)
874,Lakshmi Narayanan v. Ganesh Traders (2),SYN/TAX/2005/2237,2005,Odisha High Court,Taxation,Customs Act,The court clarified the applicable tax provision and the assessee's liability under the relevant assessment.,"Synthetic - Illustrative (generated for dataset-scale demonstration, not a real citation)",Synthetic (Illustrative)
875,Rajesh Gupta v. Municipal Corporation (2),SYN/ADM/2010/2238,2010,Gauhati High Court,Administrative,Right to Information Act,The court examined the administrative action for compliance with principles of natural justice and statutory procedure.,"Synthetic - Illustrative (generated for dataset-scale demonstration, not a real citation)",Synthetic (Illustrative)
876,Sunita Devi v. National Highway Authority (2),SYN/HUM/2013/2239,2013,Himachal Pradesh High Court,Human Rights,Juvenile Justice Act,The court examined the alleged rights violation and issued directions to safeguard the affected party's constitutional protections.,"Synthetic - Illustrative (generated for dataset-scale demonstration, not a real citation)",Synthetic (Illustrative)
877,Priya Nair v. Employees State Insurance Corp. (2),SYN/CON/2005/2240,2005,Kerala High Court,Constitutional,Article 14,The court examined the constitutional validity of the impugned provision and clarified its scope in relation to fundamental rights.,"Synthetic - Illustrative (generated for dataset-scale demonstration, not a real citation)",Synthetic (Illustrative)
878,Union of India v. Housing Development Board (2),SYN/CRI/2007/2241,2007,Telangana High Court,Criminal,Section 41A CrPC,The court examined the evidence on record and clarified the applicable standard of proof for the charged offence.,"Synthetic - Illustrative (generated for dataset-scale demonstration, not a real citation)",Synthetic (Illustrative)
879,Deepak Verma v. Land Acquisition Officer,SYN/CIV/2018/2242,2018,Jharkhand High Court,Civil,"Order VII Rule 11, CPC",The court clarified the applicable civil procedure and remedy available to the aggrieved party.,"Synthetic - Illustrative (generated for dataset-scale demonstration, not a real citation)",Synthetic (Illustrative)
880,Sanjay Mehta v. Municipal Corporation (2),SYN/FAM/2018/2243,2018,Calcutta High Court,Family,Domestic Violence Act,The court balanced the competing interests of the parties in a matrimonial/maintenance dispute and issued appropriate directions.,"Synthetic - Illustrative (generated for dataset-scale demonstration, not a real citation)",Synthetic (Illustrative)
881,Mohan Lal v. State of Rajasthan,SYN/LAB/2015/2244,2015,Madras High Court,Labour,Industrial Disputes Act,The court clarified the rights and obligations of the employer and workman under the applicable labour statute.,"Synthetic - Illustrative (generated for dataset-scale demonstration, not a real citation)",Synthetic (Illustrative)
882,Shweta Iyengar v. Krishna Textiles,SYN/COM/2024/2245,2024,Chhattisgarh High Court,Commercial,"Section 138, NI Act",The court interpreted the contractual/arbitration clause and clarified the parties' rights under commercial law.,"Synthetic - Illustrative (generated for dataset-scale demonstration, not a real citation)",Synthetic (Illustrative)
883,Manoj Tiwari v. State Pollution Control Board,SYN/CYB/2014/2246,2014,Patna High Court,Cyber,"Section 66C, IT Act",The court examined the scope of liability under the IT Act for the alleged online offence/conduct.,"Synthetic - Illustrative (generated for dataset-scale demonstration, not a real citation)",Synthetic (Illustrative)
884,State of U.P. v. Life Insurance Corporation of India,SYN/TAX/2011/2247,2011,Uttarakhand High Court,Taxation,"Section 40A, Income Tax Act",The court clarified the applicable tax provision and the assessee's liability under the relevant assessment.,"Synthetic - Illustrative (generated for dataset-scale demonstration, not a real citation)",Synthetic (Illustrative)
885,Lakshmi Narayanan v. Cantonment Board,SYN/ADM/2010/2248,2010,Madras High Court,Administrative,Administrative Tribunals Act,The court examined the administrative action for compliance with principles of natural justice and statutory procedure.,"Synthetic - Illustrative (generated for dataset-scale demonstration, not a real citation)",Synthetic (Illustrative)
886,Sneha Pillai v. Central Bureau of Investigation,SYN/HUM/2021/2249,2021,Gauhati High Court,Human Rights,Protection of Human Rights Act,The court examined the alleged rights violation and issued directions to safeguard the affected party's constitutional protections.,"Synthetic - Illustrative (generated for dataset-scale demonstration, not a real citation)",Synthetic (Illustrative)
887,Fatima Sheikh v. State of Rajasthan,SYN/CON/2003/2250,2003,Rajasthan High Court,Constitutional,Article 19,The court examined the constitutional validity of the impugned provision and clarified its scope in relation to fundamental rights.,"Synthetic - Illustrative (generated for dataset-scale demonstration, not a real citation)",Synthetic (Illustrative)
888,Harish Chandra v. Divisional Commissioner,SYN/CRI/2006/2251,2006,Allahabad High Court,Criminal,Section 376 IPC,The court examined the evidence on record and clarified the applicable standard of proof for the charged offence.,"Synthetic - Illustrative (generated for dataset-scale demonstration, not a real citation)",Synthetic (Illustrative)
889,Priya Nair v. Reserve Bank of India (2),SYN/CIV/2019/2252,2019,Chhattisgarh High Court,Civil,"Order VII Rule 11, CPC",The court clarified the applicable civil procedure and remedy available to the aggrieved party.,"Synthetic - Illustrative (generated for dataset-scale demonstration, not a real citation)",Synthetic (Illustrative)
890,Anita Sharma v. Ravi Shankar (2),SYN/FAM/2007/2253,2007,Chhattisgarh High Court,Family,Section 125 CrPC,The court balanced the competing interests of the parties in a matrimonial/maintenance dispute and issued appropriate directions.,"Synthetic - Illustrative (generated for dataset-scale demonstration, not a real citation)",Synthetic (Illustrative)
891,Radha Krishnan v. Bank of Baroda,SYN/LAB/2007/2254,2007,Gauhati High Court,Labour,Employees' Compensation Act,The court clarified the rights and obligations of the employer and workman under the applicable labour statute.,"Synthetic - Illustrative (generated for dataset-scale demonstration, not a real citation)",Synthetic (Illustrative)
892,State of U.P. v. Employees State Insurance Corp. (2),SYN/COM/2022/2255,2022,Kerala High Court,Commercial,Insolvency and Bankruptcy Code,The court interpreted the contractual/arbitration clause and clarified the parties' rights under commercial law.,"Synthetic - Illustrative (generated for dataset-scale demonstration, not a real citation)",Synthetic (Illustrative)
893,Lakshmi Narayanan v. Life Insurance Corporation of India,SYN/CYB/2023/2256,2023,Calcutta High Court,Cyber,"Section 66C, IT Act",The court examined the scope of liability under the IT Act for the alleged online offence/conduct.,"Synthetic - Illustrative (generated for dataset-scale demonstration, not a real citation)",Synthetic (Illustrative)
894,Vishal Oberoi v. Neha Joshi,SYN/TAX/2006/2257,2006,Sessions Court,Taxation,"Section 40A, Income Tax Act",The court clarified the applicable tax provision and the assessee's liability under the relevant assessment.,"Synthetic - Illustrative (generated for dataset-scale demonstration, not a real citation)",Synthetic (Illustrative)
895,Geeta Menon v. Central Excise Department,SYN/ADM/2005/2258,2005,Patna High Court,Administrative,Article 226,The court examined the administrative action for compliance with principles of natural justice and statutory procedure.,"Synthetic - Illustrative (generated for dataset-scale demonstration, not a real citation)",Synthetic (Illustrative)
896,Geeta Menon v. Regional Transport Authority,SYN/HUM/2017/2259,2017,Kerala High Court,Human Rights,Bonded Labour System (Abolition) Act,The court examined the alleged rights violation and issued directions to safeguard the affected party's constitutional protections.,"Synthetic - Illustrative (generated for dataset-scale demonstration, not a real citation)",Synthetic (Illustrative)
897,XYZ Industries Ltd. v. Employees State Insurance Corp. (3),SYN/CON/2026/2260,2026,Rajasthan High Court,Constitutional,Article 32,The court examined the constitutional validity of the impugned provision and clarified its scope in relation to fundamental rights.,"Synthetic - Illustrative (generated for dataset-scale demonstration, not a real citation)",Synthetic (Illustrative)
898,Om Prakash v. Bank of Baroda,SYN/CRI/2013/2261,2013,Odisha High Court,Criminal,Section 120B IPC,The court examined the evidence on record and clarified the applicable standard of proof for the charged offence.,"Synthetic - Illustrative (generated for dataset-scale demonstration, not a real citation)",Synthetic (Illustrative)
899,Suresh Patel v. Reserve Bank of India (2),SYN/CIV/2020/2262,2020,Allahabad High Court,Civil,"Section 9, CPC",The court clarified the applicable civil procedure and remedy available to the aggrieved party.,"Synthetic - Illustrative (generated for dataset-scale demonstration, not a real citation)",Synthetic (Illustrative)
900,ABC Enterprises Pvt. Ltd. v. State Electricity Board (2),SYN/FAM/2012/2263,2012,Punjab and Haryana High Court,Family,Hindu Succession Act,The court balanced the competing interests of the parties in a matrimonial/maintenance dispute and issued appropriate directions.,"Synthetic - Illustrative (generated for dataset-scale demonstration, not a real citation)",Synthetic (Illustrative)
901,"Kavita Rao v. Chief Engineer, PWD (2)",SYN/LAB/2025/2264,2025,Madhya Pradesh High Court,Labour,Payment of Gratuity Act,The court clarified the rights and obligations of the employer and workman under the applicable labour statute.,"Synthetic - Illustrative (generated for dataset-scale demonstration, not a real citation)",Synthetic (Illustrative)
902,Priya Nair v. Central Excise Department,SYN/COM/2006/2265,2006,Patna High Court,Commercial,"Companies Act, 2013",The court interpreted the contractual/arbitration clause and clarified the parties' rights under commercial law.,"Synthetic - Illustrative (generated for dataset-scale demonstration, not a real citation)",Synthetic (Illustrative)
903,Mohan Lal v. Reserve Bank of India (2),SYN/CYB/2013/2266,2013,Madhya Pradesh High Court,Cyber,"Section 66E, IT Act",The court examined the scope of liability under the IT Act for the alleged online offence/conduct.,"Synthetic - Illustrative (generated for dataset-scale demonstration, not a real citation)",Synthetic (Illustrative)
904,Farhan Ahmed v. PQR Industries Ltd.,SYN/TAX/2022/2267,2022,Himachal Pradesh High Court,Taxation,"Section 271, Income Tax Act",The court clarified the applicable tax provision and the assessee's liability under the relevant assessment.,"Synthetic - Illustrative (generated for dataset-scale demonstration, not a real citation)",Synthetic (Illustrative)
905,Fatima Sheikh v. Ganesh Traders,SYN/ADM/2015/2268,2015,Rajasthan High Court,Administrative,Article 14,The court examined the administrative action for compliance with principles of natural justice and statutory procedure.,"Synthetic - Illustrative (generated for dataset-scale demonstration, not a real citation)",Synthetic (Illustrative)
906,"Ashok Kumar v. Chief Engineer, PWD (2)",SYN/HUM/2017/2269,2017,Kerala High Court,Human Rights,Protection of Human Rights Act,The court examined the alleged rights violation and issued directions to safeguard the affected party's constitutional protections.,"Synthetic - Illustrative (generated for dataset-scale demonstration, not a real citation)",Synthetic (Illustrative)
907,Manoj Tiwari v. Bank of Baroda,SYN/CON/2004/2270,2004,Allahabad High Court,Constitutional,Article 226,The court examined the constitutional validity of the impugned provision and clarified its scope in relation to fundamental rights.,"Synthetic - Illustrative (generated for dataset-scale demonstration, not a real citation)",Synthetic (Illustrative)
908,Sunita Devi v. Bank of Baroda,SYN/CRI/2008/2271,2008,Gauhati High Court,Criminal,Section 120B IPC,The court examined the evidence on record and clarified the applicable standard of proof for the charged offence.,"Synthetic - Illustrative (generated for dataset-scale demonstration, not a real citation)",Synthetic (Illustrative)
909,Vishal Oberoi v. Delhi Development Authority,SYN/CIV/2017/2272,2017,Odisha High Court,Civil,Article 21,The court clarified the applicable civil procedure and remedy available to the aggrieved party.,"Synthetic - Illustrative (generated for dataset-scale demonstration, not a real citation)",Synthetic (Illustrative)
910,State of Tamil Nadu v. Reserve Bank of India (2),SYN/FAM/2012/2273,2012,Chhattisgarh High Court,Family,Hindu Succession Act,The court balanced the competing interests of the parties in a matrimonial/maintenance dispute and issued appropriate directions.,"Synthetic - Illustrative (generated for dataset-scale demonstration, not a real citation)",Synthetic (Illustrative)
911,Kiran Bedi Enterprises v. National Highway Authority,SYN/LAB/2013/2274,2013,Bombay High Court,Labour,Factories Act,The court clarified the rights and obligations of the employer and workman under the applicable labour statute.,"Synthetic - Illustrative (generated for dataset-scale demonstration, not a real citation)",Synthetic (Illustrative)
912,Nisha Kapoor v. Income Tax Officer,SYN/COM/2025/2275,2025,Rajasthan High Court,Commercial,Partnership Act,The court interpreted the contractual/arbitration clause and clarified the parties' rights under commercial law.,"Synthetic - Illustrative (generated for dataset-scale demonstration, not a real citation)",Synthetic (Illustrative)
913,Manoj Tiwari v. Bank of Baroda (2),SYN/CYB/2024/2276,2024,Himachal Pradesh High Court,Cyber,"IT Rules, 2021",The court examined the scope of liability under the IT Act for the alleged online offence/conduct.,"Synthetic - Illustrative (generated for dataset-scale demonstration, not a real citation)",Synthetic (Illustrative)
914,Ashok Kumar v. Land Acquisition Officer,SYN/TAX/2014/2277,2014,Jharkhand High Court,Taxation,Customs Act,The court clarified the applicable tax provision and the assessee's liability under the relevant assessment.,"Synthetic - Illustrative (generated for dataset-scale demonstration, not a real citation)",Synthetic (Illustrative)
915,Kavita Rao v. State of Rajasthan (3),SYN/ADM/2016/2278,2016,Jharkhand High Court,Administrative,Service Rules,The court examined the administrative action for compliance with principles of natural justice and statutory procedure.,"Synthetic - Illustrative (generated for dataset-scale demonstration, not a real citation)",Synthetic (Illustrative)
916,Lakshmi Narayanan v. Reserve Bank of India,SYN/HUM/2014/2279,2014,Odisha High Court,Human Rights,Protection of Human Rights Act,The court examined the alleged rights violation and issued directions to safeguard the affected party's constitutional protections.,"Synthetic - Illustrative (generated for dataset-scale demonstration, not a real citation)",Synthetic (Illustrative)
917,Vishal Oberoi v. Vinod Kumar (2),SYN/CON/2014/2280,2014,Himachal Pradesh High Court,Constitutional,Article 300A,The court examined the constitutional validity of the impugned provision and clarified its scope in relation to fundamental rights.,"Synthetic - Illustrative (generated for dataset-scale demonstration, not a real citation)",Synthetic (Illustrative)
918,Suresh Patel v. Income Tax Officer (2),SYN/CRI/2009/2281,2009,Delhi High Court,Criminal,Section 376 IPC,The court examined the evidence on record and clarified the applicable standard of proof for the charged offence.,"Synthetic - Illustrative (generated for dataset-scale demonstration, not a real citation)",Synthetic (Illustrative)
919,Anil Kapoor Traders v. Vinod Kumar,SYN/CIV/2018/2282,2018,Chhattisgarh High Court,Civil,Specific Relief Act,The court clarified the applicable civil procedure and remedy available to the aggrieved party.,"Synthetic - Illustrative (generated for dataset-scale demonstration, not a real citation)",Synthetic (Illustrative)
920,Manoj Tiwari v. PQR Industries Ltd.,SYN/FAM/2014/2283,2014,Odisha High Court,Family,Section 125 CrPC,The court balanced the competing interests of the parties in a matrimonial/maintenance dispute and issued appropriate directions.,"Synthetic - Illustrative (generated for dataset-scale demonstration, not a real citation)",Synthetic (Illustrative)
921,Ramesh Kumar v. Neha Joshi (3),SYN/LAB/2006/2284,2006,Himachal Pradesh High Court,Labour,"Section 25F, ID Act",The court clarified the rights and obligations of the employer and workman under the applicable labour statute.,"Synthetic - Illustrative (generated for dataset-scale demonstration, not a real citation)",Synthetic (Illustrative)
922,Anita Sharma v. Employees State Insurance Corp. (2),SYN/COM/2022/2285,2022,Madhya Pradesh High Court,Commercial,Insolvency and Bankruptcy Code,The court interpreted the contractual/arbitration clause and clarified the parties' rights under commercial law.,"Synthetic - Illustrative (generated for dataset-scale demonstration, not a real citation)",Synthetic (Illustrative)
923,Shweta Iyengar v. Neha Joshi (2),SYN/CYB/2016/2286,2016,Jharkhand High Court,Cyber,"Section 66D, IT Act",The court examined the scope of liability under the IT Act for the alleged online offence/conduct.,"Synthetic - Illustrative (generated for dataset-scale demonstration, not a real citation)",Synthetic (Illustrative)
924,National Insurance Co. Ltd. v. Cantonment Board,SYN/TAX/2003/2287,2003,Patna High Court,Taxation,"Section 143(3), Income Tax Act",The court clarified the applicable tax provision and the assessee's liability under the relevant assessment.,"Synthetic - Illustrative (generated for dataset-scale demonstration, not a real citation)",Synthetic (Illustrative)
925,Pooja Iyer v. Central Bureau of Investigation,SYN/ADM/2007/2288,2007,Karnataka High Court,Administrative,Article 226,The court examined the administrative action for compliance with principles of natural justice and statutory procedure.,"Synthetic - Illustrative (generated for dataset-scale demonstration, not a real citation)",Synthetic (Illustrative)
926,Suresh Patel v. Life Insurance Corporation of India,SYN/HUM/2006/2289,2006,Odisha High Court,Human Rights,Protection of Human Rights Act,The court examined the alleged rights violation and issued directions to safeguard the affected party's constitutional protections.,"Synthetic - Illustrative (generated for dataset-scale demonstration, not a real citation)",Synthetic (Illustrative)
927,Star Textiles Pvt. Ltd. v. State Bank of India,SYN/CON/2022/2290,2022,Himachal Pradesh High Court,Constitutional,Article 15,The court examined the constitutional validity of the impugned provision and clarified its scope in relation to fundamental rights.,"Synthetic - Illustrative (generated for dataset-scale demonstration, not a real citation)",Synthetic (Illustrative)
928,Ramesh Kumar v. Sudha Rani,SYN/CRI/2010/2291,2010,Madras High Court,Criminal,Section 376 IPC,The court examined the evidence on record and clarified the applicable standard of proof for the charged offence.,"Synthetic - Illustrative (generated for dataset-scale demonstration, not a real citation)",Synthetic (Illustrative)
929,Harish Chandra v. State Pollution Control Board,SYN/CIV/2006/2292,2006,Sessions Court,Civil,Limitation Act,The court clarified the applicable civil procedure and remedy available to the aggrieved party.,"Synthetic - Illustrative (generated for dataset-scale demonstration, not a real citation)",Synthetic (Illustrative)
930,Mohan Lal v. Ravi Shankar,SYN/FAM/2003/2293,2003,Odisha High Court,Family,Hindu Succession Act,The court balanced the competing interests of the parties in a matrimonial/maintenance dispute and issued appropriate directions.,"Synthetic - Illustrative (generated for dataset-scale demonstration, not a real citation)",Synthetic (Illustrative)
931,Balaji Constructions Ltd. v. Cantonment Board,SYN/LAB/2005/2294,2005,Sessions Court,Labour,Employees' Compensation Act,The court clarified the rights and obligations of the employer and workman under the applicable labour statute.,"Synthetic - Illustrative (generated for dataset-scale demonstration, not a real citation)",Synthetic (Illustrative)
932,State of Tamil Nadu v. Employees State Insurance Corp. (2),SYN/COM/2018/2295,2018,Chhattisgarh High Court,Commercial,Insolvency and Bankruptcy Code,The court interpreted the contractual/arbitration clause and clarified the parties' rights under commercial law.,"Synthetic - Illustrative (generated for dataset-scale demonstration, not a real citation)",Synthetic (Illustrative)
933,State of Tamil Nadu v. Krishna Textiles (2),SYN/CYB/2008/2296,2008,Madras High Court,Cyber,"Section 79, IT Act",The court examined the scope of liability under the IT Act for the alleged online offence/conduct.,"Synthetic - Illustrative (generated for dataset-scale demonstration, not a real citation)",Synthetic (Illustrative)
934,XYZ Industries Ltd. v. State Electricity Board,SYN/TAX/2020/2297,2020,Karnataka High Court,Taxation,"Section 271, Income Tax Act",The court clarified the applicable tax provision and the assessee's liability under the relevant assessment.,"Synthetic - Illustrative (generated for dataset-scale demonstration, not a real citation)",Synthetic (Illustrative)
935,Balaji Constructions Ltd. v. Neha Joshi,SYN/ADM/2014/2298,2014,Gujarat High Court,Administrative,Right to Information Act,The court examined the administrative action for compliance with principles of natural justice and statutory procedure.,"Synthetic - Illustrative (generated for dataset-scale demonstration, not a real citation)",Synthetic (Illustrative)
936,Vikram Singh v. Reserve Bank of India (2),SYN/HUM/2022/2299,2022,Delhi High Court,Human Rights,Article 14,The court examined the alleged rights violation and issued directions to safeguard the affected party's constitutional protections.,"Synthetic - Illustrative (generated for dataset-scale demonstration, not a real citation)",Synthetic (Illustrative)
937,Balaji Constructions Ltd. v. Central Excise Department,SYN/CON/2006/2300,2006,Kerala High Court,Constitutional,Article 226,The court examined the constitutional validity of the impugned provision and clarified its scope in relation to fundamental rights.,"Synthetic - Illustrative (generated for dataset-scale demonstration, not a real citation)",Synthetic (Illustrative)
938,Global Traders Pvt. Ltd. v. Port Trust Authority,SYN/CRI/2005/2301,2005,Gujarat High Court,Criminal,Section 498A IPC,The court examined the evidence on record and clarified the applicable standard of proof for the charged offence.,"Synthetic - Illustrative (generated for dataset-scale demonstration, not a real citation)",Synthetic (Illustrative)
939,Sneha Pillai v. Regional Transport Authority (2),SYN/CIV/2022/2302,2022,Karnataka High Court,Civil,Transfer of Property Act,The court clarified the applicable civil procedure and remedy available to the aggrieved party.,"Synthetic - Illustrative (generated for dataset-scale demonstration, not a real citation)",Synthetic (Illustrative)
940,"Balaji Constructions Ltd. v. Chief Engineer, PWD",SYN/FAM/2022/2303,2022,Patna High Court,Family,Domestic Violence Act,The court balanced the competing interests of the parties in a matrimonial/maintenance dispute and issued appropriate directions.,"Synthetic - Illustrative (generated for dataset-scale demonstration, not a real citation)",Synthetic (Illustrative)
941,Kavita Rao v. Housing Development Board,SYN/LAB/2022/2304,2022,Rajasthan High Court,Labour,Factories Act,The court clarified the rights and obligations of the employer and workman under the applicable labour statute.,"Synthetic - Illustrative (generated for dataset-scale demonstration, not a real citation)",Synthetic (Illustrative)
942,Radha Krishnan v. Krishna Textiles,SYN/COM/2011/2305,2011,Allahabad High Court,Commercial,Arbitration and Conciliation Act,The court interpreted the contractual/arbitration clause and clarified the parties' rights under commercial law.,"Synthetic - Illustrative (generated for dataset-scale demonstration, not a real citation)",Synthetic (Illustrative)
943,Anil Kapoor Traders v. Registrar of Companies,SYN/CYB/2019/2306,2019,Himachal Pradesh High Court,Cyber,"Section 79, IT Act",The court examined the scope of liability under the IT Act for the alleged online offence/conduct.,"Synthetic - Illustrative (generated for dataset-scale demonstration, not a real citation)",Synthetic (Illustrative)
944,Nisha Kapoor v. Housing Development Board,SYN/TAX/2011/2307,2011,Rajasthan High Court,Taxation,"Section 40A, Income Tax Act",The court clarified the applicable tax provision and the assessee's liability under the relevant assessment.,"Synthetic - Illustrative (generated for dataset-scale demonstration, not a real citation)",Synthetic (Illustrative)
945,Geeta Menon v. Municipal Corporation,SYN/ADM/2014/2308,2014,Uttarakhand High Court,Administrative,Service Rules,The court examined the administrative action for compliance with principles of natural justice and statutory procedure.,"Synthetic - Illustrative (generated for dataset-scale demonstration, not a real citation)",Synthetic (Illustrative)
946,XYZ Industries Ltd. v. Bank of Baroda (2),SYN/HUM/2006/2309,2006,Rajasthan High Court,Human Rights,SC/ST (Prevention of Atrocities) Act,The court examined the alleged rights violation and issued directions to safeguard the affected party's constitutional protections.,"Synthetic - Illustrative (generated for dataset-scale demonstration, not a real citation)",Synthetic (Illustrative)
947,State of Maharashtra v. Port Trust Authority,SYN/CON/2009/2310,2009,Gujarat High Court,Constitutional,Article 32,The court examined the constitutional validity of the impugned provision and clarified its scope in relation to fundamental rights.,"Synthetic - Illustrative (generated for dataset-scale demonstration, not a real citation)",Synthetic (Illustrative)
948,Pooja Iyer v. State Electricity Board,SYN/CRI/2013/2311,2013,Gauhati High Court,Criminal,Section 34 IPC,The court examined the evidence on record and clarified the applicable standard of proof for the charged offence.,"Synthetic - Illustrative (generated for dataset-scale demonstration, not a real citation)",Synthetic (Illustrative)
949,Pooja Iyer v. Vinod Kumar (2),SYN/CIV/2023/2312,2023,Madras High Court,Civil,Article 21,The court clarified the applicable civil procedure and remedy available to the aggrieved party.,"Synthetic - Illustrative (generated for dataset-scale demonstration, not a real citation)",Synthetic (Illustrative)
950,Harish Chandra v. Reserve Bank of India (2),SYN/FAM/2015/2313,2015,Gauhati High Court,Family,Hindu Succession Act,The court balanced the competing interests of the parties in a matrimonial/maintenance dispute and issued appropriate directions.,"Synthetic - Illustrative (generated for dataset-scale demonstration, not a real citation)",Synthetic (Illustrative)
951,"Global Traders Pvt. Ltd. v. Chief Engineer, PWD (2)",SYN/LAB/2016/2314,2016,Madras High Court,Labour,Payment of Gratuity Act,The court clarified the rights and obligations of the employer and workman under the applicable labour statute.,"Synthetic - Illustrative (generated for dataset-scale demonstration, not a real citation)",Synthetic (Illustrative)
952,Vishal Oberoi v. State Bank of India,SYN/COM/2021/2315,2021,Sessions Court,Commercial,Sale of Goods Act,The court interpreted the contractual/arbitration clause and clarified the parties' rights under commercial law.,"Synthetic - Illustrative (generated for dataset-scale demonstration, not a real citation)",Synthetic (Illustrative)
953,State of Maharashtra v. Regional Transport Authority,SYN/CYB/2014/2316,2014,Telangana High Court,Cyber,"Section 79, IT Act",The court examined the scope of liability under the IT Act for the alleged online offence/conduct.,"Synthetic - Illustrative (generated for dataset-scale demonstration, not a real citation)",Synthetic (Illustrative)
954,XYZ Industries Ltd. v. Central Excise Department,SYN/TAX/2018/2317,2018,Telangana High Court,Taxation,"Section 143(3), Income Tax Act",The court clarified the applicable tax provision and the assessee's liability under the relevant assessment.,"Synthetic - Illustrative (generated for dataset-scale demonstration, not a real citation)",Synthetic (Illustrative)
955,Nisha Kapoor v. Employees State Insurance Corp.,SYN/ADM/2004/2318,2004,Telangana High Court,Administrative,Service Rules,The court examined the administrative action for compliance with principles of natural justice and statutory procedure.,"Synthetic - Illustrative (generated for dataset-scale demonstration, not a real citation)",Synthetic (Illustrative)
956,Arjun Reddy v. Ganesh Traders (3),SYN/HUM/2020/2319,2020,Delhi High Court,Human Rights,Article 21,The court examined the alleged rights violation and issued directions to safeguard the affected party's constitutional protections.,"Synthetic - Illustrative (generated for dataset-scale demonstration, not a real citation)",Synthetic (Illustrative)
957,Pooja Iyer v. Krishna Textiles (2),SYN/CON/2011/2320,2011,Madras High Court,Constitutional,Article 21,The court examined the constitutional validity of the impugned provision and clarified its scope in relation to fundamental rights.,"Synthetic - Illustrative (generated for dataset-scale demonstration, not a real citation)",Synthetic (Illustrative)
958,XYZ Industries Ltd. v. State of Rajasthan,SYN/CRI/2009/2321,2009,Rajasthan High Court,Criminal,Section 376 IPC,The court examined the evidence on record and clarified the applicable standard of proof for the charged offence.,"Synthetic - Illustrative (generated for dataset-scale demonstration, not a real citation)",Synthetic (Illustrative)
959,Union of India v. Income Tax Officer (2),SYN/CIV/2008/2322,2008,Bombay High Court,Civil,"Section 9, CPC",The court clarified the applicable civil procedure and remedy available to the aggrieved party.,"Synthetic - Illustrative (generated for dataset-scale demonstration, not a real citation)",Synthetic (Illustrative)
960,Anil Kapoor Traders v. Ganesh Traders,SYN/FAM/2017/2323,2017,Telangana High Court,Family,Section 125 CrPC,The court balanced the competing interests of the parties in a matrimonial/maintenance dispute and issued appropriate directions.,"Synthetic - Illustrative (generated for dataset-scale demonstration, not a real citation)",Synthetic (Illustrative)
961,Fatima Sheikh v. National Highway Authority,SYN/LAB/2023/2324,2023,Gauhati High Court,Labour,Factories Act,The court clarified the rights and obligations of the employer and workman under the applicable labour statute.,"Synthetic - Illustrative (generated for dataset-scale demonstration, not a real citation)",Synthetic (Illustrative)
962,Arjun Reddy v. Delhi Development Authority (2),SYN/COM/2006/2325,2006,Bombay High Court,Commercial,Sale of Goods Act,The court interpreted the contractual/arbitration clause and clarified the parties' rights under commercial law.,"Synthetic - Illustrative (generated for dataset-scale demonstration, not a real citation)",Synthetic (Illustrative)
963,Anita Sharma v. State Electricity Board,SYN/CYB/2005/2326,2005,Gujarat High Court,Cyber,"Section 66C, IT Act",The court examined the scope of liability under the IT Act for the alleged online offence/conduct.,"Synthetic - Illustrative (generated for dataset-scale demonstration, not a real citation)",Synthetic (Illustrative)
964,"Vishal Oberoi v. Chief Engineer, PWD",SYN/TAX/2026/2327,2026,Karnataka High Court,Taxation,"Section 50, CGST Act",The court clarified the applicable tax provision and the assessee's liability under the relevant assessment.,"Synthetic - Illustrative (generated for dataset-scale demonstration, not a real citation)",Synthetic (Illustrative)
965,State of Karnataka v. Delhi Development Authority (2),SYN/ADM/2017/2328,2017,Madhya Pradesh High Court,Administrative,Service Rules,The court examined the administrative action for compliance with principles of natural justice and statutory procedure.,"Synthetic - Illustrative (generated for dataset-scale demonstration, not a real citation)",Synthetic (Illustrative)
966,Arjun Reddy v. Krishna Textiles (2),SYN/HUM/2014/2329,2014,Delhi High Court,Human Rights,SC/ST (Prevention of Atrocities) Act,The court examined the alleged rights violation and issued directions to safeguard the affected party's constitutional protections.,"Synthetic - Illustrative (generated for dataset-scale demonstration, not a real citation)",Synthetic (Illustrative)
967,Sunita Devi v. Port Trust Authority,SYN/CON/2004/2330,2004,Sessions Court,Constitutional,Article 21,The court examined the constitutional validity of the impugned provision and clarified its scope in relation to fundamental rights.,"Synthetic - Illustrative (generated for dataset-scale demonstration, not a real citation)",Synthetic (Illustrative)
968,Vikram Singh v. Registrar of Companies,SYN/CRI/2023/2331,2023,Rajasthan High Court,Criminal,Section 41A CrPC,The court examined the evidence on record and clarified the applicable standard of proof for the charged offence.,"Synthetic - Illustrative (generated for dataset-scale demonstration, not a real citation)",Synthetic (Illustrative)
969,Kiran Bedi Enterprises v. Vinod Kumar,SYN/CIV/2025/2332,2025,Allahabad High Court,Civil,"Section 9, CPC",The court clarified the applicable civil procedure and remedy available to the aggrieved party.,"Synthetic - Illustrative (generated for dataset-scale demonstration, not a real citation)",Synthetic (Illustrative)
970,Harish Chandra v. State Pollution Control Board (2),SYN/FAM/2021/2333,2021,Karnataka High Court,Family,"Section 13B, HMA",The court balanced the competing interests of the parties in a matrimonial/maintenance dispute and issued appropriate directions.,"Synthetic - Illustrative (generated for dataset-scale demonstration, not a real citation)",Synthetic (Illustrative)
971,Geeta Menon v. Life Insurance Corporation of India,SYN/LAB/2023/2334,2023,Chhattisgarh High Court,Labour,"Section 25F, ID Act",The court clarified the rights and obligations of the employer and workman under the applicable labour statute.,"Synthetic - Illustrative (generated for dataset-scale demonstration, not a real citation)",Synthetic (Illustrative)
972,Arjun Reddy v. Regional Transport Authority,SYN/COM/2006/2335,2006,Delhi High Court,Commercial,"Companies Act, 2013",The court interpreted the contractual/arbitration clause and clarified the parties' rights under commercial law.,"Synthetic - Illustrative (generated for dataset-scale demonstration, not a real citation)",Synthetic (Illustrative)
973,Sunita Devi v. Registrar of Companies,SYN/CYB/2026/2336,2026,Odisha High Court,Cyber,"Section 79, IT Act",The court examined the scope of liability under the IT Act for the alleged online offence/conduct.,"Synthetic - Illustrative (generated for dataset-scale demonstration, not a real citation)",Synthetic (Illustrative)
974,Anil Kapoor Traders v. Delhi Development Authority,SYN/TAX/2009/2337,2009,Jharkhand High Court,Taxation,"GST Act, Section 74",The court clarified the applicable tax provision and the assessee's liability under the relevant assessment.,"Synthetic - Illustrative (generated for dataset-scale demonstration, not a real citation)",Synthetic (Illustrative)
975,Arjun Reddy v. State of Rajasthan (2),SYN/ADM/2006/2338,2006,Allahabad High Court,Administrative,Right to Information Act,The court examined the administrative action for compliance with principles of natural justice and statutory procedure.,"Synthetic - Illustrative (generated for dataset-scale demonstration, not a real citation)",Synthetic (Illustrative)
976,Lakshmi Narayanan v. Ravi Shankar (2),SYN/HUM/2014/2339,2014,Sessions Court,Human Rights,Juvenile Justice Act,The court examined the alleged rights violation and issued directions to safeguard the affected party's constitutional protections.,"Synthetic - Illustrative (generated for dataset-scale demonstration, not a real citation)",Synthetic (Illustrative)
977,State of Maharashtra v. Sudha Rani,SYN/CON/2021/2340,2021,Karnataka High Court,Constitutional,Article 226,The court examined the constitutional validity of the impugned provision and clarified its scope in relation to fundamental rights.,"Synthetic - Illustrative (generated for dataset-scale demonstration, not a real citation)",Synthetic (Illustrative)
978,Meena Kumari v. Ganesh Traders,SYN/CRI/2010/2341,2010,Karnataka High Court,Criminal,Section 376 IPC,The court examined the evidence on record and clarified the applicable standard of proof for the charged offence.,"Synthetic - Illustrative (generated for dataset-scale demonstration, not a real citation)",Synthetic (Illustrative)
979,XYZ Industries Ltd. v. Ravi Shankar (3),SYN/CIV/2012/2342,2012,Patna High Court,Civil,Limitation Act,The court clarified the applicable civil procedure and remedy available to the aggrieved party.,"Synthetic - Illustrative (generated for dataset-scale demonstration, not a real citation)",Synthetic (Illustrative)
980,Anita Sharma v. Land Acquisition Officer,SYN/FAM/2020/2343,2020,Himachal Pradesh High Court,Family,Section 125 CrPC,The court balanced the competing interests of the parties in a matrimonial/maintenance dispute and issued appropriate directions.,"Synthetic - Illustrative (generated for dataset-scale demonstration, not a real citation)",Synthetic (Illustrative)
981,Harish Chandra v. Ganesh Traders,SYN/LAB/2014/2344,2014,Gujarat High Court,Labour,"Section 25F, ID Act",The court clarified the rights and obligations of the employer and workman under the applicable labour statute.,"Synthetic - Illustrative (generated for dataset-scale demonstration, not a real citation)",Synthetic (Illustrative)
982,Vikram Singh v. PQR Industries Ltd.,SYN/COM/2020/2345,2020,Allahabad High Court,Commercial,Insolvency and Bankruptcy Code,The court interpreted the contractual/arbitration clause and clarified the parties' rights under commercial law.,"Synthetic - Illustrative (generated for dataset-scale demonstration, not a real citation)",Synthetic (Illustrative)
983,Lakshmi Narayanan v. Registrar of Companies (2),SYN/CYB/2021/2346,2021,Madras High Court,Cyber,"Section 66E, IT Act",The court examined the scope of liability under the IT Act for the alleged online offence/conduct.,"Synthetic - Illustrative (generated for dataset-scale demonstration, not a real citation)",Synthetic (Illustrative)
984,Global Traders Pvt. Ltd. v. PQR Industries Ltd. (2),SYN/TAX/2009/2347,2009,Chhattisgarh High Court,Taxation,"Section 40A, Income Tax Act",The court clarified the applicable tax provision and the assessee's liability under the relevant assessment.,"Synthetic - Illustrative (generated for dataset-scale demonstration, not a real citation)",Synthetic (Illustrative)
985,Om Prakash v. Ravi Shankar,SYN/ADM/2023/2348,2023,Telangana High Court,Administrative,Service Rules,The court examined the administrative action for compliance with principles of natural justice and statutory procedure.,"Synthetic - Illustrative (generated for dataset-scale demonstration, not a real citation)",Synthetic (Illustrative)
986,Anil Kapoor Traders v. Bank of Baroda,SYN/HUM/2020/2349,2020,Calcutta High Court,Human Rights,Article 21,The court examined the alleged rights violation and issued directions to safeguard the affected party's constitutional protections.,"Synthetic - Illustrative (generated for dataset-scale demonstration, not a real citation)",Synthetic (Illustrative)
987,"Ashok Kumar v. Chief Engineer, PWD (3)",SYN/CON/2010/2350,2010,Himachal Pradesh High Court,Constitutional,Article 226,The court examined the constitutional validity of the impugned provision and clarified its scope in relation to fundamental rights.,"Synthetic - Illustrative (generated for dataset-scale demonstration, not a real citation)",Synthetic (Illustrative)
988,Om Prakash v. Life Insurance Corporation of India,SYN/CRI/2004/2351,2004,Kerala High Court,Criminal,Section 420 IPC,The court examined the evidence on record and clarified the applicable standard of proof for the charged offence.,"Synthetic - Illustrative (generated for dataset-scale demonstration, not a real citation)",Synthetic (Illustrative)
989,Meena Kumari v. Employees State Insurance Corp. (3),SYN/CIV/2015/2352,2015,Calcutta High Court,Civil,"Order VII Rule 11, CPC",The court clarified the applicable civil procedure and remedy available to the aggrieved party.,"Synthetic - Illustrative (generated for dataset-scale demonstration, not a real citation)",Synthetic (Illustrative)
990,ABC Enterprises Pvt. Ltd. v. Bank of Baroda,SYN/FAM/2006/2353,2006,Madras High Court,Family,Guardians and Wards Act,The court balanced the competing interests of the parties in a matrimonial/maintenance dispute and issued appropriate directions.,"Synthetic - Illustrative (generated for dataset-scale demonstration, not a real citation)",Synthetic (Illustrative)
991,Union of India v. Rekha Singh (3),SYN/LAB/2013/2354,2013,Odisha High Court,Labour,Payment of Wages Act,The court clarified the rights and obligations of the employer and workman under the applicable labour statute.,"Synthetic - Illustrative (generated for dataset-scale demonstration, not a real citation)",Synthetic (Illustrative)
992,Mohan Lal v. State Pollution Control Board,SYN/COM/2025/2355,2025,Rajasthan High Court,Commercial,Arbitration and Conciliation Act,The court interpreted the contractual/arbitration clause and clarified the parties' rights under commercial law.,"Synthetic - Illustrative (generated for dataset-scale demonstration, not a real citation)",Synthetic (Illustrative)
993,Arjun Reddy v. Regional Transport Authority (2),SYN/CYB/2016/2356,2016,Karnataka High Court,Cyber,"Section 66C, IT Act",The court examined the scope of liability under the IT Act for the alleged online offence/conduct.,"Synthetic - Illustrative (generated for dataset-scale demonstration, not a real citation)",Synthetic (Illustrative)
994,Sunita Devi v. Port Trust Authority (2),SYN/TAX/2020/2357,2020,Punjab and Haryana High Court,Taxation,"Section 143(3), Income Tax Act",The court clarified the applicable tax provision and the assessee's liability under the relevant assessment.,"Synthetic - Illustrative (generated for dataset-scale demonstration, not a real citation)",Synthetic (Illustrative)
995,Sanjay Mehta v. PQR Industries Ltd. (2),SYN/ADM/2003/2358,2003,Delhi High Court,Administrative,Article 14,The court examined the administrative action for compliance with principles of natural justice and statutory procedure.,"Synthetic - Illustrative (generated for dataset-scale demonstration, not a real citation)",Synthetic (Illustrative)
996,Suresh Patel v. Registrar of Companies,SYN/HUM/2018/2359,2018,Patna High Court,Human Rights,SC/ST (Prevention of Atrocities) Act,The court examined the alleged rights violation and issued directions to safeguard the affected party's constitutional protections.,"Synthetic - Illustrative (generated for dataset-scale demonstration, not a real citation)",Synthetic (Illustrative)
997,Pooja Iyer v. Ganesh Traders (3),SYN/CON/2026/2360,2026,Odisha High Court,Constitutional,Article 32,The court examined the constitutional validity of the impugned provision and clarified its scope in relation to fundamental rights.,"Synthetic - Illustrative (generated for dataset-scale demonstration, not a real citation)",Synthetic (Illustrative)
998,State of Karnataka v. Sudha Rani (2),SYN/CRI/2024/2361,2024,Gujarat High Court,Criminal,Section 41A CrPC,The court examined the evidence on record and clarified the applicable standard of proof for the charged offence.,"Synthetic - Illustrative (generated for dataset-scale demonstration, not a real citation)",Synthetic (Illustrative)
999,Star Textiles Pvt. Ltd. v. State Electricity Board,SYN/CIV/2016/2362,2016,Chhattisgarh High Court,Civil,"Section 9, CPC",The court clarified the applicable civil procedure and remedy available to the aggrieved party.,"Synthetic - Illustrative (generated for dataset-scale demonstration, not a real citation)",Synthetic (Illustrative)
1000,Global Traders Pvt. Ltd. v. PQR Industries Ltd. (3),SYN/FAM/2020/2363,2020,Patna High Court,Family,Guardians and Wards Act,The court balanced the competing interests of the parties in a matrimonial/maintenance dispute and issued appropriate directions.,"Synthetic - Illustrative (generated for dataset-scale demonstration, not a real citation)",Synthetic (Illustrative)
1001,Shweta Iyengar v. National Highway Authority (2),SYN/LAB/2014/2364,2014,Himachal Pradesh High Court,Labour,Employees' Compensation Act,The court clarified the rights and obligations of the employer and workman under the applicable labour statute.,"Synthetic - Illustrative (generated for dataset-scale demonstration, not a real citation)",Synthetic (Illustrative)
1002,Ramesh Kumar v. Life Insurance Corporation of India,SYN/COM/2023/2365,2023,Himachal Pradesh High Court,Commercial,Arbitration and Conciliation Act,The court interpreted the contractual/arbitration clause and clarified the parties' rights under commercial law.,"Synthetic - Illustrative (generated for dataset-scale demonstration, not a real citation)",Synthetic (Illustrative)
1003,Harish Chandra v. Port Trust Authority,SYN/CYB/2024/2366,2024,Odisha High Court,Cyber,"Section 66C, IT Act",The court examined the scope of liability under the IT Act for the alleged online offence/conduct.,"Synthetic - Illustrative (generated for dataset-scale demonstration, not a real citation)",Synthetic (Illustrative)
1004,State of Karnataka v. Rekha Singh (3),SYN/TAX/2007/2367,2007,Gauhati High Court,Taxation,"Section 50, CGST Act",The court clarified the applicable tax provision and the assessee's liability under the relevant assessment.,"Synthetic - Illustrative (generated for dataset-scale demonstration, not a real citation)",Synthetic (Illustrative)
1005,Farhan Ahmed v. Neha Joshi,SYN/ADM/2025/2368,2025,Chhattisgarh High Court,Administrative,Article 14,The court examined the administrative action for compliance with principles of natural justice and statutory procedure.,"Synthetic - Illustrative (generated for dataset-scale demonstration, not a real citation)",Synthetic (Illustrative)
1006,Anita Sharma v. Registrar of Companies (2),SYN/HUM/2006/2369,2006,Telangana High Court,Human Rights,Protection of Human Rights Act,The court examined the alleged rights violation and issued directions to safeguard the affected party's constitutional protections.,"Synthetic - Illustrative (generated for dataset-scale demonstration, not a real citation)",Synthetic (Illustrative)
1007,Kavita Rao v. Life Insurance Corporation of India,SYN/CON/2009/2370,2009,Odisha High Court,Constitutional,Article 19,The court examined the constitutional validity of the impugned provision and clarified its scope in relation to fundamental rights.,"Synthetic - Illustrative (generated for dataset-scale demonstration, not a real citation)",Synthetic (Illustrative)
1008,Harish Chandra v. State Pollution Control Board (3),SYN/CRI/2024/2371,2024,Punjab and Haryana High Court,Criminal,Section 302 IPC,The court examined the evidence on record and clarified the applicable standard of proof for the charged offence.,"Synthetic - Illustrative (generated for dataset-scale demonstration, not a real citation)",Synthetic (Illustrative)
1009,State of Karnataka v. Housing Development Board (2),SYN/CIV/2019/2372,2019,Madras High Court,Civil,Article 21,The court clarified the applicable civil procedure and remedy available to the aggrieved party.,"Synthetic - Illustrative (generated for dataset-scale demonstration, not a real citation)",Synthetic (Illustrative)
1010,Rajesh Gupta v. Vinod Kumar,SYN/FAM/2023/2373,2023,Telangana High Court,Family,Hindu Marriage Act,The court balanced the competing interests of the parties in a matrimonial/maintenance dispute and issued appropriate directions.,"Synthetic - Illustrative (generated for dataset-scale demonstration, not a real citation)",Synthetic (Illustrative)
1011,Kiran Bedi Enterprises v. Bank of Baroda,SYN/LAB/2008/2374,2008,Punjab and Haryana High Court,Labour,Payment of Wages Act,The court clarified the rights and obligations of the employer and workman under the applicable labour statute.,"Synthetic - Illustrative (generated for dataset-scale demonstration, not a real citation)",Synthetic (Illustrative)
1012,Arjun Reddy v. Krishna Textiles (3),SYN/COM/2016/2375,2016,Odisha High Court,Commercial,"Section 138, NI Act",The court interpreted the contractual/arbitration clause and clarified the parties' rights under commercial law.,"Synthetic - Illustrative (generated for dataset-scale demonstration, not a real citation)",Synthetic (Illustrative)
1013,Sunita Devi v. Ravi Shankar (3),SYN/CYB/2015/2376,2015,Odisha High Court,Cyber,"Section 79, IT Act",The court examined the scope of liability under the IT Act for the alleged online offence/conduct.,"Synthetic - Illustrative (generated for dataset-scale demonstration, not a real citation)",Synthetic (Illustrative)
1014,ABC Enterprises Pvt. Ltd. v. Reserve Bank of India (2),SYN/TAX/2020/2377,2020,Telangana High Court,Taxation,"Section 50, CGST Act",The court clarified the applicable tax provision and the assessee's liability under the relevant assessment.,"Synthetic - Illustrative (generated for dataset-scale demonstration, not a real citation)",Synthetic (Illustrative)
1015,Sneha Pillai v. Regional Transport Authority (3),SYN/ADM/2025/2378,2025,Gauhati High Court,Administrative,Article 226,The court examined the administrative action for compliance with principles of natural justice and statutory procedure.,"Synthetic - Illustrative (generated for dataset-scale demonstration, not a real citation)",Synthetic (Illustrative)
1016,Sanjay Mehta v. State Electricity Board,SYN/HUM/2010/2379,2010,Kerala High Court,Human Rights,Bonded Labour System (Abolition) Act,The court examined the alleged rights violation and issued directions to safeguard the affected party's constitutional protections.,"Synthetic - Illustrative (generated for dataset-scale demonstration, not a real citation)",Synthetic (Illustrative)
1017,Gopal Das v. Ravi Shankar,SYN/CON/2009/2380,2009,Patna High Court,Constitutional,Article 226,The court examined the constitutional validity of the impugned provision and clarified its scope in relation to fundamental rights.,"Synthetic - Illustrative (generated for dataset-scale demonstration, not a real citation)",Synthetic (Illustrative)
1018,Rajesh Gupta v. Ravi Shankar (2),SYN/CRI/2017/2381,2017,Kerala High Court,Criminal,Section 376 IPC,The court examined the evidence on record and clarified the applicable standard of proof for the charged offence.,"Synthetic - Illustrative (generated for dataset-scale demonstration, not a real citation)",Synthetic (Illustrative)
1019,Kavita Rao v. Port Trust Authority,SYN/CIV/2012/2382,2012,Gujarat High Court,Civil,Limitation Act,The court clarified the applicable civil procedure and remedy available to the aggrieved party.,"Synthetic - Illustrative (generated for dataset-scale demonstration, not a real citation)",Synthetic (Illustrative)
1020,Harish Chandra v. Land Acquisition Officer,SYN/FAM/2017/2383,2017,Odisha High Court,Family,Section 125 CrPC,The court balanced the competing interests of the parties in a matrimonial/maintenance dispute and issued appropriate directions.,"Synthetic - Illustrative (generated for dataset-scale demonstration, not a real citation)",Synthetic (Illustrative)
1021,Arjun Reddy v. State Electricity Board,SYN/LAB/2005/2384,2005,Kerala High Court,Labour,Payment of Gratuity Act,The court clarified the rights and obligations of the employer and workman under the applicable labour statute.,"Synthetic - Illustrative (generated for dataset-scale demonstration, not a real citation)",Synthetic (Illustrative)
1022,Meena Kumari v. Land Acquisition Officer (3),SYN/COM/2017/2385,2017,Bombay High Court,Commercial,Insolvency and Bankruptcy Code,The court interpreted the contractual/arbitration clause and clarified the parties' rights under commercial law.,"Synthetic - Illustrative (generated for dataset-scale demonstration, not a real citation)",Synthetic (Illustrative)
1023,Lakshmi Narayanan v. Cantonment Board (2),SYN/CYB/2019/2386,2019,Karnataka High Court,Cyber,"IT Rules, 2021",The court examined the scope of liability under the IT Act for the alleged online offence/conduct.,"Synthetic - Illustrative (generated for dataset-scale demonstration, not a real citation)",Synthetic (Illustrative)
1024,Sanjay Mehta v. Krishna Textiles (2),SYN/TAX/2005/2387,2005,Odisha High Court,Taxation,"Section 143(3), Income Tax Act",The court clarified the applicable tax provision and the assessee's liability under the relevant assessment.,"Synthetic - Illustrative (generated for dataset-scale demonstration, not a real citation)",Synthetic (Illustrative)
1025,Anita Sharma v. State Electricity Board (2),SYN/ADM/2004/2388,2004,Kerala High Court,Administrative,Service Rules,The court examined the administrative action for compliance with principles of natural justice and statutory procedure.,"Synthetic - Illustrative (generated for dataset-scale demonstration, not a real citation)",Synthetic (Illustrative)
1026,Deepak Verma v. State Pollution Control Board,SYN/HUM/2013/2389,2013,Calcutta High Court,Human Rights,SC/ST (Prevention of Atrocities) Act,The court examined the alleged rights violation and issued directions to safeguard the affected party's constitutional protections.,"Synthetic - Illustrative (generated for dataset-scale demonstration, not a real citation)",Synthetic (Illustrative)
1027,Kavita Rao v. Registrar of Companies (2),SYN/CON/2022/2390,2022,Patna High Court,Constitutional,Article 226,The court examined the constitutional validity of the impugned provision and clarified its scope in relation to fundamental rights.,"Synthetic - Illustrative (generated for dataset-scale demonstration, not a real citation)",Synthetic (Illustrative)
1028,State of Maharashtra v. Central Bureau of Investigation,SYN/CRI/2012/2391,2012,Kerala High Court,Criminal,Section 376 IPC,The court examined the evidence on record and clarified the applicable standard of proof for the charged offence.,"Synthetic - Illustrative (generated for dataset-scale demonstration, not a real citation)",Synthetic (Illustrative)
1029,Meena Kumari v. Regional Transport Authority,SYN/CIV/2018/2392,2018,Uttarakhand High Court,Civil,Transfer of Property Act,The court clarified the applicable civil procedure and remedy available to the aggrieved party.,"Synthetic - Illustrative (generated for dataset-scale demonstration, not a real citation)",Synthetic (Illustrative)
1030,Radha Krishnan v. Regional Transport Authority,SYN/FAM/2025/2393,2025,Sessions Court,Family,Hindu Succession Act,The court balanced the competing interests of the parties in a matrimonial/maintenance dispute and issued appropriate directions.,"Synthetic - Illustrative (generated for dataset-scale demonstration, not a real citation)",Synthetic (Illustrative)
1031,Gopal Das v. Delhi Development Authority (2),SYN/LAB/2011/2394,2011,Karnataka High Court,Labour,Payment of Wages Act,The court clarified the rights and obligations of the employer and workman under the applicable labour statute.,"Synthetic - Illustrative (generated for dataset-scale demonstration, not a real citation)",Synthetic (Illustrative)
1032,State of Maharashtra v. Municipal Corporation,SYN/COM/2015/2395,2015,Madhya Pradesh High Court,Commercial,Arbitration and Conciliation Act,The court interpreted the contractual/arbitration clause and clarified the parties' rights under commercial law.,"Synthetic - Illustrative (generated for dataset-scale demonstration, not a real citation)",Synthetic (Illustrative)
1033,Global Traders Pvt. Ltd. v. Vinod Kumar (2),SYN/CYB/2020/2396,2020,Gauhati High Court,Cyber,"Section 66E, IT Act",The court examined the scope of liability under the IT Act for the alleged online offence/conduct.,"Synthetic - Illustrative (generated for dataset-scale demonstration, not a real citation)",Synthetic (Illustrative)
1034,Gopal Das v. State of Rajasthan,SYN/TAX/2005/2397,2005,Delhi High Court,Taxation,"Section 143(3), Income Tax Act",The court clarified the applicable tax provision and the assessee's liability under the relevant assessment.,"Synthetic - Illustrative (generated for dataset-scale demonstration, not a real citation)",Synthetic (Illustrative)
1035,State of Karnataka v. Life Insurance Corporation of India (4),SYN/ADM/2013/2398,2013,Delhi High Court,Administrative,Article 14,The court examined the administrative action for compliance with principles of natural justice and statutory procedure.,"Synthetic - Illustrative (generated for dataset-scale demonstration, not a real citation)",Synthetic (Illustrative)
1036,State of U.P. v. State of Rajasthan (2),SYN/HUM/2018/2399,2018,Calcutta High Court,Human Rights,Article 21,The court examined the alleged rights violation and issued directions to safeguard the affected party's constitutional protections.,"Synthetic - Illustrative (generated for dataset-scale demonstration, not a real citation)",Synthetic (Illustrative)
1037,Vishal Oberoi v. State Pollution Control Board,SYN/CON/2006/2400,2006,Delhi High Court,Constitutional,Article 21,The court examined the constitutional validity of the impugned provision and clarified its scope in relation to fundamental rights.,"Synthetic - Illustrative (generated for dataset-scale demonstration, not a real citation)",Synthetic (Illustrative)
1038,Sunita Devi v. Regional Transport Authority (2),SYN/CRI/2022/2401,2022,Bombay High Court,Criminal,Section 376 IPC,The court examined the evidence on record and clarified the applicable standard of proof for the charged offence.,"Synthetic - Illustrative (generated for dataset-scale demonstration, not a real citation)",Synthetic (Illustrative)
1039,Sunita Devi v. Income Tax Officer (3),SYN/CIV/2004/2402,2004,Chhattisgarh High Court,Civil,Transfer of Property Act,The court clarified the applicable civil procedure and remedy available to the aggrieved party.,"Synthetic - Illustrative (generated for dataset-scale demonstration, not a real citation)",Synthetic (Illustrative)
1040,State of Karnataka v. PQR Industries Ltd.,SYN/FAM/2004/2403,2004,Sessions Court,Family,Guardians and Wards Act,The court balanced the competing interests of the parties in a matrimonial/maintenance dispute and issued appropriate directions.,"Synthetic - Illustrative (generated for dataset-scale demonstration, not a real citation)",Synthetic (Illustrative)
1041,Manoj Tiwari v. Rekha Singh,SYN/LAB/2017/2404,2017,Jharkhand High Court,Labour,Payment of Gratuity Act,The court clarified the rights and obligations of the employer and workman under the applicable labour statute.,"Synthetic - Illustrative (generated for dataset-scale demonstration, not a real citation)",Synthetic (Illustrative)
1042,Suresh Patel v. Cantonment Board,SYN/COM/2016/2405,2016,Jharkhand High Court,Commercial,Partnership Act,The court interpreted the contractual/arbitration clause and clarified the parties' rights under commercial law.,"Synthetic - Illustrative (generated for dataset-scale demonstration, not a real citation)",Synthetic (Illustrative)
1043,Union of India v. Cantonment Board,SYN/CYB/2006/2406,2006,Madhya Pradesh High Court,Cyber,"Section 43, IT Act",The court examined the scope of liability under the IT Act for the alleged online offence/conduct.,"Synthetic - Illustrative (generated for dataset-scale demonstration, not a real citation)",Synthetic (Illustrative)
1044,Deepak Verma v. Sudha Rani (2),SYN/TAX/2005/2407,2005,Madhya Pradesh High Court,Taxation,"Section 143(3), Income Tax Act",The court clarified the applicable tax provision and the assessee's liability under the relevant assessment.,"Synthetic - Illustrative (generated for dataset-scale demonstration, not a real citation)",Synthetic (Illustrative)
1045,Rajesh Gupta v. State of Rajasthan,SYN/ADM/2010/2408,2010,Delhi High Court,Administrative,Service Rules,The court examined the administrative action for compliance with principles of natural justice and statutory procedure.,"Synthetic - Illustrative (generated for dataset-scale demonstration, not a real citation)",Synthetic (Illustrative)
1046,State of Karnataka v. Union of India (2),SYN/HUM/2012/2409,2012,Gujarat High Court,Human Rights,Article 21,The court examined the alleged rights violation and issued directions to safeguard the affected party's constitutional protections.,"Synthetic - Illustrative (generated for dataset-scale demonstration, not a real citation)",Synthetic (Illustrative)
1047,State of Maharashtra v. State Pollution Control Board (2),SYN/CON/2003/2410,2003,Punjab and Haryana High Court,Constitutional,Article 19,The court examined the constitutional validity of the impugned provision and clarified its scope in relation to fundamental rights.,"Synthetic - Illustrative (generated for dataset-scale demonstration, not a real citation)",Synthetic (Illustrative)
1048,Lakshmi Narayanan v. PQR Industries Ltd. (2),SYN/CRI/2017/2411,2017,Allahabad High Court,Criminal,Section 302 IPC,The court examined the evidence on record and clarified the applicable standard of proof for the charged offence.,"Synthetic - Illustrative (generated for dataset-scale demonstration, not a real citation)",Synthetic (Illustrative)
1049,Star Textiles Pvt. Ltd. v. Neha Joshi,SYN/CIV/2013/2412,2013,Odisha High Court,Civil,Transfer of Property Act,The court clarified the applicable civil procedure and remedy available to the aggrieved party.,"Synthetic - Illustrative (generated for dataset-scale demonstration, not a real citation)",Synthetic (Illustrative)
1050,Vishal Oberoi v. Income Tax Officer,SYN/FAM/2004/2413,2004,Allahabad High Court,Family,Section 125 CrPC,The court balanced the competing interests of the parties in a matrimonial/maintenance dispute and issued appropriate directions.,"Synthetic - Illustrative (generated for dataset-scale demonstration, not a real citation)",Synthetic (Illustrative)
1051,Nisha Kapoor v. Employees State Insurance Corp. (2),SYN/LAB/2004/2414,2004,Calcutta High Court,Labour,Factories Act,The court clarified the rights and obligations of the employer and workman under the applicable labour statute.,"Synthetic - Illustrative (generated for dataset-scale demonstration, not a real citation)",Synthetic (Illustrative)
1052,Vikram Singh v. Regional Transport Authority,SYN/COM/2022/2415,2022,Karnataka High Court,Commercial,Sale of Goods Act,The court interpreted the contractual/arbitration clause and clarified the parties' rights under commercial law.,"Synthetic - Illustrative (generated for dataset-scale demonstration, not a real citation)",Synthetic (Illustrative)
1053,"State of U.P. v. Chief Engineer, PWD",SYN/CYB/2013/2416,2013,Chhattisgarh High Court,Cyber,"Section 79, IT Act",The court examined the scope of liability under the IT Act for the alleged online offence/conduct.,"Synthetic - Illustrative (generated for dataset-scale demonstration, not a real citation)",Synthetic (Illustrative)
1054,Rajesh Gupta v. Divisional Commissioner (2),SYN/TAX/2025/2417,2025,Gauhati High Court,Taxation,"Section 271, Income Tax Act",The court clarified the applicable tax provision and the assessee's liability under the relevant assessment.,"Synthetic - Illustrative (generated for dataset-scale demonstration, not a real citation)",Synthetic (Illustrative)
1055,ABC Enterprises Pvt. Ltd. v. Reserve Bank of India (3),SYN/ADM/2019/2418,2019,Allahabad High Court,Administrative,Article 311,The court examined the administrative action for compliance with principles of natural justice and statutory procedure.,"Synthetic - Illustrative (generated for dataset-scale demonstration, not a real citation)",Synthetic (Illustrative)
1056,Sunita Devi v. Rekha Singh (2),SYN/HUM/2004/2419,2004,Punjab and Haryana High Court,Human Rights,Protection of Human Rights Act,The court examined the alleged rights violation and issued directions to safeguard the affected party's constitutional protections.,"Synthetic - Illustrative (generated for dataset-scale demonstration, not a real citation)",Synthetic (Illustrative)
1057,Suresh Patel v. National Highway Authority (2),SYN/CON/2016/2420,2016,Chhattisgarh High Court,Constitutional,Article 14,The court examined the constitutional validity of the impugned provision and clarified its scope in relation to fundamental rights.,"Synthetic - Illustrative (generated for dataset-scale demonstration, not a real citation)",Synthetic (Illustrative)
1058,"Gopal Das v. Chief Engineer, PWD",SYN/CRI/2006/2421,2006,Telangana High Court,Criminal,Section 376 IPC,The court examined the evidence on record and clarified the applicable standard of proof for the charged offence.,"Synthetic - Illustrative (generated for dataset-scale demonstration, not a real citation)",Synthetic (Illustrative)
1059,Kiran Bedi Enterprises v. Reserve Bank of India,SYN/CIV/2006/2422,2006,Uttarakhand High Court,Civil,Transfer of Property Act,The court clarified the applicable civil procedure and remedy available to the aggrieved party.,"Synthetic - Illustrative (generated for dataset-scale demonstration, not a real citation)",Synthetic (Illustrative)
1060,State of U.P. v. Central Bureau of Investigation (2),SYN/FAM/2015/2423,2015,Chhattisgarh High Court,Family,"Section 13B, HMA",The court balanced the competing interests of the parties in a matrimonial/maintenance dispute and issued appropriate directions.,"Synthetic - Illustrative (generated for dataset-scale demonstration, not a real citation)",Synthetic (Illustrative)
1061,Sanjay Mehta v. Registrar of Companies (2),SYN/LAB/2020/2424,2020,Patna High Court,Labour,Payment of Wages Act,The court clarified the rights and obligations of the employer and workman under the applicable labour statute.,"Synthetic - Illustrative (generated for dataset-scale demonstration, not a real citation)",Synthetic (Illustrative)
1062,Balaji Constructions Ltd. v. Vinod Kumar,SYN/COM/2010/2425,2010,Bombay High Court,Commercial,Insolvency and Bankruptcy Code,The court interpreted the contractual/arbitration clause and clarified the parties' rights under commercial law.,"Synthetic - Illustrative (generated for dataset-scale demonstration, not a real citation)",Synthetic (Illustrative)
1063,Farhan Ahmed v. Rekha Singh,SYN/CYB/2016/2426,2016,Madras High Court,Cyber,"IT Rules, 2021",The court examined the scope of liability under the IT Act for the alleged online offence/conduct.,"Synthetic - Illustrative (generated for dataset-scale demonstration, not a real citation)",Synthetic (Illustrative)
1064,Sanjay Mehta v. Divisional Commissioner (3),SYN/TAX/2017/2427,2017,Calcutta High Court,Taxation,"Section 40A, Income Tax Act",The court clarified the applicable tax provision and the assessee's liability under the relevant assessment.,"Synthetic - Illustrative (generated for dataset-scale demonstration, not a real citation)",Synthetic (Illustrative)
1065,Gopal Das v. Housing Development Board (2),SYN/ADM/2005/2428,2005,Kerala High Court,Administrative,Right to Information Act,The court examined the administrative action for compliance with principles of natural justice and statutory procedure.,"Synthetic - Illustrative (generated for dataset-scale demonstration, not a real citation)",Synthetic (Illustrative)
1066,Anita Sharma v. Employees State Insurance Corp. (3),SYN/HUM/2024/2429,2024,Kerala High Court,Human Rights,Bonded Labour System (Abolition) Act,The court examined the alleged rights violation and issued directions to safeguard the affected party's constitutional protections.,"Synthetic - Illustrative (generated for dataset-scale demonstration, not a real citation)",Synthetic (Illustrative)
1067,Lakshmi Narayanan v. Registrar of Companies (3),SYN/CON/2010/2430,2010,Allahabad High Court,Constitutional,Article 300A,The court examined the constitutional validity of the impugned provision and clarified its scope in relation to fundamental rights.,"Synthetic - Illustrative (generated for dataset-scale demonstration, not a real citation)",Synthetic (Illustrative)
1068,Farhan Ahmed v. Central Excise Department (2),SYN/CRI/2007/2431,2007,Odisha High Court,Criminal,Section 41A CrPC,The court examined the evidence on record and clarified the applicable standard of proof for the charged offence.,"Synthetic - Illustrative (generated for dataset-scale demonstration, not a real citation)",Synthetic (Illustrative)
1069,Sneha Pillai v. State of Rajasthan,SYN/CIV/2024/2432,2024,Allahabad High Court,Civil,Limitation Act,The court clarified the applicable civil procedure and remedy available to the aggrieved party.,"Synthetic - Illustrative (generated for dataset-scale demonstration, not a real citation)",Synthetic (Illustrative)
1070,State of Maharashtra v. National Highway Authority (2),SYN/FAM/2026/2433,2026,Allahabad High Court,Family,Hindu Succession Act,The court balanced the competing interests of the parties in a matrimonial/maintenance dispute and issued appropriate directions.,"Synthetic - Illustrative (generated for dataset-scale demonstration, not a real citation)",Synthetic (Illustrative)
1071,National Insurance Co. Ltd. v. Delhi Development Authority (2),SYN/LAB/2023/2434,2023,Calcutta High Court,Labour,"Section 25F, ID Act",The court clarified the rights and obligations of the employer and workman under the applicable labour statute.,"Synthetic - Illustrative (generated for dataset-scale demonstration, not a real citation)",Synthetic (Illustrative)
1072,Arjun Reddy v. Delhi Development Authority (3),SYN/COM/2015/2435,2015,Delhi High Court,Commercial,"Companies Act, 2013",The court interpreted the contractual/arbitration clause and clarified the parties' rights under commercial law.,"Synthetic - Illustrative (generated for dataset-scale demonstration, not a real citation)",Synthetic (Illustrative)
1073,Kavita Rao v. State Pollution Control Board,SYN/CYB/2017/2436,2017,Jharkhand High Court,Cyber,"Section 66E, IT Act",The court examined the scope of liability under the IT Act for the alleged online offence/conduct.,"Synthetic - Illustrative (generated for dataset-scale demonstration, not a real citation)",Synthetic (Illustrative)
1074,Kiran Bedi Enterprises v. Life Insurance Corporation of India (3),SYN/TAX/2025/2437,2025,Delhi High Court,Taxation,"GST Act, Section 74",The court clarified the applicable tax provision and the assessee's liability under the relevant assessment.,"Synthetic - Illustrative (generated for dataset-scale demonstration, not a real citation)",Synthetic (Illustrative)
1075,Lakshmi Narayanan v. Union of India (2),SYN/ADM/2023/2438,2023,Bombay High Court,Administrative,Article 311,The court examined the administrative action for compliance with principles of natural justice and statutory procedure.,"Synthetic - Illustrative (generated for dataset-scale demonstration, not a real citation)",Synthetic (Illustrative)
1076,Radha Krishnan v. Divisional Commissioner,SYN/HUM/2024/2439,2024,Himachal Pradesh High Court,Human Rights,SC/ST (Prevention of Atrocities) Act,The court examined the alleged rights violation and issued directions to safeguard the affected party's constitutional protections.,"Synthetic - Illustrative (generated for dataset-scale demonstration, not a real citation)",Synthetic (Illustrative)
1077,State of Maharashtra v. Bank of Baroda (2),SYN/CON/2006/2440,2006,Sessions Court,Constitutional,Article 19,The court examined the constitutional validity of the impugned provision and clarified its scope in relation to fundamental rights.,"Synthetic - Illustrative (generated for dataset-scale demonstration, not a real citation)",Synthetic (Illustrative)
1078,Harish Chandra v. Port Trust Authority (2),SYN/CRI/2020/2441,2020,Madras High Court,Criminal,Section 302 IPC,The court examined the evidence on record and clarified the applicable standard of proof for the charged offence.,"Synthetic - Illustrative (generated for dataset-scale demonstration, not a real citation)",Synthetic (Illustrative)
1079,Kavita Rao v. Income Tax Officer (2),SYN/CIV/2026/2442,2026,Madras High Court,Civil,"Order VII Rule 11, CPC",The court clarified the applicable civil procedure and remedy available to the aggrieved party.,"Synthetic - Illustrative (generated for dataset-scale demonstration, not a real citation)",Synthetic (Illustrative)
1080,"Pooja Iyer v. Chief Engineer, PWD (2)",SYN/FAM/2008/2443,2008,Calcutta High Court,Family,"Section 13B, HMA",The court balanced the competing interests of the parties in a matrimonial/maintenance dispute and issued appropriate directions.,"Synthetic - Illustrative (generated for dataset-scale demonstration, not a real citation)",Synthetic (Illustrative)
1081,Global Traders Pvt. Ltd. v. Cantonment Board,SYN/LAB/2026/2444,2026,Uttarakhand High Court,Labour,Employees' Compensation Act,The court clarified the rights and obligations of the employer and workman under the applicable labour statute.,"Synthetic - Illustrative (generated for dataset-scale demonstration, not a real citation)",Synthetic (Illustrative)
1082,Om Prakash v. National Highway Authority,SYN/COM/2007/2445,2007,Punjab and Haryana High Court,Commercial,Sale of Goods Act,The court interpreted the contractual/arbitration clause and clarified the parties' rights under commercial law.,"Synthetic - Illustrative (generated for dataset-scale demonstration, not a real citation)",Synthetic (Illustrative)
1083,State of Karnataka v. Life Insurance Corporation of India (5),SYN/CYB/2019/2446,2019,Madhya Pradesh High Court,Cyber,"Section 66D, IT Act",The court examined the scope of liability under the IT Act for the alleged online offence/conduct.,"Synthetic - Illustrative (generated for dataset-scale demonstration, not a real citation)",Synthetic (Illustrative)
1084,Vishal Oberoi v. Vinod Kumar (3),SYN/TAX/2023/2447,2023,Madras High Court,Taxation,"Section 143(3), Income Tax Act",The court clarified the applicable tax provision and the assessee's liability under the relevant assessment.,"Synthetic - Illustrative (generated for dataset-scale demonstration, not a real citation)",Synthetic (Illustrative)
1085,Suresh Patel v. PQR Industries Ltd. (2),SYN/ADM/2019/2448,2019,Allahabad High Court,Administrative,Administrative Tribunals Act,The court examined the administrative action for compliance with principles of natural justice and statutory procedure.,"Synthetic - Illustrative (generated for dataset-scale demonstration, not a real citation)",Synthetic (Illustrative)
1086,State of Tamil Nadu v. Employees State Insurance Corp. (3),SYN/HUM/2004/2449,2004,Madhya Pradesh High Court,Human Rights,Article 21,The court examined the alleged rights violation and issued directions to safeguard the affected party's constitutional protections.,"Synthetic - Illustrative (generated for dataset-scale demonstration, not a real citation)",Synthetic (Illustrative)
1087,Mohan Lal v. PQR Industries Ltd.,SYN/CON/2020/2450,2020,Allahabad High Court,Constitutional,Article 21,The court examined the constitutional validity of the impugned provision and clarified its scope in relation to fundamental rights.,"Synthetic - Illustrative (generated for dataset-scale demonstration, not a real citation)",Synthetic (Illustrative)
1088,Farhan Ahmed v. Reserve Bank of India,SYN/CRI/2013/2451,2013,Uttarakhand High Court,Criminal,Section 376 IPC,The court examined the evidence on record and clarified the applicable standard of proof for the charged offence.,"Synthetic - Illustrative (generated for dataset-scale demonstration, not a real citation)",Synthetic (Illustrative)
1089,Kavita Rao v. Delhi Development Authority (2),SYN/CIV/2018/2452,2018,Kerala High Court,Civil,Transfer of Property Act,The court clarified the applicable civil procedure and remedy available to the aggrieved party.,"Synthetic - Illustrative (generated for dataset-scale demonstration, not a real citation)",Synthetic (Illustrative)
1090,"Sanjay Mehta v. Chief Engineer, PWD",SYN/FAM/2013/2453,2013,Madhya Pradesh High Court,Family,Section 125 CrPC,The court balanced the competing interests of the parties in a matrimonial/maintenance dispute and issued appropriate directions.,"Synthetic - Illustrative (generated for dataset-scale demonstration, not a real citation)",Synthetic (Illustrative)
1091,"Sunita Devi v. Chief Engineer, PWD (2)",SYN/LAB/2026/2454,2026,Karnataka High Court,Labour,Payment of Wages Act,The court clarified the rights and obligations of the employer and workman under the applicable labour statute.,"Synthetic - Illustrative (generated for dataset-scale demonstration, not a real citation)",Synthetic (Illustrative)
1092,State of Tamil Nadu v. Housing Development Board (2),SYN/COM/2025/2455,2025,Madras High Court,Commercial,Arbitration and Conciliation Act,The court interpreted the contractual/arbitration clause and clarified the parties' rights under commercial law.,"Synthetic - Illustrative (generated for dataset-scale demonstration, not a real citation)",Synthetic (Illustrative)
1093,Sunita Devi v. Cantonment Board (2),SYN/CYB/2026/2456,2026,Odisha High Court,Cyber,"Section 79, IT Act",The court examined the scope of liability under the IT Act for the alleged online offence/conduct.,"Synthetic - Illustrative (generated for dataset-scale demonstration, not a real citation)",Synthetic (Illustrative)
1094,Om Prakash v. Ravi Shankar (2),SYN/TAX/2023/2457,2023,Karnataka High Court,Taxation,"Section 143(3), Income Tax Act",The court clarified the applicable tax provision and the assessee's liability under the relevant assessment.,"Synthetic - Illustrative (generated for dataset-scale demonstration, not a real citation)",Synthetic (Illustrative)
1095,Meena Kumari v. Income Tax Officer,SYN/ADM/2010/2458,2010,Allahabad High Court,Administrative,Article 14,The court examined the administrative action for compliance with principles of natural justice and statutory procedure.,"Synthetic - Illustrative (generated for dataset-scale demonstration, not a real citation)",Synthetic (Illustrative)
1096,Union of India v. Krishna Textiles,SYN/HUM/2013/2459,2013,Telangana High Court,Human Rights,SC/ST (Prevention of Atrocities) Act,The court examined the alleged rights violation and issued directions to safeguard the affected party's constitutional protections.,"Synthetic - Illustrative (generated for dataset-scale demonstration, not a real citation)",Synthetic (Illustrative)
1097,State of Karnataka v. Reserve Bank of India (2),SYN/CON/2020/2460,2020,Telangana High Court,Constitutional,Article 226,The court examined the constitutional validity of the impugned provision and clarified its scope in relation to fundamental rights.,"Synthetic - Illustrative (generated for dataset-scale demonstration, not a real citation)",Synthetic (Illustrative)
1098,Fatima Sheikh v. State of Rajasthan (2),SYN/CRI/2006/2461,2006,Odisha High Court,Criminal,Section 420 IPC,The court examined the evidence on record and clarified the applicable standard of proof for the charged offence.,"Synthetic - Illustrative (generated for dataset-scale demonstration, not a real citation)",Synthetic (Illustrative)
1099,ABC Enterprises Pvt. Ltd. v. Neha Joshi,SYN/CIV/2015/2462,2015,Kerala High Court,Civil,"Section 9, CPC",The court clarified the applicable civil procedure and remedy available to the aggrieved party.,"Synthetic - Illustrative (generated for dataset-scale demonstration, not a real citation)",Synthetic (Illustrative)
1100,Sunita Devi v. Port Trust Authority (3),SYN/FAM/2023/2463,2023,Bombay High Court,Family,Section 125 CrPC,The court balanced the competing interests of the parties in a matrimonial/maintenance dispute and issued appropriate directions.,"Synthetic - Illustrative (generated for dataset-scale demonstration, not a real citation)",Synthetic (Illustrative)
1101,Rajesh Gupta v. Sudha Rani (2),SYN/LAB/2003/2464,2003,Calcutta High Court,Labour,"Section 25F, ID Act",The court clarified the rights and obligations of the employer and workman under the applicable labour statute.,"Synthetic - Illustrative (generated for dataset-scale demonstration, not a real citation)",Synthetic (Illustrative)
1102,Ashok Kumar v. Land Acquisition Officer (2),SYN/COM/2008/2465,2008,Madras High Court,Commercial,Arbitration and Conciliation Act,The court interpreted the contractual/arbitration clause and clarified the parties' rights under commercial law.,"Synthetic - Illustrative (generated for dataset-scale demonstration, not a real citation)",Synthetic (Illustrative)
1103,Anita Sharma v. Ravi Shankar (3),SYN/CYB/2011/2466,2011,Telangana High Court,Cyber,"IT Rules, 2021",The court examined the scope of liability under the IT Act for the alleged online offence/conduct.,"Synthetic - Illustrative (generated for dataset-scale demonstration, not a real citation)",Synthetic (Illustrative)
1104,Kiran Bedi Enterprises v. Life Insurance Corporation of India (4),SYN/TAX/2011/2467,2011,Calcutta High Court,Taxation,"Section 143(3), Income Tax Act",The court clarified the applicable tax provision and the assessee's liability under the relevant assessment.,"Synthetic - Illustrative (generated for dataset-scale demonstration, not a real citation)",Synthetic (Illustrative)
1105,ABC Enterprises Pvt. Ltd. v. Bank of Baroda (2),SYN/ADM/2006/2468,2006,Jharkhand High Court,Administrative,Service Rules,The court examined the administrative action for compliance with principles of natural justice and statutory procedure.,"Synthetic - Illustrative (generated for dataset-scale demonstration, not a real citation)",Synthetic (Illustrative)
1106,Radha Krishnan v. Delhi Development Authority (2),SYN/HUM/2009/2469,2009,Delhi High Court,Human Rights,SC/ST (Prevention of Atrocities) Act,The court examined the alleged rights violation and issued directions to safeguard the affected party's constitutional protections.,"Synthetic - Illustrative (generated for dataset-scale demonstration, not a real citation)",Synthetic (Illustrative)
1107,Shweta Iyengar v. Ravi Shankar,SYN/CON/2010/2470,2010,Madhya Pradesh High Court,Constitutional,Article 19,The court examined the constitutional validity of the impugned provision and clarified its scope in relation to fundamental rights.,"Synthetic - Illustrative (generated for dataset-scale demonstration, not a real citation)",Synthetic (Illustrative)
1108,Anita Sharma v. Cantonment Board (2),SYN/CRI/2026/2471,2026,Calcutta High Court,Criminal,Section 376 IPC,The court examined the evidence on record and clarified the applicable standard of proof for the charged offence.,"Synthetic - Illustrative (generated for dataset-scale demonstration, not a real citation)",Synthetic (Illustrative)
1109,Rajesh Gupta v. State Pollution Control Board,SYN/CIV/2009/2472,2009,Allahabad High Court,Civil,"Order VII Rule 11, CPC",The court clarified the applicable civil procedure and remedy available to the aggrieved party.,"Synthetic - Illustrative (generated for dataset-scale demonstration, not a real citation)",Synthetic (Illustrative)
1110,Lakshmi Narayanan v. PQR Industries Ltd. (3),SYN/FAM/2018/2473,2018,Jharkhand High Court,Family,Domestic Violence Act,The court balanced the competing interests of the parties in a matrimonial/maintenance dispute and issued appropriate directions.,"Synthetic - Illustrative (generated for dataset-scale demonstration, not a real citation)",Synthetic (Illustrative)
1111,Star Textiles Pvt. Ltd. v. Vinod Kumar,SYN/LAB/2004/2474,2004,Sessions Court,Labour,Payment of Wages Act,The court clarified the rights and obligations of the employer and workman under the applicable labour statute.,"Synthetic - Illustrative (generated for dataset-scale demonstration, not a real citation)",Synthetic (Illustrative)
1112,Global Traders Pvt. Ltd. v. Bank of Baroda (2),SYN/COM/2008/2475,2008,Delhi High Court,Commercial,Insolvency and Bankruptcy Code,The court interpreted the contractual/arbitration clause and clarified the parties' rights under commercial law.,"Synthetic - Illustrative (generated for dataset-scale demonstration, not a real citation)",Synthetic (Illustrative)
1113,Radha Krishnan v. State Electricity Board,SYN/CYB/2013/2476,2013,Madhya Pradesh High Court,Cyber,"Section 43, IT Act",The court examined the scope of liability under the IT Act for the alleged online offence/conduct.,"Synthetic - Illustrative (generated for dataset-scale demonstration, not a real citation)",Synthetic (Illustrative)
1114,XYZ Industries Ltd. v. Delhi Development Authority (2),SYN/TAX/2017/2477,2017,Calcutta High Court,Taxation,Customs Act,The court clarified the applicable tax provision and the assessee's liability under the relevant assessment.,"Synthetic - Illustrative (generated for dataset-scale demonstration, not a real citation)",Synthetic (Illustrative)
1115,Union of India v. Life Insurance Corporation of India (2),SYN/ADM/2025/2478,2025,Kerala High Court,Administrative,Right to Information Act,The court examined the administrative action for compliance with principles of natural justice and statutory procedure.,"Synthetic - Illustrative (generated for dataset-scale demonstration, not a real citation)",Synthetic (Illustrative)
1116,Shweta Iyengar v. Cantonment Board,SYN/HUM/2018/2479,2018,Gauhati High Court,Human Rights,Article 14,The court examined the alleged rights violation and issued directions to safeguard the affected party's constitutional protections.,"Synthetic - Illustrative (generated for dataset-scale demonstration, not a real citation)",Synthetic (Illustrative)
1117,Shweta Iyengar v. Employees State Insurance Corp.,SYN/CON/2015/2480,2015,Kerala High Court,Constitutional,Article 21,The court examined the constitutional validity of the impugned provision and clarified its scope in relation to fundamental rights.,"Synthetic - Illustrative (generated for dataset-scale demonstration, not a real citation)",Synthetic (Illustrative)
1118,Meena Kumari v. Land Acquisition Officer (4),SYN/CRI/2026/2481,2026,Bombay High Court,Criminal,Section 498A IPC,The court examined the evidence on record and clarified the applicable standard of proof for the charged offence.,"Synthetic - Illustrative (generated for dataset-scale demonstration, not a real citation)",Synthetic (Illustrative)
1119,Kavita Rao v. Reserve Bank of India (2),SYN/CIV/2010/2482,2010,Karnataka High Court,Civil,Article 21,The court clarified the applicable civil procedure and remedy available to the aggrieved party.,"Synthetic - Illustrative (generated for dataset-scale demonstration, not a real citation)",Synthetic (Illustrative)
1120,Global Traders Pvt. Ltd. v. State Bank of India (2),SYN/FAM/2003/2483,2003,Bombay High Court,Family,Guardians and Wards Act,The court balanced the competing interests of the parties in a matrimonial/maintenance dispute and issued appropriate directions.,"Synthetic - Illustrative (generated for dataset-scale demonstration, not a real citation)",Synthetic (Illustrative)
1121,Farhan Ahmed v. Sudha Rani,SYN/LAB/2017/2484,2017,Uttarakhand High Court,Labour,Industrial Disputes Act,The court clarified the rights and obligations of the employer and workman under the applicable labour statute.,"Synthetic - Illustrative (generated for dataset-scale demonstration, not a real citation)",Synthetic (Illustrative)
1122,Nisha Kapoor v. Union of India,SYN/COM/2013/2485,2013,Uttarakhand High Court,Commercial,Sale of Goods Act,The court interpreted the contractual/arbitration clause and clarified the parties' rights under commercial law.,"Synthetic - Illustrative (generated for dataset-scale demonstration, not a real citation)",Synthetic (Illustrative)
1123,Kavita Rao v. Income Tax Officer (3),SYN/CYB/2009/2486,2009,Kerala High Court,Cyber,"IT Rules, 2021",The court examined the scope of liability under the IT Act for the alleged online offence/conduct.,"Synthetic - Illustrative (generated for dataset-scale demonstration, not a real citation)",Synthetic (Illustrative)
1124,Kiran Bedi Enterprises v. Municipal Corporation,SYN/TAX/2015/2487,2015,Sessions Court,Taxation,"Section 271, Income Tax Act",The court clarified the applicable tax provision and the assessee's liability under the relevant assessment.,"Synthetic - Illustrative (generated for dataset-scale demonstration, not a real citation)",Synthetic (Illustrative)
1125,Harish Chandra v. Neha Joshi,SYN/ADM/2003/2488,2003,Chhattisgarh High Court,Administrative,Service Rules,The court examined the administrative action for compliance with principles of natural justice and statutory procedure.,"Synthetic - Illustrative (generated for dataset-scale demonstration, not a real citation)",Synthetic (Illustrative)
1126,Farhan Ahmed v. Bank of Baroda,SYN/HUM/2011/2489,2011,Gauhati High Court,Human Rights,Article 14,The court examined the alleged rights violation and issued directions to safeguard the affected party's constitutional protections.,"Synthetic - Illustrative (generated for dataset-scale demonstration, not a real citation)",Synthetic (Illustrative)
1127,Kiran Bedi Enterprises v. Bank of Baroda (2),SYN/CON/2004/2490,2004,Madhya Pradesh High Court,Constitutional,Article 15,The court examined the constitutional validity of the impugned provision and clarified its scope in relation to fundamental rights.,"Synthetic - Illustrative (generated for dataset-scale demonstration, not a real citation)",Synthetic (Illustrative)
1128,Rajesh Gupta v. State of Rajasthan (2),SYN/CRI/2013/2491,2013,Sessions Court,Criminal,Section 498A IPC,The court examined the evidence on record and clarified the applicable standard of proof for the charged offence.,"Synthetic - Illustrative (generated for dataset-scale demonstration, not a real citation)",Synthetic (Illustrative)
1129,Deepak Verma v. Land Acquisition Officer (2),SYN/CIV/2007/2492,2007,Himachal Pradesh High Court,Civil,Article 21,The court clarified the applicable civil procedure and remedy available to the aggrieved party.,"Synthetic - Illustrative (generated for dataset-scale demonstration, not a real citation)",Synthetic (Illustrative)
1130,State of Maharashtra v. Rekha Singh,SYN/FAM/2013/2493,2013,Madhya Pradesh High Court,Family,"Section 13B, HMA",The court balanced the competing interests of the parties in a matrimonial/maintenance dispute and issued appropriate directions.,"Synthetic - Illustrative (generated for dataset-scale demonstration, not a real citation)",Synthetic (Illustrative)
1131,Vishal Oberoi v. State Pollution Control Board (2),SYN/LAB/2015/2494,2015,Jharkhand High Court,Labour,Payment of Wages Act,The court clarified the rights and obligations of the employer and workman under the applicable labour statute.,"Synthetic - Illustrative (generated for dataset-scale demonstration, not a real citation)",Synthetic (Illustrative)
1132,Nisha Kapoor v. Housing Development Board (2),SYN/COM/2012/2495,2012,Karnataka High Court,Commercial,"Section 138, NI Act",The court interpreted the contractual/arbitration clause and clarified the parties' rights under commercial law.,"Synthetic - Illustrative (generated for dataset-scale demonstration, not a real citation)",Synthetic (Illustrative)
1133,Star Textiles Pvt. Ltd. v. Ganesh Traders,SYN/CYB/2019/2496,2019,Bombay High Court,Cyber,"Section 66D, IT Act",The court examined the scope of liability under the IT Act for the alleged online offence/conduct.,"Synthetic - Illustrative (generated for dataset-scale demonstration, not a real citation)",Synthetic (Illustrative)
1134,Deepak Verma v. Divisional Commissioner,SYN/TAX/2016/2497,2016,Bombay High Court,Taxation,"Section 40A, Income Tax Act",The court clarified the applicable tax provision and the assessee's liability under the relevant assessment.,"Synthetic - Illustrative (generated for dataset-scale demonstration, not a real citation)",Synthetic (Illustrative)
1135,State of Karnataka v. Divisional Commissioner (2),SYN/ADM/2023/2498,2023,Allahabad High Court,Administrative,Service Rules,The court examined the administrative action for compliance with principles of natural justice and statutory procedure.,"Synthetic - Illustrative (generated for dataset-scale demonstration, not a real citation)",Synthetic (Illustrative)
1136,Nisha Kapoor v. Divisional Commissioner,SYN/HUM/2013/2499,2013,Sessions Court,Human Rights,Protection of Human Rights Act,The court examined the alleged rights violation and issued directions to safeguard the affected party's constitutional protections.,"Synthetic - Illustrative (generated for dataset-scale demonstration, not a real citation)",Synthetic (Illustrative)
1137,Star Textiles Pvt. Ltd. v. Ravi Shankar,SYN/CON/2006/2500,2006,Gauhati High Court,Constitutional,Article 14,The court examined the constitutional validity of the impugned provision and clarified its scope in relation to fundamental rights.,"Synthetic - Illustrative (generated for dataset-scale demonstration, not a real citation)",Synthetic (Illustrative)
1138,Sneha Pillai v. National Highway Authority,SYN/CRI/2022/2501,2022,Delhi High Court,Criminal,Section 120B IPC,The court examined the evidence on record and clarified the applicable standard of proof for the charged offence.,"Synthetic - Illustrative (generated for dataset-scale demonstration, not a real citation)",Synthetic (Illustrative)
1139,Nisha Kapoor v. Central Bureau of Investigation,SYN/CIV/2003/2502,2003,Chhattisgarh High Court,Civil,"Section 9, CPC",The court clarified the applicable civil procedure and remedy available to the aggrieved party.,"Synthetic - Illustrative (generated for dataset-scale demonstration, not a real citation)",Synthetic (Illustrative)
1140,Manoj Tiwari v. Central Excise Department,SYN/FAM/2007/2503,2007,Allahabad High Court,Family,Hindu Marriage Act,The court balanced the competing interests of the parties in a matrimonial/maintenance dispute and issued appropriate directions.,"Synthetic - Illustrative (generated for dataset-scale demonstration, not a real citation)",Synthetic (Illustrative)
1141,Star Textiles Pvt. Ltd. v. State of Rajasthan,SYN/LAB/2005/2504,2005,Delhi High Court,Labour,Payment of Gratuity Act,The court clarified the rights and obligations of the employer and workman under the applicable labour statute.,"Synthetic - Illustrative (generated for dataset-scale demonstration, not a real citation)",Synthetic (Illustrative)
1142,Anil Kapoor Traders v. Delhi Development Authority (2),SYN/COM/2022/2505,2022,Odisha High Court,Commercial,"Section 138, NI Act",The court interpreted the contractual/arbitration clause and clarified the parties' rights under commercial law.,"Synthetic - Illustrative (generated for dataset-scale demonstration, not a real citation)",Synthetic (Illustrative)
1143,National Insurance Co. Ltd. v. Municipal Corporation (2),SYN/CYB/2018/2506,2018,Kerala High Court,Cyber,"IT Rules, 2021",The court examined the scope of liability under the IT Act for the alleged online offence/conduct.,"Synthetic - Illustrative (generated for dataset-scale demonstration, not a real citation)",Synthetic (Illustrative)
1144,State of Tamil Nadu v. State Electricity Board,SYN/TAX/2015/2507,2015,Calcutta High Court,Taxation,"Section 50, CGST Act",The court clarified the applicable tax provision and the assessee's liability under the relevant assessment.,"Synthetic - Illustrative (generated for dataset-scale demonstration, not a real citation)",Synthetic (Illustrative)
1145,"Meena Kumari v. Chief Engineer, PWD",SYN/ADM/2011/2508,2011,Calcutta High Court,Administrative,Right to Information Act,The court examined the administrative action for compliance with principles of natural justice and statutory procedure.,"Synthetic - Illustrative (generated for dataset-scale demonstration, not a real citation)",Synthetic (Illustrative)
1146,Harish Chandra v. Regional Transport Authority,SYN/HUM/2017/2509,2017,Karnataka High Court,Human Rights,Article 14,The court examined the alleged rights violation and issued directions to safeguard the affected party's constitutional protections.,"Synthetic - Illustrative (generated for dataset-scale demonstration, not a real citation)",Synthetic (Illustrative)
1147,Lakshmi Narayanan v. Registrar of Companies (4),SYN/CON/2009/2510,2009,Odisha High Court,Constitutional,Article 15,The court examined the constitutional validity of the impugned provision and clarified its scope in relation to fundamental rights.,"Synthetic - Illustrative (generated for dataset-scale demonstration, not a real citation)",Synthetic (Illustrative)
1148,Anita Sharma v. Krishna Textiles (2),SYN/CRI/2025/2511,2025,Punjab and Haryana High Court,Criminal,Section 498A IPC,The court examined the evidence on record and clarified the applicable standard of proof for the charged offence.,"Synthetic - Illustrative (generated for dataset-scale demonstration, not a real citation)",Synthetic (Illustrative)
1149,Geeta Menon v. Reserve Bank of India,SYN/CIV/2008/2512,2008,Sessions Court,Civil,"Section 9, CPC",The court clarified the applicable civil procedure and remedy available to the aggrieved party.,"Synthetic - Illustrative (generated for dataset-scale demonstration, not a real citation)",Synthetic (Illustrative)
1150,Ramesh Kumar v. State Electricity Board,SYN/FAM/2014/2513,2014,Rajasthan High Court,Family,Hindu Marriage Act,The court balanced the competing interests of the parties in a matrimonial/maintenance dispute and issued appropriate directions.,"Synthetic - Illustrative (generated for dataset-scale demonstration, not a real citation)",Synthetic (Illustrative)
1151,National Insurance Co. Ltd. v. Employees State Insurance Corp. (2),SYN/LAB/2023/2514,2023,Rajasthan High Court,Labour,Factories Act,The court clarified the rights and obligations of the employer and workman under the applicable labour statute.,"Synthetic - Illustrative (generated for dataset-scale demonstration, not a real citation)",Synthetic (Illustrative)
1152,Geeta Menon v. Delhi Development Authority,SYN/COM/2023/2515,2023,Madhya Pradesh High Court,Commercial,Insolvency and Bankruptcy Code,The court interpreted the contractual/arbitration clause and clarified the parties' rights under commercial law.,"Synthetic - Illustrative (generated for dataset-scale demonstration, not a real citation)",Synthetic (Illustrative)
1153,Union of India v. Ganesh Traders (2),SYN/CYB/2021/2516,2021,Allahabad High Court,Cyber,"IT Rules, 2021",The court examined the scope of liability under the IT Act for the alleged online offence/conduct.,"Synthetic - Illustrative (generated for dataset-scale demonstration, not a real citation)",Synthetic (Illustrative)
1154,ABC Enterprises Pvt. Ltd. v. PQR Industries Ltd.,SYN/TAX/2008/2517,2008,Bombay High Court,Taxation,"Section 143(3), Income Tax Act",The court clarified the applicable tax provision and the assessee's liability under the relevant assessment.,"Synthetic - Illustrative (generated for dataset-scale demonstration, not a real citation)",Synthetic (Illustrative)
1155,Balaji Constructions Ltd. v. State Electricity Board,SYN/ADM/2015/2518,2015,Calcutta High Court,Administrative,Service Rules,The court examined the administrative action for compliance with principles of natural justice and statutory procedure.,"Synthetic - Illustrative (generated for dataset-scale demonstration, not a real citation)",Synthetic (Illustrative)
1156,Vishal Oberoi v. Municipal Corporation,SYN/HUM/2008/2519,2008,Odisha High Court,Human Rights,Juvenile Justice Act,The court examined the alleged rights violation and issued directions to safeguard the affected party's constitutional protections.,"Synthetic - Illustrative (generated for dataset-scale demonstration, not a real citation)",Synthetic (Illustrative)
1157,Kavita Rao v. National Highway Authority (3),SYN/CON/2009/2520,2009,Karnataka High Court,Constitutional,Article 300A,The court examined the constitutional validity of the impugned provision and clarified its scope in relation to fundamental rights.,"Synthetic - Illustrative (generated for dataset-scale demonstration, not a real citation)",Synthetic (Illustrative)
1158,Rajesh Gupta v. Cantonment Board,SYN/CRI/2021/2521,2021,Madras High Court,Criminal,Section 420 IPC,The court examined the evidence on record and clarified the applicable standard of proof for the charged offence.,"Synthetic - Illustrative (generated for dataset-scale demonstration, not a real citation)",Synthetic (Illustrative)
1159,Ramesh Kumar v. Sudha Rani (2),SYN/CIV/2024/2522,2024,Chhattisgarh High Court,Civil,"Section 9, CPC",The court clarified the applicable civil procedure and remedy available to the aggrieved party.,"Synthetic - Illustrative (generated for dataset-scale demonstration, not a real citation)",Synthetic (Illustrative)
1160,Shweta Iyengar v. Housing Development Board,SYN/FAM/2022/2523,2022,Calcutta High Court,Family,Guardians and Wards Act,The court balanced the competing interests of the parties in a matrimonial/maintenance dispute and issued appropriate directions.,"Synthetic - Illustrative (generated for dataset-scale demonstration, not a real citation)",Synthetic (Illustrative)
1161,Anil Kapoor Traders v. Municipal Corporation,SYN/LAB/2004/2524,2004,Calcutta High Court,Labour,Employees' Compensation Act,The court clarified the rights and obligations of the employer and workman under the applicable labour statute.,"Synthetic - Illustrative (generated for dataset-scale demonstration, not a real citation)",Synthetic (Illustrative)
1162,Priya Nair v. State Bank of India (3),SYN/COM/2015/2525,2015,Rajasthan High Court,Commercial,Insolvency and Bankruptcy Code,The court interpreted the contractual/arbitration clause and clarified the parties' rights under commercial law.,"Synthetic - Illustrative (generated for dataset-scale demonstration, not a real citation)",Synthetic (Illustrative)
1163,Sneha Pillai v. National Highway Authority (2),SYN/CYB/2009/2526,2009,Chhattisgarh High Court,Cyber,"Section 79, IT Act",The court examined the scope of liability under the IT Act for the alleged online offence/conduct.,"Synthetic - Illustrative (generated for dataset-scale demonstration, not a real citation)",Synthetic (Illustrative)
1164,Star Textiles Pvt. Ltd. v. State Electricity Board (2),SYN/TAX/2015/2527,2015,Madras High Court,Taxation,"Section 40A, Income Tax Act",The court clarified the applicable tax provision and the assessee's liability under the relevant assessment.,"Synthetic - Illustrative (generated for dataset-scale demonstration, not a real citation)",Synthetic (Illustrative)
1165,Sanjay Mehta v. Delhi Development Authority (3),SYN/ADM/2016/2528,2016,Rajasthan High Court,Administrative,Article 311,The court examined the administrative action for compliance with principles of natural justice and statutory procedure.,"Synthetic - Illustrative (generated for dataset-scale demonstration, not a real citation)",Synthetic (Illustrative)
1166,XYZ Industries Ltd. v. State Bank of India (2),SYN/HUM/2003/2529,2003,Odisha High Court,Human Rights,Article 21,The court examined the alleged rights violation and issued directions to safeguard the affected party's constitutional protections.,"Synthetic - Illustrative (generated for dataset-scale demonstration, not a real citation)",Synthetic (Illustrative)
1167,Arjun Reddy v. Sudha Rani (2),SYN/CON/2022/2530,2022,Karnataka High Court,Constitutional,Article 300A,The court examined the constitutional validity of the impugned provision and clarified its scope in relation to fundamental rights.,"Synthetic - Illustrative (generated for dataset-scale demonstration, not a real citation)",Synthetic (Illustrative)
1168,Nisha Kapoor v. Union of India (2),SYN/CRI/2021/2531,2021,Rajasthan High Court,Criminal,Section 498A IPC,The court examined the evidence on record and clarified the applicable standard of proof for the charged offence.,"Synthetic - Illustrative (generated for dataset-scale demonstration, not a real citation)",Synthetic (Illustrative)
1169,Shweta Iyengar v. Ganesh Traders,SYN/CIV/2012/2532,2012,Telangana High Court,Civil,Transfer of Property Act,The court clarified the applicable civil procedure and remedy available to the aggrieved party.,"Synthetic - Illustrative (generated for dataset-scale demonstration, not a real citation)",Synthetic (Illustrative)
1170,State of U.P. v. Employees State Insurance Corp. (3),SYN/FAM/2023/2533,2023,Bombay High Court,Family,Guardians and Wards Act,The court balanced the competing interests of the parties in a matrimonial/maintenance dispute and issued appropriate directions.,"Synthetic - Illustrative (generated for dataset-scale demonstration, not a real citation)",Synthetic (Illustrative)
1171,Sanjay Mehta v. Neha Joshi (2),SYN/LAB/2012/2534,2012,Jharkhand High Court,Labour,Factories Act,The court clarified the rights and obligations of the employer and workman under the applicable labour statute.,"Synthetic - Illustrative (generated for dataset-scale demonstration, not a real citation)",Synthetic (Illustrative)
1172,State of Maharashtra v. Neha Joshi (2),SYN/COM/2009/2535,2009,Madras High Court,Commercial,"Companies Act, 2013",The court interpreted the contractual/arbitration clause and clarified the parties' rights under commercial law.,"Synthetic - Illustrative (generated for dataset-scale demonstration, not a real citation)",Synthetic (Illustrative)
1173,Global Traders Pvt. Ltd. v. Krishna Textiles,SYN/CYB/2004/2536,2004,Karnataka High Court,Cyber,"Section 43, IT Act",The court examined the scope of liability under the IT Act for the alleged online offence/conduct.,"Synthetic - Illustrative (generated for dataset-scale demonstration, not a real citation)",Synthetic (Illustrative)
1174,Gopal Das v. State Electricity Board,SYN/TAX/2009/2537,2009,Delhi High Court,Taxation,Customs Act,The court clarified the applicable tax provision and the assessee's liability under the relevant assessment.,"Synthetic - Illustrative (generated for dataset-scale demonstration, not a real citation)",Synthetic (Illustrative)
1175,Union of India v. Reserve Bank of India (2),SYN/ADM/2013/2538,2013,Jharkhand High Court,Administrative,Article 14,The court examined the administrative action for compliance with principles of natural justice and statutory procedure.,"Synthetic - Illustrative (generated for dataset-scale demonstration, not a real citation)",Synthetic (Illustrative)
1176,Nisha Kapoor v. Ravi Shankar,SYN/HUM/2003/2539,2003,Gauhati High Court,Human Rights,Article 21,The court examined the alleged rights violation and issued directions to safeguard the affected party's constitutional protections.,"Synthetic - Illustrative (generated for dataset-scale demonstration, not a real citation)",Synthetic (Illustrative)
1177,Anita Sharma v. Divisional Commissioner,SYN/CON/2025/2540,2025,Bombay High Court,Constitutional,Article 300A,The court examined the constitutional validity of the impugned provision and clarified its scope in relation to fundamental rights.,"Synthetic - Illustrative (generated for dataset-scale demonstration, not a real citation)",Synthetic (Illustrative)
1178,Arjun Reddy v. State Pollution Control Board,SYN/CRI/2011/2541,2011,Patna High Court,Criminal,Section 420 IPC,The court examined the evidence on record and clarified the applicable standard of proof for the charged offence.,"Synthetic - Illustrative (generated for dataset-scale demonstration, not a real citation)",Synthetic (Illustrative)
1179,Union of India v. Sudha Rani (2),SYN/CIV/2006/2542,2006,Madhya Pradesh High Court,Civil,Transfer of Property Act,The court clarified the applicable civil procedure and remedy available to the aggrieved party.,"Synthetic - Illustrative (generated for dataset-scale demonstration, not a real citation)",Synthetic (Illustrative)
1180,Ashok Kumar v. Housing Development Board (2),SYN/FAM/2024/2543,2024,Chhattisgarh High Court,Family,Hindu Marriage Act,The court balanced the competing interests of the parties in a matrimonial/maintenance dispute and issued appropriate directions.,"Synthetic - Illustrative (generated for dataset-scale demonstration, not a real citation)",Synthetic (Illustrative)
1181,Shweta Iyengar v. Life Insurance Corporation of India,SYN/LAB/2007/2544,2007,Gauhati High Court,Labour,Industrial Disputes Act,The court clarified the rights and obligations of the employer and workman under the applicable labour statute.,"Synthetic - Illustrative (generated for dataset-scale demonstration, not a real citation)",Synthetic (Illustrative)
1182,Priya Nair v. Sudha Rani,SYN/COM/2012/2545,2012,Bombay High Court,Commercial,"Section 138, NI Act",The court interpreted the contractual/arbitration clause and clarified the parties' rights under commercial law.,"Synthetic - Illustrative (generated for dataset-scale demonstration, not a real citation)",Synthetic (Illustrative)
1183,Shweta Iyengar v. Reserve Bank of India,SYN/CYB/2008/2546,2008,Bombay High Court,Cyber,"Section 66E, IT Act",The court examined the scope of liability under the IT Act for the alleged online offence/conduct.,"Synthetic - Illustrative (generated for dataset-scale demonstration, not a real citation)",Synthetic (Illustrative)
1184,Gopal Das v. Life Insurance Corporation of India,SYN/TAX/2019/2547,2019,Karnataka High Court,Taxation,"Section 271, Income Tax Act",The court clarified the applicable tax provision and the assessee's liability under the relevant assessment.,"Synthetic - Illustrative (generated for dataset-scale demonstration, not a real citation)",Synthetic (Illustrative)
1185,Arjun Reddy v. Divisional Commissioner,SYN/ADM/2022/2548,2022,Bombay High Court,Administrative,Administrative Tribunals Act,The court examined the administrative action for compliance with principles of natural justice and statutory procedure.,"Synthetic - Illustrative (generated for dataset-scale demonstration, not a real citation)",Synthetic (Illustrative)
1186,Union of India v. Central Excise Department,SYN/HUM/2012/2549,2012,Gujarat High Court,Human Rights,Protection of Human Rights Act,The court examined the alleged rights violation and issued directions to safeguard the affected party's constitutional protections.,"Synthetic - Illustrative (generated for dataset-scale demonstration, not a real citation)",Synthetic (Illustrative)
1187,Star Textiles Pvt. Ltd. v. Life Insurance Corporation of India,SYN/CON/2010/2550,2010,Gujarat High Court,Constitutional,Article 15,The court examined the constitutional validity of the impugned provision and clarified its scope in relation to fundamental rights.,"Synthetic - Illustrative (generated for dataset-scale demonstration, not a real citation)",Synthetic (Illustrative)
1188,Sneha Pillai v. Regional Transport Authority (4),SYN/CRI/2017/2551,2017,Madhya Pradesh High Court,Criminal,Section 41A CrPC,The court examined the evidence on record and clarified the applicable standard of proof for the charged offence.,"Synthetic - Illustrative (generated for dataset-scale demonstration, not a real citation)",Synthetic (Illustrative)
1189,Suresh Patel v. Krishna Textiles (2),SYN/CIV/2019/2552,2019,Patna High Court,Civil,Transfer of Property Act,The court clarified the applicable civil procedure and remedy available to the aggrieved party.,"Synthetic - Illustrative (generated for dataset-scale demonstration, not a real citation)",Synthetic (Illustrative)
1190,Vikram Singh v. Registrar of Companies (2),SYN/FAM/2017/2553,2017,Rajasthan High Court,Family,Guardians and Wards Act,The court balanced the competing interests of the parties in a matrimonial/maintenance dispute and issued appropriate directions.,"Synthetic - Illustrative (generated for dataset-scale demonstration, not a real citation)",Synthetic (Illustrative)
1191,Manoj Tiwari v. State of Rajasthan,SYN/LAB/2013/2554,2013,Kerala High Court,Labour,Factories Act,The court clarified the rights and obligations of the employer and workman under the applicable labour statute.,"Synthetic - Illustrative (generated for dataset-scale demonstration, not a real citation)",Synthetic (Illustrative)
1192,Kiran Bedi Enterprises v. National Highway Authority (2),SYN/COM/2004/2555,2004,Kerala High Court,Commercial,Partnership Act,The court interpreted the contractual/arbitration clause and clarified the parties' rights under commercial law.,"Synthetic - Illustrative (generated for dataset-scale demonstration, not a real citation)",Synthetic (Illustrative)
1193,Global Traders Pvt. Ltd. v. Sudha Rani (2),SYN/CYB/2019/2556,2019,Madhya Pradesh High Court,Cyber,"Section 43, IT Act",The court examined the scope of liability under the IT Act for the alleged online offence/conduct.,"Synthetic - Illustrative (generated for dataset-scale demonstration, not a real citation)",Synthetic (Illustrative)
1194,Mohan Lal v. Regional Transport Authority,SYN/TAX/2013/2557,2013,Odisha High Court,Taxation,"Section 40A, Income Tax Act",The court clarified the applicable tax provision and the assessee's liability under the relevant assessment.,"Synthetic - Illustrative (generated for dataset-scale demonstration, not a real citation)",Synthetic (Illustrative)
1195,Meena Kumari v. State Bank of India (3),SYN/ADM/2016/2558,2016,Himachal Pradesh High Court,Administrative,Article 311,The court examined the administrative action for compliance with principles of natural justice and statutory procedure.,"Synthetic - Illustrative (generated for dataset-scale demonstration, not a real citation)",Synthetic (Illustrative)
1196,Nisha Kapoor v. State Electricity Board,SYN/HUM/2009/2559,2009,Jharkhand High Court,Human Rights,Article 14,The court examined the alleged rights violation and issued directions to safeguard the affected party's constitutional protections.,"Synthetic - Illustrative (generated for dataset-scale demonstration, not a real citation)",Synthetic (Illustrative)
1197,Ashok Kumar v. Vinod Kumar (2),SYN/CON/2005/2560,2005,Delhi High Court,Constitutional,Article 15,The court examined the constitutional validity of the impugned provision and clarified its scope in relation to fundamental rights.,"Synthetic - Illustrative (generated for dataset-scale demonstration, not a real citation)",Synthetic (Illustrative)
1198,Star Textiles Pvt. Ltd. v. Central Excise Department,SYN/CRI/2014/2561,2014,Telangana High Court,Criminal,Section 302 IPC,The court examined the evidence on record and clarified the applicable standard of proof for the charged offence.,"Synthetic - Illustrative (generated for dataset-scale demonstration, not a real citation)",Synthetic (Illustrative)
1199,Vishal Oberoi v. State Electricity Board,SYN/CIV/2012/2562,2012,Odisha High Court,Civil,Specific Relief Act,The court clarified the applicable civil procedure and remedy available to the aggrieved party.,"Synthetic - Illustrative (generated for dataset-scale demonstration, not a real citation)",Synthetic (Illustrative)
1200,Lakshmi Narayanan v. Life Insurance Corporation of India (2),SYN/FAM/2022/2563,2022,Odisha High Court,Family,Domestic Violence Act,The court balanced the competing interests of the parties in a matrimonial/maintenance dispute and issued appropriate directions.,"Synthetic - Illustrative (generated for dataset-scale demonstration, not a real citation)",Synthetic (Illustrative)
1201,National Insurance Co. Ltd. v. Central Bureau of Investigation,SYN/LAB/2009/2564,2009,Madras High Court,Labour,"Section 25F, ID Act",The court clarified the rights and obligations of the employer and workman under the applicable labour statute.,"Synthetic - Illustrative (generated for dataset-scale demonstration, not a real citation)",Synthetic (Illustrative)
1202,Harish Chandra v. Reserve Bank of India (3),SYN/COM/2005/2565,2005,Karnataka High Court,Commercial,Insolvency and Bankruptcy Code,The court interpreted the contractual/arbitration clause and clarified the parties' rights under commercial law.,"Synthetic - Illustrative (generated for dataset-scale demonstration, not a real citation)",Synthetic (Illustrative)
1203,State of U.P. v. Rekha Singh,SYN/CYB/2011/2566,2011,Gujarat High Court,Cyber,"Section 79, IT Act",The court examined the scope of liability under the IT Act for the alleged online offence/conduct.,"Synthetic - Illustrative (generated for dataset-scale demonstration, not a real citation)",Synthetic (Illustrative)
1204,Geeta Menon v. Vinod Kumar,SYN/TAX/2009/2567,2009,Sessions Court,Taxation,"Section 50, CGST Act",The court clarified the applicable tax provision and the assessee's liability under the relevant assessment.,"Synthetic - Illustrative (generated for dataset-scale demonstration, not a real citation)",Synthetic (Illustrative)
1205,Radha Krishnan v. Life Insurance Corporation of India,SYN/ADM/2015/2568,2015,Himachal Pradesh High Court,Administrative,Article 14,The court examined the administrative action for compliance with principles of natural justice and statutory procedure.,"Synthetic - Illustrative (generated for dataset-scale demonstration, not a real citation)",Synthetic (Illustrative)
1206,Union of India v. Ganesh Traders (3),SYN/HUM/2003/2569,2003,Uttarakhand High Court,Human Rights,Article 14,The court examined the alleged rights violation and issued directions to safeguard the affected party's constitutional protections.,"Synthetic - Illustrative (generated for dataset-scale demonstration, not a real citation)",Synthetic (Illustrative)
1207,Union of India v. National Highway Authority (3),SYN/CON/2016/2570,2016,Kerala High Court,Constitutional,Article 300A,The court examined the constitutional validity of the impugned provision and clarified its scope in relation to fundamental rights.,"Synthetic - Illustrative (generated for dataset-scale demonstration, not a real citation)",Synthetic (Illustrative)
1208,Kavita Rao v. Life Insurance Corporation of India (2),SYN/CRI/2023/2571,2023,Karnataka High Court,Criminal,Section 420 IPC,The court examined the evidence on record and clarified the applicable standard of proof for the charged offence.,"Synthetic - Illustrative (generated for dataset-scale demonstration, not a real citation)",Synthetic (Illustrative)
1209,Balaji Constructions Ltd. v. Reserve Bank of India,SYN/CIV/2023/2572,2023,Bombay High Court,Civil,Transfer of Property Act,The court clarified the applicable civil procedure and remedy available to the aggrieved party.,"Synthetic - Illustrative (generated for dataset-scale demonstration, not a real citation)",Synthetic (Illustrative)
1210,Kavita Rao v. Neha Joshi,SYN/FAM/2011/2573,2011,Odisha High Court,Family,Hindu Marriage Act,The court balanced the competing interests of the parties in a matrimonial/maintenance dispute and issued appropriate directions.,"Synthetic - Illustrative (generated for dataset-scale demonstration, not a real citation)",Synthetic (Illustrative)
1211,Global Traders Pvt. Ltd. v. State Pollution Control Board (2),SYN/LAB/2011/2574,2011,Uttarakhand High Court,Labour,Payment of Gratuity Act,The court clarified the rights and obligations of the employer and workman under the applicable labour statute.,"Synthetic - Illustrative (generated for dataset-scale demonstration, not a real citation)",Synthetic (Illustrative)
1212,Anita Sharma v. National Highway Authority (2),SYN/COM/2004/2575,2004,Madhya Pradesh High Court,Commercial,Partnership Act,The court interpreted the contractual/arbitration clause and clarified the parties' rights under commercial law.,"Synthetic - Illustrative (generated for dataset-scale demonstration, not a real citation)",Synthetic (Illustrative)
1213,Ashok Kumar v. Vinod Kumar (3),SYN/CYB/2017/2576,2017,Sessions Court,Cyber,"IT Rules, 2021",The court examined the scope of liability under the IT Act for the alleged online offence/conduct.,"Synthetic - Illustrative (generated for dataset-scale demonstration, not a real citation)",Synthetic (Illustrative)
1214,Star Textiles Pvt. Ltd. v. Delhi Development Authority (2),SYN/TAX/2025/2577,2025,Madras High Court,Taxation,"GST Act, Section 74",The court clarified the applicable tax provision and the assessee's liability under the relevant assessment.,"Synthetic - Illustrative (generated for dataset-scale demonstration, not a real citation)",Synthetic (Illustrative)
1215,Farhan Ahmed v. Bank of Baroda (2),SYN/ADM/2005/2578,2005,Madhya Pradesh High Court,Administrative,Right to Information Act,The court examined the administrative action for compliance with principles of natural justice and statutory procedure.,"Synthetic - Illustrative (generated for dataset-scale demonstration, not a real citation)",Synthetic (Illustrative)
1216,State of Maharashtra v. Municipal Corporation (2),SYN/HUM/2019/2579,2019,Calcutta High Court,Human Rights,Article 14,The court examined the alleged rights violation and issued directions to safeguard the affected party's constitutional protections.,"Synthetic - Illustrative (generated for dataset-scale demonstration, not a real citation)",Synthetic (Illustrative)
1217,Pooja Iyer v. Delhi Development Authority,SYN/CON/2024/2580,2024,Himachal Pradesh High Court,Constitutional,Article 19,The court examined the constitutional validity of the impugned provision and clarified its scope in relation to fundamental rights.,"Synthetic - Illustrative (generated for dataset-scale demonstration, not a real citation)",Synthetic (Illustrative)
1218,State of U.P. v. Central Excise Department,SYN/CRI/2008/2581,2008,Himachal Pradesh High Court,Criminal,Section 34 IPC,The court examined the evidence on record and clarified the applicable standard of proof for the charged offence.,"Synthetic - Illustrative (generated for dataset-scale demonstration, not a real citation)",Synthetic (Illustrative)
1219,Shweta Iyengar v. Employees State Insurance Corp. (2),SYN/CIV/2022/2582,2022,Telangana High Court,Civil,"Order VII Rule 11, CPC",The court clarified the applicable civil procedure and remedy available to the aggrieved party.,"Synthetic - Illustrative (generated for dataset-scale demonstration, not a real citation)",Synthetic (Illustrative)
1220,Fatima Sheikh v. Ravi Shankar,SYN/FAM/2018/2583,2018,Sessions Court,Family,"Section 13B, HMA",The court balanced the competing interests of the parties in a matrimonial/maintenance dispute and issued appropriate directions.,"Synthetic - Illustrative (generated for dataset-scale demonstration, not a real citation)",Synthetic (Illustrative)
1221,Manoj Tiwari v. Rekha Singh (2),SYN/LAB/2019/2584,2019,Jharkhand High Court,Labour,Payment of Wages Act,The court clarified the rights and obligations of the employer and workman under the applicable labour statute.,"Synthetic - Illustrative (generated for dataset-scale demonstration, not a real citation)",Synthetic (Illustrative)
1222,Sneha Pillai v. Divisional Commissioner,SYN/COM/2015/2585,2015,Uttarakhand High Court,Commercial,Partnership Act,The court interpreted the contractual/arbitration clause and clarified the parties' rights under commercial law.,"Synthetic - Illustrative (generated for dataset-scale demonstration, not a real citation)",Synthetic (Illustrative)
1223,Star Textiles Pvt. Ltd. v. Reserve Bank of India,SYN/CYB/2017/2586,2017,Madras High Court,Cyber,"IT Rules, 2021",The court examined the scope of liability under the IT Act for the alleged online offence/conduct.,"Synthetic - Illustrative (generated for dataset-scale demonstration, not a real citation)",Synthetic (Illustrative)
1224,Sanjay Mehta v. Rekha Singh (3),SYN/TAX/2013/2587,2013,Telangana High Court,Taxation,Customs Act,The court clarified the applicable tax provision and the assessee's liability under the relevant assessment.,"Synthetic - Illustrative (generated for dataset-scale demonstration, not a real citation)",Synthetic (Illustrative)
1225,State of Maharashtra v. Housing Development Board,SYN/ADM/2014/2588,2014,Odisha High Court,Administrative,Administrative Tribunals Act,The court examined the administrative action for compliance with principles of natural justice and statutory procedure.,"Synthetic - Illustrative (generated for dataset-scale demonstration, not a real citation)",Synthetic (Illustrative)
1226,Radha Krishnan v. PQR Industries Ltd. (3),SYN/HUM/2026/2589,2026,Rajasthan High Court,Human Rights,Bonded Labour System (Abolition) Act,The court examined the alleged rights violation and issued directions to safeguard the affected party's constitutional protections.,"Synthetic - Illustrative (generated for dataset-scale demonstration, not a real citation)",Synthetic (Illustrative)
1227,Star Textiles Pvt. Ltd. v. Union of India,SYN/CON/2020/2590,2020,Odisha High Court,Constitutional,Article 32,The court examined the constitutional validity of the impugned provision and clarified its scope in relation to fundamental rights.,"Synthetic - Illustrative (generated for dataset-scale demonstration, not a real citation)",Synthetic (Illustrative)
1228,Manoj Tiwari v. State Bank of India (2),SYN/CRI/2009/2591,2009,Chhattisgarh High Court,Criminal,Section 302 IPC,The court examined the evidence on record and clarified the applicable standard of proof for the charged offence.,"Synthetic - Illustrative (generated for dataset-scale demonstration, not a real citation)",Synthetic (Illustrative)
1229,Rajesh Gupta v. Registrar of Companies (2),SYN/CIV/2012/2592,2012,Madhya Pradesh High Court,Civil,Limitation Act,The court clarified the applicable civil procedure and remedy available to the aggrieved party.,"Synthetic - Illustrative (generated for dataset-scale demonstration, not a real citation)",Synthetic (Illustrative)
1230,Union of India v. Rekha Singh (4),SYN/FAM/2017/2593,2017,Sessions Court,Family,Guardians and Wards Act,The court balanced the competing interests of the parties in a matrimonial/maintenance dispute and issued appropriate directions.,"Synthetic - Illustrative (generated for dataset-scale demonstration, not a real citation)",Synthetic (Illustrative)
1231,Sunita Devi v. Krishna Textiles (2),SYN/LAB/2023/2594,2023,Jharkhand High Court,Labour,Payment of Wages Act,The court clarified the rights and obligations of the employer and workman under the applicable labour statute.,"Synthetic - Illustrative (generated for dataset-scale demonstration, not a real citation)",Synthetic (Illustrative)
1232,Sunita Devi v. Delhi Development Authority,SYN/COM/2003/2595,2003,Bombay High Court,Commercial,Arbitration and Conciliation Act,The court interpreted the contractual/arbitration clause and clarified the parties' rights under commercial law.,"Synthetic - Illustrative (generated for dataset-scale demonstration, not a real citation)",Synthetic (Illustrative)
1233,Ramesh Kumar v. Employees State Insurance Corp. (2),SYN/CYB/2008/2596,2008,Uttarakhand High Court,Cyber,"Section 66D, IT Act",The court examined the scope of liability under the IT Act for the alleged online offence/conduct.,"Synthetic - Illustrative (generated for dataset-scale demonstration, not a real citation)",Synthetic (Illustrative)
1234,State of Tamil Nadu v. PQR Industries Ltd. (3),SYN/TAX/2013/2597,2013,Gauhati High Court,Taxation,Customs Act,The court clarified the applicable tax provision and the assessee's liability under the relevant assessment.,"Synthetic - Illustrative (generated for dataset-scale demonstration, not a real citation)",Synthetic (Illustrative)
1235,State of Karnataka v. State Bank of India (2),SYN/ADM/2019/2598,2019,Patna High Court,Administrative,Article 311,The court examined the administrative action for compliance with principles of natural justice and statutory procedure.,"Synthetic - Illustrative (generated for dataset-scale demonstration, not a real citation)",Synthetic (Illustrative)
1236,Star Textiles Pvt. Ltd. v. Employees State Insurance Corp.,SYN/HUM/2019/2599,2019,Chhattisgarh High Court,Human Rights,Article 14,The court examined the alleged rights violation and issued directions to safeguard the affected party's constitutional protections.,"Synthetic - Illustrative (generated for dataset-scale demonstration, not a real citation)",Synthetic (Illustrative)
1237,Ashok Kumar v. Rekha Singh (2),SYN/CON/2021/2600,2021,Rajasthan High Court,Constitutional,Article 14,The court examined the constitutional validity of the impugned provision and clarified its scope in relation to fundamental rights.,"Synthetic - Illustrative (generated for dataset-scale demonstration, not a real citation)",Synthetic (Illustrative)
1238,Anita Sharma v. State Pollution Control Board,SYN/CRI/2015/2601,2015,Delhi High Court,Criminal,Section 41A CrPC,The court examined the evidence on record and clarified the applicable standard of proof for the charged offence.,"Synthetic - Illustrative (generated for dataset-scale demonstration, not a real citation)",Synthetic (Illustrative)
1239,Rajesh Gupta v. Port Trust Authority,SYN/CIV/2022/2602,2022,Uttarakhand High Court,Civil,Specific Relief Act,The court clarified the applicable civil procedure and remedy available to the aggrieved party.,"Synthetic - Illustrative (generated for dataset-scale demonstration, not a real citation)",Synthetic (Illustrative)
1240,Sunita Devi v. Delhi Development Authority (2),SYN/FAM/2017/2603,2017,Jharkhand High Court,Family,Section 125 CrPC,The court balanced the competing interests of the parties in a matrimonial/maintenance dispute and issued appropriate directions.,"Synthetic - Illustrative (generated for dataset-scale demonstration, not a real citation)",Synthetic (Illustrative)
1241,Meena Kumari v. State Bank of India (4),SYN/LAB/2006/2604,2006,Chhattisgarh High Court,Labour,Payment of Gratuity Act,The court clarified the rights and obligations of the employer and workman under the applicable labour statute.,"Synthetic - Illustrative (generated for dataset-scale demonstration, not a real citation)",Synthetic (Illustrative)
1242,ABC Enterprises Pvt. Ltd. v. State Bank of India (2),SYN/COM/2006/2605,2006,Kerala High Court,Commercial,Arbitration and Conciliation Act,The court interpreted the contractual/arbitration clause and clarified the parties' rights under commercial law.,"Synthetic - Illustrative (generated for dataset-scale demonstration, not a real citation)",Synthetic (Illustrative)
1243,Sneha Pillai v. PQR Industries Ltd.,SYN/CYB/2018/2606,2018,Patna High Court,Cyber,"Section 66E, IT Act",The court examined the scope of liability under the IT Act for the alleged online offence/conduct.,"Synthetic - Illustrative (generated for dataset-scale demonstration, not a real citation)",Synthetic (Illustrative)
1244,Geeta Menon v. PQR Industries Ltd.,SYN/TAX/2015/2607,2015,Jharkhand High Court,Taxation,Customs Act,The court clarified the applicable tax provision and the assessee's liability under the relevant assessment.,"Synthetic - Illustrative (generated for dataset-scale demonstration, not a real citation)",Synthetic (Illustrative)
1245,National Insurance Co. Ltd. v. Rekha Singh,SYN/ADM/2005/2608,2005,Chhattisgarh High Court,Administrative,Administrative Tribunals Act,The court examined the administrative action for compliance with principles of natural justice and statutory procedure.,"Synthetic - Illustrative (generated for dataset-scale demonstration, not a real citation)",Synthetic (Illustrative)
1246,Sunita Devi v. Delhi Development Authority (3),SYN/HUM/2010/2609,2010,Sessions Court,Human Rights,Article 21,The court examined the alleged rights violation and issued directions to safeguard the affected party's constitutional protections.,"Synthetic - Illustrative (generated for dataset-scale demonstration, not a real citation)",Synthetic (Illustrative)
1247,Meena Kumari v. Sudha Rani (3),SYN/CON/2007/2610,2007,Allahabad High Court,Constitutional,Article 300A,The court examined the constitutional validity of the impugned provision and clarified its scope in relation to fundamental rights.,"Synthetic - Illustrative (generated for dataset-scale demonstration, not a real citation)",Synthetic (Illustrative)
1248,Star Textiles Pvt. Ltd. v. Rekha Singh,SYN/CRI/2006/2611,2006,Himachal Pradesh High Court,Criminal,Section 376 IPC,The court examined the evidence on record and clarified the applicable standard of proof for the charged offence.,"Synthetic - Illustrative (generated for dataset-scale demonstration, not a real citation)",Synthetic (Illustrative)
1249,Geeta Menon v. Registrar of Companies,SYN/CIV/2011/2612,2011,Allahabad High Court,Civil,"Section 9, CPC",The court clarified the applicable civil procedure and remedy available to the aggrieved party.,"Synthetic - Illustrative (generated for dataset-scale demonstration, not a real citation)",Synthetic (Illustrative)
1250,Kavita Rao v. Land Acquisition Officer,SYN/FAM/2004/2613,2004,Rajasthan High Court,Family,Domestic Violence Act,The court balanced the competing interests of the parties in a matrimonial/maintenance dispute and issued appropriate directions.,"Synthetic - Illustrative (generated for dataset-scale demonstration, not a real citation)",Synthetic (Illustrative)
1251,Meena Kumari v. Municipal Corporation (2),SYN/LAB/2019/2614,2019,Odisha High Court,Labour,"Section 25F, ID Act",The court clarified the rights and obligations of the employer and workman under the applicable labour statute.,"Synthetic - Illustrative (generated for dataset-scale demonstration, not a real citation)",Synthetic (Illustrative)
1252,ABC Enterprises Pvt. Ltd. v. Land Acquisition Officer,SYN/COM/2006/2615,2006,Rajasthan High Court,Commercial,Insolvency and Bankruptcy Code,The court interpreted the contractual/arbitration clause and clarified the parties' rights under commercial law.,"Synthetic - Illustrative (generated for dataset-scale demonstration, not a real citation)",Synthetic (Illustrative)
1253,Sunita Devi v. State Bank of India (2),SYN/CYB/2021/2616,2021,Punjab and Haryana High Court,Cyber,"Section 66C, IT Act",The court examined the scope of liability under the IT Act for the alleged online offence/conduct.,"Synthetic - Illustrative (generated for dataset-scale demonstration, not a real citation)",Synthetic (Illustrative)
1254,ABC Enterprises Pvt. Ltd. v. Port Trust Authority,SYN/TAX/2019/2617,2019,Jharkhand High Court,Taxation,"Section 143(3), Income Tax Act",The court clarified the applicable tax provision and the assessee's liability under the relevant assessment.,"Synthetic - Illustrative (generated for dataset-scale demonstration, not a real citation)",Synthetic (Illustrative)
1255,Anil Kapoor Traders v. State Pollution Control Board,SYN/ADM/2013/2618,2013,Rajasthan High Court,Administrative,Article 226,The court examined the administrative action for compliance with principles of natural justice and statutory procedure.,"Synthetic - Illustrative (generated for dataset-scale demonstration, not a real citation)",Synthetic (Illustrative)
1256,Arjun Reddy v. Ravi Shankar (2),SYN/HUM/2013/2619,2013,Rajasthan High Court,Human Rights,SC/ST (Prevention of Atrocities) Act,The court examined the alleged rights violation and issued directions to safeguard the affected party's constitutional protections.,"Synthetic - Illustrative (generated for dataset-scale demonstration, not a real citation)",Synthetic (Illustrative)
1257,Farhan Ahmed v. Municipal Corporation,SYN/CON/2023/2620,2023,Madhya Pradesh High Court,Constitutional,Article 21,The court examined the constitutional validity of the impugned provision and clarified its scope in relation to fundamental rights.,"Synthetic - Illustrative (generated for dataset-scale demonstration, not a real citation)",Synthetic (Illustrative)
1258,Mohan Lal v. Sudha Rani (2),SYN/CRI/2025/2621,2025,Karnataka High Court,Criminal,Section 376 IPC,The court examined the evidence on record and clarified the applicable standard of proof for the charged offence.,"Synthetic - Illustrative (generated for dataset-scale demonstration, not a real citation)",Synthetic (Illustrative)
1259,National Insurance Co. Ltd. v. Life Insurance Corporation of India,SYN/CIV/2007/2622,2007,Delhi High Court,Civil,Article 21,The court clarified the applicable civil procedure and remedy available to the aggrieved party.,"Synthetic - Illustrative (generated for dataset-scale demonstration, not a real citation)",Synthetic (Illustrative)
1260,Union of India v. Ravi Shankar (2),SYN/FAM/2024/2623,2024,Telangana High Court,Family,Hindu Succession Act,The court balanced the competing interests of the parties in a matrimonial/maintenance dispute and issued appropriate directions.,"Synthetic - Illustrative (generated for dataset-scale demonstration, not a real citation)",Synthetic (Illustrative)
1261,Rajesh Gupta v. Vinod Kumar (2),SYN/LAB/2022/2624,2022,Madhya Pradesh High Court,Labour,Payment of Wages Act,The court clarified the rights and obligations of the employer and workman under the applicable labour statute.,"Synthetic - Illustrative (generated for dataset-scale demonstration, not a real citation)",Synthetic (Illustrative)
1262,Deepak Verma v. Sudha Rani (3),SYN/COM/2026/2625,2026,Himachal Pradesh High Court,Commercial,"Section 138, NI Act",The court interpreted the contractual/arbitration clause and clarified the parties' rights under commercial law.,"Synthetic - Illustrative (generated for dataset-scale demonstration, not a real citation)",Synthetic (Illustrative)
1263,Rajesh Gupta v. Rekha Singh,SYN/CYB/2005/2626,2005,Bombay High Court,Cyber,"Section 66C, IT Act",The court examined the scope of liability under the IT Act for the alleged online offence/conduct.,"Synthetic - Illustrative (generated for dataset-scale demonstration, not a real citation)",Synthetic (Illustrative)
1264,Vikram Singh v. Ganesh Traders (2),SYN/TAX/2015/2627,2015,Telangana High Court,Taxation,"GST Act, Section 74",The court clarified the applicable tax provision and the assessee's liability under the relevant assessment.,"Synthetic - Illustrative (generated for dataset-scale demonstration, not a real citation)",Synthetic (Illustrative)
1265,National Insurance Co. Ltd. v. Krishna Textiles (3),SYN/ADM/2003/2628,2003,Uttarakhand High Court,Administrative,Administrative Tribunals Act,The court examined the administrative action for compliance with principles of natural justice and statutory procedure.,"Synthetic - Illustrative (generated for dataset-scale demonstration, not a real citation)",Synthetic (Illustrative)
1266,Ramesh Kumar v. Land Acquisition Officer,SYN/HUM/2023/2629,2023,Telangana High Court,Human Rights,SC/ST (Prevention of Atrocities) Act,The court examined the alleged rights violation and issued directions to safeguard the affected party's constitutional protections.,"Synthetic - Illustrative (generated for dataset-scale demonstration, not a real citation)",Synthetic (Illustrative)
1267,State of Tamil Nadu v. State of Rajasthan (2),SYN/CON/2023/2630,2023,Gujarat High Court,Constitutional,Article 14,The court examined the constitutional validity of the impugned provision and clarified its scope in relation to fundamental rights.,"Synthetic - Illustrative (generated for dataset-scale demonstration, not a real citation)",Synthetic (Illustrative)
1268,Union of India v. Bank of Baroda (3),SYN/CRI/2015/2631,2015,Sessions Court,Criminal,Section 420 IPC,The court examined the evidence on record and clarified the applicable standard of proof for the charged offence.,"Synthetic - Illustrative (generated for dataset-scale demonstration, not a real citation)",Synthetic (Illustrative)
1269,Pooja Iyer v. Employees State Insurance Corp.,SYN/CIV/2008/2632,2008,Telangana High Court,Civil,"Order VII Rule 11, CPC",The court clarified the applicable civil procedure and remedy available to the aggrieved party.,"Synthetic - Illustrative (generated for dataset-scale demonstration, not a real citation)",Synthetic (Illustrative)
1270,"ABC Enterprises Pvt. Ltd. v. Chief Engineer, PWD",SYN/FAM/2011/2633,2011,Allahabad High Court,Family,Domestic Violence Act,The court balanced the competing interests of the parties in a matrimonial/maintenance dispute and issued appropriate directions.,"Synthetic - Illustrative (generated for dataset-scale demonstration, not a real citation)",Synthetic (Illustrative)
1271,Radha Krishnan v. Port Trust Authority,SYN/LAB/2010/2634,2010,Himachal Pradesh High Court,Labour,Industrial Disputes Act,The court clarified the rights and obligations of the employer and workman under the applicable labour statute.,"Synthetic - Illustrative (generated for dataset-scale demonstration, not a real citation)",Synthetic (Illustrative)
1272,Vikram Singh v. Vinod Kumar (2),SYN/COM/2025/2635,2025,Allahabad High Court,Commercial,Insolvency and Bankruptcy Code,The court interpreted the contractual/arbitration clause and clarified the parties' rights under commercial law.,"Synthetic - Illustrative (generated for dataset-scale demonstration, not a real citation)",Synthetic (Illustrative)
1273,Anil Kapoor Traders v. Central Excise Department,SYN/CYB/2004/2636,2004,Kerala High Court,Cyber,"IT Rules, 2021",The court examined the scope of liability under the IT Act for the alleged online offence/conduct.,"Synthetic - Illustrative (generated for dataset-scale demonstration, not a real citation)",Synthetic (Illustrative)
1274,Radha Krishnan v. Municipal Corporation,SYN/TAX/2010/2637,2010,Uttarakhand High Court,Taxation,"Section 40A, Income Tax Act",The court clarified the applicable tax provision and the assessee's liability under the relevant assessment.,"Synthetic - Illustrative (generated for dataset-scale demonstration, not a real citation)",Synthetic (Illustrative)
1275,Meena Kumari v. PQR Industries Ltd. (3),SYN/ADM/2003/2638,2003,Jharkhand High Court,Administrative,Administrative Tribunals Act,The court examined the administrative action for compliance with principles of natural justice and statutory procedure.,"Synthetic - Illustrative (generated for dataset-scale demonstration, not a real citation)",Synthetic (Illustrative)
1276,State of Maharashtra v. State Electricity Board,SYN/HUM/2016/2639,2016,Uttarakhand High Court,Human Rights,Article 21,The court examined the alleged rights violation and issued directions to safeguard the affected party's constitutional protections.,"Synthetic - Illustrative (generated for dataset-scale demonstration, not a real citation)",Synthetic (Illustrative)
1277,Mohan Lal v. Delhi Development Authority (2),SYN/CON/2017/2640,2017,Gauhati High Court,Constitutional,Article 19,The court examined the constitutional validity of the impugned provision and clarified its scope in relation to fundamental rights.,"Synthetic - Illustrative (generated for dataset-scale demonstration, not a real citation)",Synthetic (Illustrative)
1278,"Kavita Rao v. Chief Engineer, PWD (3)",SYN/CRI/2013/2641,2013,Patna High Court,Criminal,Section 420 IPC,The court examined the evidence on record and clarified the applicable standard of proof for the charged offence.,"Synthetic - Illustrative (generated for dataset-scale demonstration, not a real citation)",Synthetic (Illustrative)
1279,Deepak Verma v. Central Excise Department,SYN/CIV/2011/2642,2011,Himachal Pradesh High Court,Civil,Transfer of Property Act,The court clarified the applicable civil procedure and remedy available to the aggrieved party.,"Synthetic - Illustrative (generated for dataset-scale demonstration, not a real citation)",Synthetic (Illustrative)
1280,Meena Kumari v. Bank of Baroda (2),SYN/FAM/2024/2643,2024,Chhattisgarh High Court,Family,Guardians and Wards Act,The court balanced the competing interests of the parties in a matrimonial/maintenance dispute and issued appropriate directions.,"Synthetic - Illustrative (generated for dataset-scale demonstration, not a real citation)",Synthetic (Illustrative)
1281,Kiran Bedi Enterprises v. State Pollution Control Board,SYN/LAB/2021/2644,2021,Karnataka High Court,Labour,Payment of Wages Act,The court clarified the rights and obligations of the employer and workman under the applicable labour statute.,"Synthetic - Illustrative (generated for dataset-scale demonstration, not a real citation)",Synthetic (Illustrative)
1282,Anil Kapoor Traders v. Life Insurance Corporation of India,SYN/COM/2009/2645,2009,Telangana High Court,Commercial,Partnership Act,The court interpreted the contractual/arbitration clause and clarified the parties' rights under commercial law.,"Synthetic - Illustrative (generated for dataset-scale demonstration, not a real citation)",Synthetic (Illustrative)
1283,Priya Nair v. Reserve Bank of India (3),SYN/CYB/2020/2646,2020,Gauhati High Court,Cyber,"Section 66C, IT Act",The court examined the scope of liability under the IT Act for the alleged online offence/conduct.,"Synthetic - Illustrative (generated for dataset-scale demonstration, not a real citation)",Synthetic (Illustrative)
1284,State of Karnataka v. Regional Transport Authority,SYN/TAX/2026/2647,2026,Sessions Court,Taxation,"Section 40A, Income Tax Act",The court clarified the applicable tax provision and the assessee's liability under the relevant assessment.,"Synthetic - Illustrative (generated for dataset-scale demonstration, not a real citation)",Synthetic (Illustrative)
1285,Ramesh Kumar v. Life Insurance Corporation of India (2),SYN/ADM/2009/2648,2009,Odisha High Court,Administrative,Article 14,The court examined the administrative action for compliance with principles of natural justice and statutory procedure.,"Synthetic - Illustrative (generated for dataset-scale demonstration, not a real citation)",Synthetic (Illustrative)
1286,Geeta Menon v. PQR Industries Ltd. (2),SYN/HUM/2003/2649,2003,Himachal Pradesh High Court,Human Rights,Bonded Labour System (Abolition) Act,The court examined the alleged rights violation and issued directions to safeguard the affected party's constitutional protections.,"Synthetic - Illustrative (generated for dataset-scale demonstration, not a real citation)",Synthetic (Illustrative)
1287,Geeta Menon v. Sudha Rani,SYN/CON/2007/2650,2007,Gujarat High Court,Constitutional,Article 300A,The court examined the constitutional validity of the impugned provision and clarified its scope in relation to fundamental rights.,"Synthetic - Illustrative (generated for dataset-scale demonstration, not a real citation)",Synthetic (Illustrative)
1288,Manoj Tiwari v. State of Rajasthan (2),SYN/CRI/2013/2651,2013,Odisha High Court,Criminal,Section 498A IPC,The court examined the evidence on record and clarified the applicable standard of proof for the charged offence.,"Synthetic - Illustrative (generated for dataset-scale demonstration, not a real citation)",Synthetic (Illustrative)
1289,Nisha Kapoor v. Union of India (3),SYN/CIV/2013/2652,2013,Jharkhand High Court,Civil,"Order VII Rule 11, CPC",The court clarified the applicable civil procedure and remedy available to the aggrieved party.,"Synthetic - Illustrative (generated for dataset-scale demonstration, not a real citation)",Synthetic (Illustrative)
1290,Gopal Das v. PQR Industries Ltd.,SYN/FAM/2026/2653,2026,Madras High Court,Family,Hindu Succession Act,The court balanced the competing interests of the parties in a matrimonial/maintenance dispute and issued appropriate directions.,"Synthetic - Illustrative (generated for dataset-scale demonstration, not a real citation)",Synthetic (Illustrative)
1291,Farhan Ahmed v. Neha Joshi (2),SYN/LAB/2007/2654,2007,Chhattisgarh High Court,Labour,Payment of Wages Act,The court clarified the rights and obligations of the employer and workman under the applicable labour statute.,"Synthetic - Illustrative (generated for dataset-scale demonstration, not a real citation)",Synthetic (Illustrative)
1292,Vishal Oberoi v. Central Excise Department,SYN/COM/2020/2655,2020,Gujarat High Court,Commercial,Partnership Act,The court interpreted the contractual/arbitration clause and clarified the parties' rights under commercial law.,"Synthetic - Illustrative (generated for dataset-scale demonstration, not a real citation)",Synthetic (Illustrative)
1293,Pooja Iyer v. Rekha Singh (2),SYN/CYB/2013/2656,2013,Allahabad High Court,Cyber,"Section 66E, IT Act",The court examined the scope of liability under the IT Act for the alleged online offence/conduct.,"Synthetic - Illustrative (generated for dataset-scale demonstration, not a real citation)",Synthetic (Illustrative)
1294,Harish Chandra v. Union of India,SYN/TAX/2026/2657,2026,Gujarat High Court,Taxation,"Section 50, CGST Act",The court clarified the applicable tax provision and the assessee's liability under the relevant assessment.,"Synthetic - Illustrative (generated for dataset-scale demonstration, not a real citation)",Synthetic (Illustrative)
1295,Sunita Devi v. State of Rajasthan (2),SYN/ADM/2019/2658,2019,Chhattisgarh High Court,Administrative,Article 311,The court examined the administrative action for compliance with principles of natural justice and statutory procedure.,"Synthetic - Illustrative (generated for dataset-scale demonstration, not a real citation)",Synthetic (Illustrative)
1296,State of Tamil Nadu v. Ganesh Traders (3),SYN/HUM/2015/2659,2015,Uttarakhand High Court,Human Rights,Protection of Human Rights Act,The court examined the alleged rights violation and issued directions to safeguard the affected party's constitutional protections.,"Synthetic - Illustrative (generated for dataset-scale demonstration, not a real citation)",Synthetic (Illustrative)
1297,Harish Chandra v. Income Tax Officer (2),SYN/CON/2007/2660,2007,Sessions Court,Constitutional,Article 21,The court examined the constitutional validity of the impugned provision and clarified its scope in relation to fundamental rights.,"Synthetic - Illustrative (generated for dataset-scale demonstration, not a real citation)",Synthetic (Illustrative)
1298,Meena Kumari v. State Bank of India (5),SYN/CRI/2008/2661,2008,Kerala High Court,Criminal,Section 498A IPC,The court examined the evidence on record and clarified the applicable standard of proof for the charged offence.,"Synthetic - Illustrative (generated for dataset-scale demonstration, not a real citation)",Synthetic (Illustrative)
1299,Kavita Rao v. Krishna Textiles,SYN/CIV/2023/2662,2023,Rajasthan High Court,Civil,Limitation Act,The court clarified the applicable civil procedure and remedy available to the aggrieved party.,"Synthetic - Illustrative (generated for dataset-scale demonstration, not a real citation)",Synthetic (Illustrative)
1300,Meena Kumari v. PQR Industries Ltd. (4),SYN/FAM/2006/2663,2006,Delhi High Court,Family,Section 125 CrPC,The court balanced the competing interests of the parties in a matrimonial/maintenance dispute and issued appropriate directions.,"Synthetic - Illustrative (generated for dataset-scale demonstration, not a real citation)",Synthetic (Illustrative)
1301,Suresh Patel v. Rekha Singh,SYN/LAB/2008/2664,2008,Rajasthan High Court,Labour,Employees' Compensation Act,The court clarified the rights and obligations of the employer and workman under the applicable labour statute.,"Synthetic - Illustrative (generated for dataset-scale demonstration, not a real citation)",Synthetic (Illustrative)
1302,Meena Kumari v. Central Bureau of Investigation,SYN/COM/2024/2665,2024,Karnataka High Court,Commercial,"Companies Act, 2013",The court interpreted the contractual/arbitration clause and clarified the parties' rights under commercial law.,"Synthetic - Illustrative (generated for dataset-scale demonstration, not a real citation)",Synthetic (Illustrative)
1303,Pooja Iyer v. State Pollution Control Board,SYN/CYB/2006/2666,2006,Allahabad High Court,Cyber,"Section 43, IT Act",The court examined the scope of liability under the IT Act for the alleged online offence/conduct.,"Synthetic - Illustrative (generated for dataset-scale demonstration, not a real citation)",Synthetic (Illustrative)
1304,Union of India v. Vinod Kumar (3),SYN/TAX/2023/2667,2023,Calcutta High Court,Taxation,"GST Act, Section 74",The court clarified the applicable tax provision and the assessee's liability under the relevant assessment.,"Synthetic - Illustrative (generated for dataset-scale demonstration, not a real citation)",Synthetic (Illustrative)
1305,Farhan Ahmed v. Employees State Insurance Corp.,SYN/ADM/2026/2668,2026,Chhattisgarh High Court,Administrative,Administrative Tribunals Act,The court examined the administrative action for compliance with principles of natural justice and statutory procedure.,"Synthetic - Illustrative (generated for dataset-scale demonstration, not a real citation)",Synthetic (Illustrative)
1306,Nisha Kapoor v. State of Rajasthan,SYN/HUM/2014/2669,2014,Calcutta High Court,Human Rights,SC/ST (Prevention of Atrocities) Act,The court examined the alleged rights violation and issued directions to safeguard the affected party's constitutional protections.,"Synthetic - Illustrative (generated for dataset-scale demonstration, not a real citation)",Synthetic (Illustrative)
1307,Radha Krishnan v. Port Trust Authority (2),SYN/CON/2019/2670,2019,Karnataka High Court,Constitutional,Article 226,The court examined the constitutional validity of the impugned provision and clarified its scope in relation to fundamental rights.,"Synthetic - Illustrative (generated for dataset-scale demonstration, not a real citation)",Synthetic (Illustrative)
1308,Fatima Sheikh v. Regional Transport Authority (2),SYN/CRI/2021/2671,2021,Telangana High Court,Criminal,Section 120B IPC,The court examined the evidence on record and clarified the applicable standard of proof for the charged offence.,"Synthetic - Illustrative (generated for dataset-scale demonstration, not a real citation)",Synthetic (Illustrative)
1309,Radha Krishnan v. Income Tax Officer,SYN/CIV/2008/2672,2008,Punjab and Haryana High Court,Civil,Limitation Act,The court clarified the applicable civil procedure and remedy available to the aggrieved party.,"Synthetic - Illustrative (generated for dataset-scale demonstration, not a real citation)",Synthetic (Illustrative)
1310,State of U.P. v. State Pollution Control Board,SYN/FAM/2017/2673,2017,Gauhati High Court,Family,"Section 13B, HMA",The court balanced the competing interests of the parties in a matrimonial/maintenance dispute and issued appropriate directions.,"Synthetic - Illustrative (generated for dataset-scale demonstration, not a real citation)",Synthetic (Illustrative)
1311,Kiran Bedi Enterprises v. Neha Joshi,SYN/LAB/2010/2674,2010,Bombay High Court,Labour,Industrial Disputes Act,The court clarified the rights and obligations of the employer and workman under the applicable labour statute.,"Synthetic - Illustrative (generated for dataset-scale demonstration, not a real citation)",Synthetic (Illustrative)
1312,Pooja Iyer v. Rekha Singh (3),SYN/COM/2003/2675,2003,Sessions Court,Commercial,Sale of Goods Act,The court interpreted the contractual/arbitration clause and clarified the parties' rights under commercial law.,"Synthetic - Illustrative (generated for dataset-scale demonstration, not a real citation)",Synthetic (Illustrative)
1313,Anita Sharma v. Vinod Kumar (2),SYN/CYB/2022/2676,2022,Bombay High Court,Cyber,"Section 79, IT Act",The court examined the scope of liability under the IT Act for the alleged online offence/conduct.,"Synthetic - Illustrative (generated for dataset-scale demonstration, not a real citation)",Synthetic (Illustrative)
1314,Lakshmi Narayanan v. Bank of Baroda (2),SYN/TAX/2011/2677,2011,Chhattisgarh High Court,Taxation,Customs Act,The court clarified the applicable tax provision and the assessee's liability under the relevant assessment.,"Synthetic - Illustrative (generated for dataset-scale demonstration, not a real citation)",Synthetic (Illustrative)
1315,Geeta Menon v. State Pollution Control Board,SYN/ADM/2019/2678,2019,Gauhati High Court,Administrative,Right to Information Act,The court examined the administrative action for compliance with principles of natural justice and statutory procedure.,"Synthetic - Illustrative (generated for dataset-scale demonstration, not a real citation)",Synthetic (Illustrative)
1316,Balaji Constructions Ltd. v. National Highway Authority,SYN/HUM/2021/2679,2021,Chhattisgarh High Court,Human Rights,Bonded Labour System (Abolition) Act,The court examined the alleged rights violation and issued directions to safeguard the affected party's constitutional protections.,"Synthetic - Illustrative (generated for dataset-scale demonstration, not a real citation)",Synthetic (Illustrative)
1317,Harish Chandra v. Housing Development Board,SYN/CON/2017/2680,2017,Madras High Court,Constitutional,Article 226,The court examined the constitutional validity of the impugned provision and clarified its scope in relation to fundamental rights.,"Synthetic - Illustrative (generated for dataset-scale demonstration, not a real citation)",Synthetic (Illustrative)
1318,State of Tamil Nadu v. PQR Industries Ltd. (4),SYN/CRI/2012/2681,2012,Odisha High Court,Criminal,Section 376 IPC,The court examined the evidence on record and clarified the applicable standard of proof for the charged offence.,"Synthetic - Illustrative (generated for dataset-scale demonstration, not a real citation)",Synthetic (Illustrative)
1319,Lakshmi Narayanan v. State Bank of India (2),SYN/CIV/2025/2682,2025,Punjab and Haryana High Court,Civil,Limitation Act,The court clarified the applicable civil procedure and remedy available to the aggrieved party.,"Synthetic - Illustrative (generated for dataset-scale demonstration, not a real citation)",Synthetic (Illustrative)
1320,Lakshmi Narayanan v. Union of India (3),SYN/FAM/2008/2683,2008,Odisha High Court,Family,"Section 13B, HMA",The court balanced the competing interests of the parties in a matrimonial/maintenance dispute and issued appropriate directions.,"Synthetic - Illustrative (generated for dataset-scale demonstration, not a real citation)",Synthetic (Illustrative)
1321,Deepak Verma v. Port Trust Authority,SYN/LAB/2017/2684,2017,Himachal Pradesh High Court,Labour,Payment of Wages Act,The court clarified the rights and obligations of the employer and workman under the applicable labour statute.,"Synthetic - Illustrative (generated for dataset-scale demonstration, not a real citation)",Synthetic (Illustrative)
1322,Harish Chandra v. Registrar of Companies,SYN/COM/2006/2685,2006,Kerala High Court,Commercial,Insolvency and Bankruptcy Code,The court interpreted the contractual/arbitration clause and clarified the parties' rights under commercial law.,"Synthetic - Illustrative (generated for dataset-scale demonstration, not a real citation)",Synthetic (Illustrative)
1323,Star Textiles Pvt. Ltd. v. Rekha Singh (2),SYN/CYB/2024/2686,2024,Rajasthan High Court,Cyber,"Section 66D, IT Act",The court examined the scope of liability under the IT Act for the alleged online offence/conduct.,"Synthetic - Illustrative (generated for dataset-scale demonstration, not a real citation)",Synthetic (Illustrative)
1324,Shweta Iyengar v. PQR Industries Ltd.,SYN/TAX/2017/2687,2017,Punjab and Haryana High Court,Taxation,"GST Act, Section 74",The court clarified the applicable tax provision and the assessee's liability under the relevant assessment.,"Synthetic - Illustrative (generated for dataset-scale demonstration, not a real citation)",Synthetic (Illustrative)
1325,Balaji Constructions Ltd. v. State Pollution Control Board,SYN/ADM/2024/2688,2024,Gujarat High Court,Administrative,Article 226,The court examined the administrative action for compliance with principles of natural justice and statutory procedure.,"Synthetic - Illustrative (generated for dataset-scale demonstration, not a real citation)",Synthetic (Illustrative)
1326,State of Maharashtra v. State Pollution Control Board (3),SYN/HUM/2012/2689,2012,Punjab and Haryana High Court,Human Rights,Article 14,The court examined the alleged rights violation and issued directions to safeguard the affected party's constitutional protections.,"Synthetic - Illustrative (generated for dataset-scale demonstration, not a real citation)",Synthetic (Illustrative)
1327,Suresh Patel v. Ganesh Traders (3),SYN/CON/2005/2690,2005,Madhya Pradesh High Court,Constitutional,Article 14,The court examined the constitutional validity of the impugned provision and clarified its scope in relation to fundamental rights.,"Synthetic - Illustrative (generated for dataset-scale demonstration, not a real citation)",Synthetic (Illustrative)
1328,Deepak Verma v. PQR Industries Ltd. (2),SYN/CRI/2006/2691,2006,Jharkhand High Court,Criminal,Section 498A IPC,The court examined the evidence on record and clarified the applicable standard of proof for the charged offence.,"Synthetic - Illustrative (generated for dataset-scale demonstration, not a real citation)",Synthetic (Illustrative)
1329,Rajesh Gupta v. Cantonment Board (2),SYN/CIV/2004/2692,2004,Himachal Pradesh High Court,Civil,Transfer of Property Act,The court clarified the applicable civil procedure and remedy available to the aggrieved party.,"Synthetic - Illustrative (generated for dataset-scale demonstration, not a real citation)",Synthetic (Illustrative)
1330,State of Maharashtra v. Central Bureau of Investigation (2),SYN/FAM/2026/2693,2026,Rajasthan High Court,Family,Hindu Succession Act,The court balanced the competing interests of the parties in a matrimonial/maintenance dispute and issued appropriate directions.,"Synthetic - Illustrative (generated for dataset-scale demonstration, not a real citation)",Synthetic (Illustrative)
1331,Sneha Pillai v. Neha Joshi,SYN/LAB/2014/2694,2014,Rajasthan High Court,Labour,"Section 25F, ID Act",The court clarified the rights and obligations of the employer and workman under the applicable labour statute.,"Synthetic - Illustrative (generated for dataset-scale demonstration, not a real citation)",Synthetic (Illustrative)
1332,Suresh Patel v. Krishna Textiles (3),SYN/COM/2024/2695,2024,Allahabad High Court,Commercial,"Section 138, NI Act",The court interpreted the contractual/arbitration clause and clarified the parties' rights under commercial law.,"Synthetic - Illustrative (generated for dataset-scale demonstration, not a real citation)",Synthetic (Illustrative)
1333,State of U.P. v. Employees State Insurance Corp. (4),SYN/CYB/2019/2696,2019,Chhattisgarh High Court,Cyber,"Section 66E, IT Act",The court examined the scope of liability under the IT Act for the alleged online offence/conduct.,"Synthetic - Illustrative (generated for dataset-scale demonstration, not a real citation)",Synthetic (Illustrative)
1334,XYZ Industries Ltd. v. State Electricity Board (2),SYN/TAX/2024/2697,2024,Rajasthan High Court,Taxation,"Section 40A, Income Tax Act",The court clarified the applicable tax provision and the assessee's liability under the relevant assessment.,"Synthetic - Illustrative (generated for dataset-scale demonstration, not a real citation)",Synthetic (Illustrative)
1335,Harish Chandra v. Income Tax Officer (3),SYN/ADM/2016/2698,2016,Karnataka High Court,Administrative,Article 226,The court examined the administrative action for compliance with principles of natural justice and statutory procedure.,"Synthetic - Illustrative (generated for dataset-scale demonstration, not a real citation)",Synthetic (Illustrative)
1336,Ramesh Kumar v. Central Excise Department,SYN/HUM/2008/2699,2008,Telangana High Court,Human Rights,Juvenile Justice Act,The court examined the alleged rights violation and issued directions to safeguard the affected party's constitutional protections.,"Synthetic - Illustrative (generated for dataset-scale demonstration, not a real citation)",Synthetic (Illustrative)
1337,Global Traders Pvt. Ltd. v. Sudha Rani (3),SYN/CON/2023/2700,2023,Allahabad High Court,Constitutional,Article 19,The court examined the constitutional validity of the impugned provision and clarified its scope in relation to fundamental rights.,"Synthetic - Illustrative (generated for dataset-scale demonstration, not a real citation)",Synthetic (Illustrative)
1338,Sanjay Mehta v. Neha Joshi (3),SYN/CRI/2017/2701,2017,Odisha High Court,Criminal,Section 420 IPC,The court examined the evidence on record and clarified the applicable standard of proof for the charged offence.,"Synthetic - Illustrative (generated for dataset-scale demonstration, not a real citation)",Synthetic (Illustrative)
1339,Mohan Lal v. Housing Development Board,SYN/CIV/2016/2702,2016,Chhattisgarh High Court,Civil,"Section 9, CPC",The court clarified the applicable civil procedure and remedy available to the aggrieved party.,"Synthetic - Illustrative (generated for dataset-scale demonstration, not a real citation)",Synthetic (Illustrative)
1340,Ramesh Kumar v. Delhi Development Authority (2),SYN/FAM/2004/2703,2004,Bombay High Court,Family,Hindu Succession Act,The court balanced the competing interests of the parties in a matrimonial/maintenance dispute and issued appropriate directions.,"Synthetic - Illustrative (generated for dataset-scale demonstration, not a real citation)",Synthetic (Illustrative)
1341,Lakshmi Narayanan v. Vinod Kumar (2),SYN/LAB/2008/2704,2008,Allahabad High Court,Labour,Employees' Compensation Act,The court clarified the rights and obligations of the employer and workman under the applicable labour statute.,"Synthetic - Illustrative (generated for dataset-scale demonstration, not a real citation)",Synthetic (Illustrative)
1342,Harish Chandra v. PQR Industries Ltd. (2),SYN/COM/2016/2705,2016,Gauhati High Court,Commercial,Sale of Goods Act,The court interpreted the contractual/arbitration clause and clarified the parties' rights under commercial law.,"Synthetic - Illustrative (generated for dataset-scale demonstration, not a real citation)",Synthetic (Illustrative)
1343,Farhan Ahmed v. Cantonment Board (2),SYN/CYB/2016/2706,2016,Odisha High Court,Cyber,"IT Rules, 2021",The court examined the scope of liability under the IT Act for the alleged online offence/conduct.,"Synthetic - Illustrative (generated for dataset-scale demonstration, not a real citation)",Synthetic (Illustrative)
1344,Union of India v. State Pollution Control Board,SYN/TAX/2015/2707,2015,Chhattisgarh High Court,Taxation,"Section 271, Income Tax Act",The court clarified the applicable tax provision and the assessee's liability under the relevant assessment.,"Synthetic - Illustrative (generated for dataset-scale demonstration, not a real citation)",Synthetic (Illustrative)
1345,Sunita Devi v. Ravi Shankar (4),SYN/ADM/2016/2708,2016,Chhattisgarh High Court,Administrative,Administrative Tribunals Act,The court examined the administrative action for compliance with principles of natural justice and statutory procedure.,"Synthetic - Illustrative (generated for dataset-scale demonstration, not a real citation)",Synthetic (Illustrative)
1346,Sneha Pillai v. Central Excise Department (2),SYN/HUM/2006/2709,2006,Himachal Pradesh High Court,Human Rights,SC/ST (Prevention of Atrocities) Act,The court examined the alleged rights violation and issued directions to safeguard the affected party's constitutional protections.,"Synthetic - Illustrative (generated for dataset-scale demonstration, not a real citation)",Synthetic (Illustrative)
1347,Meena Kumari v. Port Trust Authority,SYN/CON/2003/2710,2003,Jharkhand High Court,Constitutional,Article 32,The court examined the constitutional validity of the impugned provision and clarified its scope in relation to fundamental rights.,"Synthetic - Illustrative (generated for dataset-scale demonstration, not a real citation)",Synthetic (Illustrative)
1348,ABC Enterprises Pvt. Ltd. v. Central Excise Department,SYN/CRI/2026/2711,2026,Gauhati High Court,Criminal,Section 120B IPC,The court examined the evidence on record and clarified the applicable standard of proof for the charged offence.,"Synthetic - Illustrative (generated for dataset-scale demonstration, not a real citation)",Synthetic (Illustrative)
1349,Sneha Pillai v. State Electricity Board,SYN/CIV/2017/2712,2017,Chhattisgarh High Court,Civil,Transfer of Property Act,The court clarified the applicable civil procedure and remedy available to the aggrieved party.,"Synthetic - Illustrative (generated for dataset-scale demonstration, not a real citation)",Synthetic (Illustrative)
1350,Lakshmi Narayanan v. Cantonment Board (3),SYN/FAM/2008/2713,2008,Gauhati High Court,Family,Hindu Marriage Act,The court balanced the competing interests of the parties in a matrimonial/maintenance dispute and issued appropriate directions.,"Synthetic - Illustrative (generated for dataset-scale demonstration, not a real citation)",Synthetic (Illustrative)
1351,Ashok Kumar v. Housing Development Board (3),SYN/LAB/2023/2714,2023,Rajasthan High Court,Labour,Factories Act,The court clarified the rights and obligations of the employer and workman under the applicable labour statute.,"Synthetic - Illustrative (generated for dataset-scale demonstration, not a real citation)",Synthetic (Illustrative)
1352,State of Karnataka v. Registrar of Companies (2),SYN/COM/2017/2715,2017,Delhi High Court,Commercial,Arbitration and Conciliation Act,The court interpreted the contractual/arbitration clause and clarified the parties' rights under commercial law.,"Synthetic - Illustrative (generated for dataset-scale demonstration, not a real citation)",Synthetic (Illustrative)
1353,National Insurance Co. Ltd. v. Life Insurance Corporation of India (2),SYN/CYB/2026/2716,2026,Himachal Pradesh High Court,Cyber,"IT Rules, 2021",The court examined the scope of liability under the IT Act for the alleged online offence/conduct.,"Synthetic - Illustrative (generated for dataset-scale demonstration, not a real citation)",Synthetic (Illustrative)
1354,Star Textiles Pvt. Ltd. v. Central Excise Department (2),SYN/TAX/2020/2717,2020,Delhi High Court,Taxation,"Section 40A, Income Tax Act",The court clarified the applicable tax provision and the assessee's liability under the relevant assessment.,"Synthetic - Illustrative (generated for dataset-scale demonstration, not a real citation)",Synthetic (Illustrative)
1355,Kiran Bedi Enterprises v. Sudha Rani,SYN/ADM/2014/2718,2014,Odisha High Court,Administrative,Article 311,The court examined the administrative action for compliance with principles of natural justice and statutory procedure.,"Synthetic - Illustrative (generated for dataset-scale demonstration, not a real citation)",Synthetic (Illustrative)
1356,ABC Enterprises Pvt. Ltd. v. Reserve Bank of India (4),SYN/HUM/2018/2719,2018,Rajasthan High Court,Human Rights,Article 14,The court examined the alleged rights violation and issued directions to safeguard the affected party's constitutional protections.,"Synthetic - Illustrative (generated for dataset-scale demonstration, not a real citation)",Synthetic (Illustrative)
1357,State of Maharashtra v. State Pollution Control Board (4),SYN/CON/2007/2720,2007,Rajasthan High Court,Constitutional,Article 19,The court examined the constitutional validity of the impugned provision and clarified its scope in relation to fundamental rights.,"Synthetic - Illustrative (generated for dataset-scale demonstration, not a real citation)",Synthetic (Illustrative)
1358,Suresh Patel v. Divisional Commissioner,SYN/CRI/2016/2721,2016,Allahabad High Court,Criminal,Section 302 IPC,The court examined the evidence on record and clarified the applicable standard of proof for the charged offence.,"Synthetic - Illustrative (generated for dataset-scale demonstration, not a real citation)",Synthetic (Illustrative)
1359,Balaji Constructions Ltd. v. State Pollution Control Board (2),SYN/CIV/2010/2722,2010,Chhattisgarh High Court,Civil,Limitation Act,The court clarified the applicable civil procedure and remedy available to the aggrieved party.,"Synthetic - Illustrative (generated for dataset-scale demonstration, not a real citation)",Synthetic (Illustrative)
1360,Sanjay Mehta v. PQR Industries Ltd. (3),SYN/FAM/2014/2723,2014,Odisha High Court,Family,Section 125 CrPC,The court balanced the competing interests of the parties in a matrimonial/maintenance dispute and issued appropriate directions.,"Synthetic - Illustrative (generated for dataset-scale demonstration, not a real citation)",Synthetic (Illustrative)
1361,State of Karnataka v. Bank of Baroda (2),SYN/LAB/2018/2724,2018,Gauhati High Court,Labour,Industrial Disputes Act,The court clarified the rights and obligations of the employer and workman under the applicable labour statute.,"Synthetic - Illustrative (generated for dataset-scale demonstration, not a real citation)",Synthetic (Illustrative)
1362,Geeta Menon v. Krishna Textiles,SYN/COM/2005/2725,2005,Jharkhand High Court,Commercial,Partnership Act,The court interpreted the contractual/arbitration clause and clarified the parties' rights under commercial law.,"Synthetic - Illustrative (generated for dataset-scale demonstration, not a real citation)",Synthetic (Illustrative)
1363,Om Prakash v. State Bank of India (2),SYN/CYB/2004/2726,2004,Gujarat High Court,Cyber,"Section 43, IT Act",The court examined the scope of liability under the IT Act for the alleged online offence/conduct.,"Synthetic - Illustrative (generated for dataset-scale demonstration, not a real citation)",Synthetic (Illustrative)
1364,Sneha Pillai v. Rekha Singh,SYN/TAX/2025/2727,2025,Gauhati High Court,Taxation,"Section 271, Income Tax Act",The court clarified the applicable tax provision and the assessee's liability under the relevant assessment.,"Synthetic - Illustrative (generated for dataset-scale demonstration, not a real citation)",Synthetic (Illustrative)
1365,Farhan Ahmed v. Municipal Corporation (2),SYN/ADM/2024/2728,2024,Madras High Court,Administrative,Right to Information Act,The court examined the administrative action for compliance with principles of natural justice and statutory procedure.,"Synthetic - Illustrative (generated for dataset-scale demonstration, not a real citation)",Synthetic (Illustrative)
1366,Rajesh Gupta v. Bank of Baroda (2),SYN/HUM/2021/2729,2021,Madhya Pradesh High Court,Human Rights,Protection of Human Rights Act,The court examined the alleged rights violation and issued directions to safeguard the affected party's constitutional protections.,"Synthetic - Illustrative (generated for dataset-scale demonstration, not a real citation)",Synthetic (Illustrative)
1367,Geeta Menon v. Central Excise Department (2),SYN/CON/2023/2730,2023,Madras High Court,Constitutional,Article 14,The court examined the constitutional validity of the impugned provision and clarified its scope in relation to fundamental rights.,"Synthetic - Illustrative (generated for dataset-scale demonstration, not a real citation)",Synthetic (Illustrative)
1368,Gopal Das v. Cantonment Board,SYN/CRI/2019/2731,2019,Sessions Court,Criminal,Section 34 IPC,The court examined the evidence on record and clarified the applicable standard of proof for the charged offence.,"Synthetic - Illustrative (generated for dataset-scale demonstration, not a real citation)",Synthetic (Illustrative)
1369,National Insurance Co. Ltd. v. State Bank of India (2),SYN/CIV/2026/2732,2026,Chhattisgarh High Court,Civil,Transfer of Property Act,The court clarified the applicable civil procedure and remedy available to the aggrieved party.,"Synthetic - Illustrative (generated for dataset-scale demonstration, not a real citation)",Synthetic (Illustrative)
1370,Mohan Lal v. Ganesh Traders (2),SYN/FAM/2024/2733,2024,Uttarakhand High Court,Family,Hindu Succession Act,The court balanced the competing interests of the parties in a matrimonial/maintenance dispute and issued appropriate directions.,"Synthetic - Illustrative (generated for dataset-scale demonstration, not a real citation)",Synthetic (Illustrative)
1371,Sanjay Mehta v. Delhi Development Authority (4),SYN/LAB/2007/2734,2007,Kerala High Court,Labour,"Section 25F, ID Act",The court clarified the rights and obligations of the employer and workman under the applicable labour statute.,"Synthetic - Illustrative (generated for dataset-scale demonstration, not a real citation)",Synthetic (Illustrative)
1372,State of U.P. v. Life Insurance Corporation of India (2),SYN/COM/2011/2735,2011,Patna High Court,Commercial,"Companies Act, 2013",The court interpreted the contractual/arbitration clause and clarified the parties' rights under commercial law.,"Synthetic - Illustrative (generated for dataset-scale demonstration, not a real citation)",Synthetic (Illustrative)
1373,Ramesh Kumar v. Port Trust Authority,SYN/CYB/2021/2736,2021,Patna High Court,Cyber,"Section 79, IT Act",The court examined the scope of liability under the IT Act for the alleged online offence/conduct.,"Synthetic - Illustrative (generated for dataset-scale demonstration, not a real citation)",Synthetic (Illustrative)
1374,State of Karnataka v. Registrar of Companies (3),SYN/TAX/2009/2737,2009,Odisha High Court,Taxation,"GST Act, Section 74",The court clarified the applicable tax provision and the assessee's liability under the relevant assessment.,"Synthetic - Illustrative (generated for dataset-scale demonstration, not a real citation)",Synthetic (Illustrative)
1375,Gopal Das v. Ravi Shankar (2),SYN/ADM/2017/2738,2017,Punjab and Haryana High Court,Administrative,Right to Information Act,The court examined the administrative action for compliance with principles of natural justice and statutory procedure.,"Synthetic - Illustrative (generated for dataset-scale demonstration, not a real citation)",Synthetic (Illustrative)
1376,Farhan Ahmed v. Cantonment Board (3),SYN/HUM/2020/2739,2020,Karnataka High Court,Human Rights,Protection of Human Rights Act,The court examined the alleged rights violation and issued directions to safeguard the affected party's constitutional protections.,"Synthetic - Illustrative (generated for dataset-scale demonstration, not a real citation)",Synthetic (Illustrative)
1377,Anil Kapoor Traders v. Central Excise Department (2),SYN/CON/2013/2740,2013,Gauhati High Court,Constitutional,Article 21,The court examined the constitutional validity of the impugned provision and clarified its scope in relation to fundamental rights.,"Synthetic - Illustrative (generated for dataset-scale demonstration, not a real citation)",Synthetic (Illustrative)
1378,Suresh Patel v. Regional Transport Authority,SYN/CRI/2025/2741,2025,Jharkhand High Court,Criminal,Section 498A IPC,The court examined the evidence on record and clarified the applicable standard of proof for the charged offence.,"Synthetic - Illustrative (generated for dataset-scale demonstration, not a real citation)",Synthetic (Illustrative)
1379,Union of India v. Port Trust Authority,SYN/CIV/2003/2742,2003,Allahabad High Court,Civil,Transfer of Property Act,The court clarified the applicable civil procedure and remedy available to the aggrieved party.,"Synthetic - Illustrative (generated for dataset-scale demonstration, not a real citation)",Synthetic (Illustrative)
1380,Anita Sharma v. Union of India,SYN/FAM/2010/2743,2010,Jharkhand High Court,Family,Guardians and Wards Act,The court balanced the competing interests of the parties in a matrimonial/maintenance dispute and issued appropriate directions.,"Synthetic - Illustrative (generated for dataset-scale demonstration, not a real citation)",Synthetic (Illustrative)
1381,Arjun Reddy v. Rekha Singh,SYN/LAB/2019/2744,2019,Allahabad High Court,Labour,Employees' Compensation Act,The court clarified the rights and obligations of the employer and workman under the applicable labour statute.,"Synthetic - Illustrative (generated for dataset-scale demonstration, not a real citation)",Synthetic (Illustrative)
1382,Sunita Devi v. Union of India (2),SYN/COM/2004/2745,2004,Telangana High Court,Commercial,Insolvency and Bankruptcy Code,The court interpreted the contractual/arbitration clause and clarified the parties' rights under commercial law.,"Synthetic - Illustrative (generated for dataset-scale demonstration, not a real citation)",Synthetic (Illustrative)
1383,"Rajesh Gupta v. Chief Engineer, PWD",SYN/CYB/2025/2746,2025,Bombay High Court,Cyber,"IT Rules, 2021",The court examined the scope of liability under the IT Act for the alleged online offence/conduct.,"Synthetic - Illustrative (generated for dataset-scale demonstration, not a real citation)",Synthetic (Illustrative)
1384,Shweta Iyengar v. Land Acquisition Officer,SYN/TAX/2026/2747,2026,Chhattisgarh High Court,Taxation,Customs Act,The court clarified the applicable tax provision and the assessee's liability under the relevant assessment.,"Synthetic - Illustrative (generated for dataset-scale demonstration, not a real citation)",Synthetic (Illustrative)
1385,Geeta Menon v. Bank of Baroda,SYN/ADM/2019/2748,2019,Telangana High Court,Administrative,Service Rules,The court examined the administrative action for compliance with principles of natural justice and statutory procedure.,"Synthetic - Illustrative (generated for dataset-scale demonstration, not a real citation)",Synthetic (Illustrative)
1386,Fatima Sheikh v. Ravi Shankar (2),SYN/HUM/2004/2749,2004,Chhattisgarh High Court,Human Rights,Bonded Labour System (Abolition) Act,The court examined the alleged rights violation and issued directions to safeguard the affected party's constitutional protections.,"Synthetic - Illustrative (generated for dataset-scale demonstration, not a real citation)",Synthetic (Illustrative)
1387,State of Maharashtra v. National Highway Authority (3),SYN/CON/2006/2750,2006,Karnataka High Court,Constitutional,Article 14,The court examined the constitutional validity of the impugned provision and clarified its scope in relation to fundamental rights.,"Synthetic - Illustrative (generated for dataset-scale demonstration, not a real citation)",Synthetic (Illustrative)
1388,Sunita Devi v. Delhi Development Authority (4),SYN/CRI/2004/2751,2004,Calcutta High Court,Criminal,Section 41A CrPC,The court examined the evidence on record and clarified the applicable standard of proof for the charged offence.,"Synthetic - Illustrative (generated for dataset-scale demonstration, not a real citation)",Synthetic (Illustrative)
1389,State of Tamil Nadu v. Krishna Textiles (3),SYN/CIV/2014/2752,2014,Punjab and Haryana High Court,Civil,Transfer of Property Act,The court clarified the applicable civil procedure and remedy available to the aggrieved party.,"Synthetic - Illustrative (generated for dataset-scale demonstration, not a real citation)",Synthetic (Illustrative)
1390,Star Textiles Pvt. Ltd. v. Ravi Shankar (2),SYN/FAM/2007/2753,2007,Chhattisgarh High Court,Family,Hindu Marriage Act,The court balanced the competing interests of the parties in a matrimonial/maintenance dispute and issued appropriate directions.,"Synthetic - Illustrative (generated for dataset-scale demonstration, not a real citation)",Synthetic (Illustrative)
1391,Balaji Constructions Ltd. v. Municipal Corporation (2),SYN/LAB/2020/2754,2020,Chhattisgarh High Court,Labour,Payment of Gratuity Act,The court clarified the rights and obligations of the employer and workman under the applicable labour statute.,"Synthetic - Illustrative (generated for dataset-scale demonstration, not a real citation)",Synthetic (Illustrative)
1392,Rajesh Gupta v. Union of India (2),SYN/COM/2025/2755,2025,Chhattisgarh High Court,Commercial,Insolvency and Bankruptcy Code,The court interpreted the contractual/arbitration clause and clarified the parties' rights under commercial law.,"Synthetic - Illustrative (generated for dataset-scale demonstration, not a real citation)",Synthetic (Illustrative)
1393,Deepak Verma v. PQR Industries Ltd. (3),SYN/CYB/2005/2756,2005,Telangana High Court,Cyber,"Section 79, IT Act",The court examined the scope of liability under the IT Act for the alleged online offence/conduct.,"Synthetic - Illustrative (generated for dataset-scale demonstration, not a real citation)",Synthetic (Illustrative)
1394,Radha Krishnan v. Ganesh Traders,SYN/TAX/2006/2757,2006,Madras High Court,Taxation,"GST Act, Section 74",The court clarified the applicable tax provision and the assessee's liability under the relevant assessment.,"Synthetic - Illustrative (generated for dataset-scale demonstration, not a real citation)",Synthetic (Illustrative)
1395,Sunita Devi v. PQR Industries Ltd.,SYN/ADM/2017/2758,2017,Rajasthan High Court,Administrative,Article 226,The court examined the administrative action for compliance with principles of natural justice and statutory procedure.,"Synthetic - Illustrative (generated for dataset-scale demonstration, not a real citation)",Synthetic (Illustrative)
1396,State of Karnataka v. Ravi Shankar (2),SYN/HUM/2008/2759,2008,Delhi High Court,Human Rights,Article 21,The court examined the alleged rights violation and issued directions to safeguard the affected party's constitutional protections.,"Synthetic - Illustrative (generated for dataset-scale demonstration, not a real citation)",Synthetic (Illustrative)
1397,Shweta Iyengar v. Union of India,SYN/CON/2025/2760,2025,Allahabad High Court,Constitutional,Article 21,The court examined the constitutional validity of the impugned provision and clarified its scope in relation to fundamental rights.,"Synthetic - Illustrative (generated for dataset-scale demonstration, not a real citation)",Synthetic (Illustrative)
1398,Balaji Constructions Ltd. v. Neha Joshi (2),SYN/CRI/2007/2761,2007,Madhya Pradesh High Court,Criminal,Section 120B IPC,The court examined the evidence on record and clarified the applicable standard of proof for the charged offence.,"Synthetic - Illustrative (generated for dataset-scale demonstration, not a real citation)",Synthetic (Illustrative)
1399,Sanjay Mehta v. State Bank of India (2),SYN/CIV/2021/2762,2021,Delhi High Court,Civil,"Order VII Rule 11, CPC",The court clarified the applicable civil procedure and remedy available to the aggrieved party.,"Synthetic - Illustrative (generated for dataset-scale demonstration, not a real citation)",Synthetic (Illustrative)
1400,Vikram Singh v. Ganesh Traders (3),SYN/FAM/2007/2763,2007,Gujarat High Court,Family,Guardians and Wards Act,The court balanced the competing interests of the parties in a matrimonial/maintenance dispute and issued appropriate directions.,"Synthetic - Illustrative (generated for dataset-scale demonstration, not a real citation)",Synthetic (Illustrative)
1401,Star Textiles Pvt. Ltd. v. Central Bureau of Investigation,SYN/LAB/2026/2764,2026,Delhi High Court,Labour,Industrial Disputes Act,The court clarified the rights and obligations of the employer and workman under the applicable labour statute.,"Synthetic - Illustrative (generated for dataset-scale demonstration, not a real citation)",Synthetic (Illustrative)
1402,XYZ Industries Ltd. v. Krishna Textiles,SYN/COM/2014/2765,2014,Karnataka High Court,Commercial,Sale of Goods Act,The court interpreted the contractual/arbitration clause and clarified the parties' rights under commercial law.,"Synthetic - Illustrative (generated for dataset-scale demonstration, not a real citation)",Synthetic (Illustrative)
1403,Union of India v. Delhi Development Authority (2),SYN/CYB/2016/2766,2016,Odisha High Court,Cyber,"Section 43, IT Act",The court examined the scope of liability under the IT Act for the alleged online offence/conduct.,"Synthetic - Illustrative (generated for dataset-scale demonstration, not a real citation)",Synthetic (Illustrative)
1404,XYZ Industries Ltd. v. Divisional Commissioner,SYN/TAX/2005/2767,2005,Calcutta High Court,Taxation,"Section 40A, Income Tax Act",The court clarified the applicable tax provision and the assessee's liability under the relevant assessment.,"Synthetic - Illustrative (generated for dataset-scale demonstration, not a real citation)",Synthetic (Illustrative)
1405,Suresh Patel v. Neha Joshi (2),SYN/ADM/2011/2768,2011,Himachal Pradesh High Court,Administrative,Article 14,The court examined the administrative action for compliance with principles of natural justice and statutory procedure.,"Synthetic - Illustrative (generated for dataset-scale demonstration, not a real citation)",Synthetic (Illustrative)
1406,Rajesh Gupta v. Union of India (3),SYN/HUM/2009/2769,2009,Madhya Pradesh High Court,Human Rights,Protection of Human Rights Act,The court examined the alleged rights violation and issued directions to safeguard the affected party's constitutional protections.,"Synthetic - Illustrative (generated for dataset-scale demonstration, not a real citation)",Synthetic (Illustrative)
1407,Manoj Tiwari v. Regional Transport Authority,SYN/CON/2020/2770,2020,Patna High Court,Constitutional,Article 15,The court examined the constitutional validity of the impugned provision and clarified its scope in relation to fundamental rights.,"Synthetic - Illustrative (generated for dataset-scale demonstration, not a real citation)",Synthetic (Illustrative)
1408,Om Prakash v. Neha Joshi,SYN/CRI/2015/2771,2015,Calcutta High Court,Criminal,Section 120B IPC,The court examined the evidence on record and clarified the applicable standard of proof for the charged offence.,"Synthetic - Illustrative (generated for dataset-scale demonstration, not a real citation)",Synthetic (Illustrative)
1409,"ABC Enterprises Pvt. Ltd. v. Chief Engineer, PWD (2)",SYN/CIV/2021/2772,2021,Punjab and Haryana High Court,Civil,Specific Relief Act,The court clarified the applicable civil procedure and remedy available to the aggrieved party.,"Synthetic - Illustrative (generated for dataset-scale demonstration, not a real citation)",Synthetic (Illustrative)
1410,Pooja Iyer v. Neha Joshi (3),SYN/FAM/2004/2773,2004,Himachal Pradesh High Court,Family,Section 125 CrPC,The court balanced the competing interests of the parties in a matrimonial/maintenance dispute and issued appropriate directions.,"Synthetic - Illustrative (generated for dataset-scale demonstration, not a real citation)",Synthetic (Illustrative)
1411,Sneha Pillai v. Bank of Baroda,SYN/LAB/2026/2774,2026,Allahabad High Court,Labour,Factories Act,The court clarified the rights and obligations of the employer and workman under the applicable labour statute.,"Synthetic - Illustrative (generated for dataset-scale demonstration, not a real citation)",Synthetic (Illustrative)
1412,Arjun Reddy v. Bank of Baroda (2),SYN/COM/2008/2775,2008,Allahabad High Court,Commercial,Arbitration and Conciliation Act,The court interpreted the contractual/arbitration clause and clarified the parties' rights under commercial law.,"Synthetic - Illustrative (generated for dataset-scale demonstration, not a real citation)",Synthetic (Illustrative)
1413,Deepak Verma v. Neha Joshi (2),SYN/CYB/2010/2776,2010,Kerala High Court,Cyber,"Section 43, IT Act",The court examined the scope of liability under the IT Act for the alleged online offence/conduct.,"Synthetic - Illustrative (generated for dataset-scale demonstration, not a real citation)",Synthetic (Illustrative)
1414,Om Prakash v. Delhi Development Authority,SYN/TAX/2006/2777,2006,Chhattisgarh High Court,Taxation,"Section 143(3), Income Tax Act",The court clarified the applicable tax provision and the assessee's liability under the relevant assessment.,"Synthetic - Illustrative (generated for dataset-scale demonstration, not a real citation)",Synthetic (Illustrative)
1415,Deepak Verma v. Cantonment Board,SYN/ADM/2025/2778,2025,Himachal Pradesh High Court,Administrative,Administrative Tribunals Act,The court examined the administrative action for compliance with principles of natural justice and statutory procedure.,"Synthetic - Illustrative (generated for dataset-scale demonstration, not a real citation)",Synthetic (Illustrative)
1416,Sneha Pillai v. Regional Transport Authority (5),SYN/HUM/2021/2779,2021,Sessions Court,Human Rights,SC/ST (Prevention of Atrocities) Act,The court examined the alleged rights violation and issued directions to safeguard the affected party's constitutional protections.,"Synthetic - Illustrative (generated for dataset-scale demonstration, not a real citation)",Synthetic (Illustrative)
1417,Anita Sharma v. Reserve Bank of India,SYN/CON/2025/2780,2025,Madhya Pradesh High Court,Constitutional,Article 19,The court examined the constitutional validity of the impugned provision and clarified its scope in relation to fundamental rights.,"Synthetic - Illustrative (generated for dataset-scale demonstration, not a real citation)",Synthetic (Illustrative)
1418,State of Tamil Nadu v. Reserve Bank of India (3),SYN/CRI/2013/2781,2013,Punjab and Haryana High Court,Criminal,Section 420 IPC,The court examined the evidence on record and clarified the applicable standard of proof for the charged offence.,"Synthetic - Illustrative (generated for dataset-scale demonstration, not a real citation)",Synthetic (Illustrative)
1419,Anita Sharma v. Cantonment Board (3),SYN/CIV/2023/2782,2023,Calcutta High Court,Civil,"Section 9, CPC",The court clarified the applicable civil procedure and remedy available to the aggrieved party.,"Synthetic - Illustrative (generated for dataset-scale demonstration, not a real citation)",Synthetic (Illustrative)
1420,Anita Sharma v. Krishna Textiles (3),SYN/FAM/2019/2783,2019,Karnataka High Court,Family,"Section 13B, HMA",The court balanced the competing interests of the parties in a matrimonial/maintenance dispute and issued appropriate directions.,"Synthetic - Illustrative (generated for dataset-scale demonstration, not a real citation)",Synthetic (Illustrative)
1421,Gopal Das v. Life Insurance Corporation of India (2),SYN/LAB/2013/2784,2013,Calcutta High Court,Labour,Payment of Wages Act,The court clarified the rights and obligations of the employer and workman under the applicable labour statute.,"Synthetic - Illustrative (generated for dataset-scale demonstration, not a real citation)",Synthetic (Illustrative)
1422,Suresh Patel v. State Electricity Board (2),SYN/COM/2013/2785,2013,Bombay High Court,Commercial,Sale of Goods Act,The court interpreted the contractual/arbitration clause and clarified the parties' rights under commercial law.,"Synthetic - Illustrative (generated for dataset-scale demonstration, not a real citation)",Synthetic (Illustrative)
1423,Rajesh Gupta v. Neha Joshi (2),SYN/CYB/2016/2786,2016,Sessions Court,Cyber,"Section 66C, IT Act",The court examined the scope of liability under the IT Act for the alleged online offence/conduct.,"Synthetic - Illustrative (generated for dataset-scale demonstration, not a real citation)",Synthetic (Illustrative)
1424,Rajesh Gupta v. Central Bureau of Investigation,SYN/TAX/2006/2787,2006,Karnataka High Court,Taxation,"Section 50, CGST Act",The court clarified the applicable tax provision and the assessee's liability under the relevant assessment.,"Synthetic - Illustrative (generated for dataset-scale demonstration, not a real citation)",Synthetic (Illustrative)
1425,Farhan Ahmed v. Ganesh Traders,SYN/ADM/2011/2788,2011,Madras High Court,Administrative,Administrative Tribunals Act,The court examined the administrative action for compliance with principles of natural justice and statutory procedure.,"Synthetic - Illustrative (generated for dataset-scale demonstration, not a real citation)",Synthetic (Illustrative)
1426,Ashok Kumar v. Ganesh Traders,SYN/HUM/2023/2789,2023,Telangana High Court,Human Rights,Bonded Labour System (Abolition) Act,The court examined the alleged rights violation and issued directions to safeguard the affected party's constitutional protections.,"Synthetic - Illustrative (generated for dataset-scale demonstration, not a real citation)",Synthetic (Illustrative)
1427,Shweta Iyengar v. Ravi Shankar (2),SYN/CON/2022/2790,2022,Kerala High Court,Constitutional,Article 19,The court examined the constitutional validity of the impugned provision and clarified its scope in relation to fundamental rights.,"Synthetic - Illustrative (generated for dataset-scale demonstration, not a real citation)",Synthetic (Illustrative)
1428,State of Tamil Nadu v. National Highway Authority (2),SYN/CRI/2009/2791,2009,Chhattisgarh High Court,Criminal,Section 420 IPC,The court examined the evidence on record and clarified the applicable standard of proof for the charged offence.,"Synthetic - Illustrative (generated for dataset-scale demonstration, not a real citation)",Synthetic (Illustrative)
1429,Anil Kapoor Traders v. Ganesh Traders (2),SYN/CIV/2010/2792,2010,Delhi High Court,Civil,"Order VII Rule 11, CPC",The court clarified the applicable civil procedure and remedy available to the aggrieved party.,"Synthetic - Illustrative (generated for dataset-scale demonstration, not a real citation)",Synthetic (Illustrative)
1430,National Insurance Co. Ltd. v. Income Tax Officer (2),SYN/FAM/2023/2793,2023,Uttarakhand High Court,Family,Domestic Violence Act,The court balanced the competing interests of the parties in a matrimonial/maintenance dispute and issued appropriate directions.,"Synthetic - Illustrative (generated for dataset-scale demonstration, not a real citation)",Synthetic (Illustrative)
1431,Anil Kapoor Traders v. Ravi Shankar,SYN/LAB/2023/2794,2023,Rajasthan High Court,Labour,Industrial Disputes Act,The court clarified the rights and obligations of the employer and workman under the applicable labour statute.,"Synthetic - Illustrative (generated for dataset-scale demonstration, not a real citation)",Synthetic (Illustrative)
1432,State of Maharashtra v. Rekha Singh (2),SYN/COM/2003/2795,2003,Uttarakhand High Court,Commercial,Arbitration and Conciliation Act,The court interpreted the contractual/arbitration clause and clarified the parties' rights under commercial law.,"Synthetic - Illustrative (generated for dataset-scale demonstration, not a real citation)",Synthetic (Illustrative)
1433,Om Prakash v. Ganesh Traders,SYN/CYB/2011/2796,2011,Kerala High Court,Cyber,"IT Rules, 2021",The court examined the scope of liability under the IT Act for the alleged online offence/conduct.,"Synthetic - Illustrative (generated for dataset-scale demonstration, not a real citation)",Synthetic (Illustrative)
1434,Mohan Lal v. Union of India (3),SYN/TAX/2012/2797,2012,Uttarakhand High Court,Taxation,"Section 143(3), Income Tax Act",The court clarified the applicable tax provision and the assessee's liability under the relevant assessment.,"Synthetic - Illustrative (generated for dataset-scale demonstration, not a real citation)",Synthetic (Illustrative)
1435,Vishal Oberoi v. Ravi Shankar (2),SYN/ADM/2019/2798,2019,Rajasthan High Court,Administrative,Article 311,The court examined the administrative action for compliance with principles of natural justice and statutory procedure.,"Synthetic - Illustrative (generated for dataset-scale demonstration, not a real citation)",Synthetic (Illustrative)
1436,Kavita Rao v. State Bank of India (2),SYN/HUM/2026/2799,2026,Telangana High Court,Human Rights,Article 21,The court examined the alleged rights violation and issued directions to safeguard the affected party's constitutional protections.,"Synthetic - Illustrative (generated for dataset-scale demonstration, not a real citation)",Synthetic (Illustrative)
1437,Sneha Pillai v. Neha Joshi (2),SYN/CON/2021/2800,2021,Karnataka High Court,Constitutional,Article 300A,The court examined the constitutional validity of the impugned provision and clarified its scope in relation to fundamental rights.,"Synthetic - Illustrative (generated for dataset-scale demonstration, not a real citation)",Synthetic (Illustrative)
1438,Sanjay Mehta v. Delhi Development Authority (5),SYN/CRI/2004/2801,2004,Madhya Pradesh High Court,Criminal,Section 302 IPC,The court examined the evidence on record and clarified the applicable standard of proof for the charged offence.,"Synthetic - Illustrative (generated for dataset-scale demonstration, not a real citation)",Synthetic (Illustrative)
1439,Arjun Reddy v. Vinod Kumar,SYN/CIV/2019/2802,2019,Gujarat High Court,Civil,Transfer of Property Act,The court clarified the applicable civil procedure and remedy available to the aggrieved party.,"Synthetic - Illustrative (generated for dataset-scale demonstration, not a real citation)",Synthetic (Illustrative)
1440,State of Maharashtra v. Port Trust Authority (2),SYN/FAM/2009/2803,2009,Calcutta High Court,Family,Guardians and Wards Act,The court balanced the competing interests of the parties in a matrimonial/maintenance dispute and issued appropriate directions.,"Synthetic - Illustrative (generated for dataset-scale demonstration, not a real citation)",Synthetic (Illustrative)
1441,Harish Chandra v. Vinod Kumar,SYN/LAB/2012/2804,2012,Bombay High Court,Labour,Industrial Disputes Act,The court clarified the rights and obligations of the employer and workman under the applicable labour statute.,"Synthetic - Illustrative (generated for dataset-scale demonstration, not a real citation)",Synthetic (Illustrative)
1442,Mohan Lal v. Bank of Baroda,SYN/COM/2021/2805,2021,Telangana High Court,Commercial,Sale of Goods Act,The court interpreted the contractual/arbitration clause and clarified the parties' rights under commercial law.,"Synthetic - Illustrative (generated for dataset-scale demonstration, not a real citation)",Synthetic (Illustrative)
1443,State of U.P. v. State Bank of India,SYN/CYB/2010/2806,2010,Sessions Court,Cyber,"Section 66D, IT Act",The court examined the scope of liability under the IT Act for the alleged online offence/conduct.,"Synthetic - Illustrative (generated for dataset-scale demonstration, not a real citation)",Synthetic (Illustrative)
1444,Pooja Iyer v. Vinod Kumar (3),SYN/TAX/2007/2807,2007,Madhya Pradesh High Court,Taxation,"Section 50, CGST Act",The court clarified the applicable tax provision and the assessee's liability under the relevant assessment.,"Synthetic - Illustrative (generated for dataset-scale demonstration, not a real citation)",Synthetic (Illustrative)
1445,State of Tamil Nadu v. Neha Joshi (2),SYN/ADM/2006/2808,2006,Bombay High Court,Administrative,Article 311,The court examined the administrative action for compliance with principles of natural justice and statutory procedure.,"Synthetic - Illustrative (generated for dataset-scale demonstration, not a real citation)",Synthetic (Illustrative)
1446,Geeta Menon v. State Bank of India,SYN/HUM/2010/2809,2010,Himachal Pradesh High Court,Human Rights,Article 21,The court examined the alleged rights violation and issued directions to safeguard the affected party's constitutional protections.,"Synthetic - Illustrative (generated for dataset-scale demonstration, not a real citation)",Synthetic (Illustrative)
1447,State of Maharashtra v. Regional Transport Authority (2),SYN/CON/2025/2810,2025,Chhattisgarh High Court,Constitutional,Article 300A,The court examined the constitutional validity of the impugned provision and clarified its scope in relation to fundamental rights.,"Synthetic - Illustrative (generated for dataset-scale demonstration, not a real citation)",Synthetic (Illustrative)
1448,Anita Sharma v. Sudha Rani (3),SYN/CRI/2025/2811,2025,Delhi High Court,Criminal,Section 376 IPC,The court examined the evidence on record and clarified the applicable standard of proof for the charged offence.,"Synthetic - Illustrative (generated for dataset-scale demonstration, not a real citation)",Synthetic (Illustrative)
1449,"Kiran Bedi Enterprises v. Chief Engineer, PWD",SYN/CIV/2006/2812,2006,Chhattisgarh High Court,Civil,"Section 9, CPC",The court clarified the applicable civil procedure and remedy available to the aggrieved party.,"Synthetic - Illustrative (generated for dataset-scale demonstration, not a real citation)",Synthetic (Illustrative)
1450,Geeta Menon v. Delhi Development Authority (2),SYN/FAM/2018/2813,2018,Madras High Court,Family,Section 125 CrPC,The court balanced the competing interests of the parties in a matrimonial/maintenance dispute and issued appropriate directions.,"Synthetic - Illustrative (generated for dataset-scale demonstration, not a real citation)",Synthetic (Illustrative)
1451,Priya Nair v. Delhi Development Authority (2),SYN/LAB/2012/2814,2012,Sessions Court,Labour,Payment of Gratuity Act,The court clarified the rights and obligations of the employer and workman under the applicable labour statute.,"Synthetic - Illustrative (generated for dataset-scale demonstration, not a real citation)",Synthetic (Illustrative)
1452,Vishal Oberoi v. Central Excise Department (2),SYN/COM/2021/2815,2021,Patna High Court,Commercial,Insolvency and Bankruptcy Code,The court interpreted the contractual/arbitration clause and clarified the parties' rights under commercial law.,"Synthetic - Illustrative (generated for dataset-scale demonstration, not a real citation)",Synthetic (Illustrative)
1453,State of Tamil Nadu v. Registrar of Companies,SYN/CYB/2014/2816,2014,Uttarakhand High Court,Cyber,"Section 66D, IT Act",The court examined the scope of liability under the IT Act for the alleged online offence/conduct.,"Synthetic - Illustrative (generated for dataset-scale demonstration, not a real citation)",Synthetic (Illustrative)
1454,Deepak Verma v. Life Insurance Corporation of India,SYN/TAX/2005/2817,2005,Uttarakhand High Court,Taxation,"Section 40A, Income Tax Act",The court clarified the applicable tax provision and the assessee's liability under the relevant assessment.,"Synthetic - Illustrative (generated for dataset-scale demonstration, not a real citation)",Synthetic (Illustrative)
1455,Sunita Devi v. Divisional Commissioner (2),SYN/ADM/2003/2818,2003,Karnataka High Court,Administrative,Article 311,The court examined the administrative action for compliance with principles of natural justice and statutory procedure.,"Synthetic - Illustrative (generated for dataset-scale demonstration, not a real citation)",Synthetic (Illustrative)
1456,Balaji Constructions Ltd. v. Registrar of Companies (2),SYN/HUM/2026/2819,2026,Calcutta High Court,Human Rights,Article 14,The court examined the alleged rights violation and issued directions to safeguard the affected party's constitutional protections.,"Synthetic - Illustrative (generated for dataset-scale demonstration, not a real citation)",Synthetic (Illustrative)
1457,Shweta Iyengar v. Ganesh Traders (2),SYN/CON/2006/2820,2006,Bombay High Court,Constitutional,Article 32,The court examined the constitutional validity of the impugned provision and clarified its scope in relation to fundamental rights.,"Synthetic - Illustrative (generated for dataset-scale demonstration, not a real citation)",Synthetic (Illustrative)
1458,Kiran Bedi Enterprises v. State Bank of India,SYN/CRI/2023/2821,2023,Odisha High Court,Criminal,Section 376 IPC,The court examined the evidence on record and clarified the applicable standard of proof for the charged offence.,"Synthetic - Illustrative (generated for dataset-scale demonstration, not a real citation)",Synthetic (Illustrative)
1459,State of Karnataka v. Port Trust Authority (2),SYN/CIV/2015/2822,2015,Madhya Pradesh High Court,Civil,Article 21,The court clarified the applicable civil procedure and remedy available to the aggrieved party.,"Synthetic - Illustrative (generated for dataset-scale demonstration, not a real citation)",Synthetic (Illustrative)
1460,ABC Enterprises Pvt. Ltd. v. Municipal Corporation,SYN/FAM/2011/2823,2011,Madras High Court,Family,Domestic Violence Act,The court balanced the competing interests of the parties in a matrimonial/maintenance dispute and issued appropriate directions.,"Synthetic - Illustrative (generated for dataset-scale demonstration, not a real citation)",Synthetic (Illustrative)
1461,Shweta Iyengar v. Sudha Rani,SYN/LAB/2025/2824,2025,Madhya Pradesh High Court,Labour,Employees' Compensation Act,The court clarified the rights and obligations of the employer and workman under the applicable labour statute.,"Synthetic - Illustrative (generated for dataset-scale demonstration, not a real citation)",Synthetic (Illustrative)
1462,Sneha Pillai v. Divisional Commissioner (2),SYN/COM/2014/2825,2014,Chhattisgarh High Court,Commercial,Partnership Act,The court interpreted the contractual/arbitration clause and clarified the parties' rights under commercial law.,"Synthetic - Illustrative (generated for dataset-scale demonstration, not a real citation)",Synthetic (Illustrative)
1463,Harish Chandra v. Divisional Commissioner (2),SYN/CYB/2011/2826,2011,Madras High Court,Cyber,"Section 79, IT Act",The court examined the scope of liability under the IT Act for the alleged online offence/conduct.,"Synthetic - Illustrative (generated for dataset-scale demonstration, not a real citation)",Synthetic (Illustrative)
1464,Deepak Verma v. Port Trust Authority (2),SYN/TAX/2007/2827,2007,Rajasthan High Court,Taxation,"Section 143(3), Income Tax Act",The court clarified the applicable tax provision and the assessee's liability under the relevant assessment.,"Synthetic - Illustrative (generated for dataset-scale demonstration, not a real citation)",Synthetic (Illustrative)
1465,Star Textiles Pvt. Ltd. v. Land Acquisition Officer,SYN/ADM/2017/2828,2017,Bombay High Court,Administrative,Right to Information Act,The court examined the administrative action for compliance with principles of natural justice and statutory procedure.,"Synthetic - Illustrative (generated for dataset-scale demonstration, not a real citation)",Synthetic (Illustrative)
1466,Star Textiles Pvt. Ltd. v. State Bank of India (2),SYN/HUM/2014/2829,2014,Patna High Court,Human Rights,Bonded Labour System (Abolition) Act,The court examined the alleged rights violation and issued directions to safeguard the affected party's constitutional protections.,"Synthetic - Illustrative (generated for dataset-scale demonstration, not a real citation)",Synthetic (Illustrative)
1467,Kiran Bedi Enterprises v. Union of India,SYN/CON/2004/2830,2004,Bombay High Court,Constitutional,Article 300A,The court examined the constitutional validity of the impugned provision and clarified its scope in relation to fundamental rights.,"Synthetic - Illustrative (generated for dataset-scale demonstration, not a real citation)",Synthetic (Illustrative)
1468,Deepak Verma v. Union of India,SYN/CRI/2009/2831,2009,Himachal Pradesh High Court,Criminal,Section 420 IPC,The court examined the evidence on record and clarified the applicable standard of proof for the charged offence.,"Synthetic - Illustrative (generated for dataset-scale demonstration, not a real citation)",Synthetic (Illustrative)
1469,Meena Kumari v. Divisional Commissioner,SYN/CIV/2010/2832,2010,Telangana High Court,Civil,Transfer of Property Act,The court clarified the applicable civil procedure and remedy available to the aggrieved party.,"Synthetic - Illustrative (generated for dataset-scale demonstration, not a real citation)",Synthetic (Illustrative)
1470,Anil Kapoor Traders v. Cantonment Board,SYN/FAM/2017/2833,2017,Calcutta High Court,Family,Guardians and Wards Act,The court balanced the competing interests of the parties in a matrimonial/maintenance dispute and issued appropriate directions.,"Synthetic - Illustrative (generated for dataset-scale demonstration, not a real citation)",Synthetic (Illustrative)
1471,Star Textiles Pvt. Ltd. v. Employees State Insurance Corp. (2),SYN/LAB/2017/2834,2017,Bombay High Court,Labour,"Section 25F, ID Act",The court clarified the rights and obligations of the employer and workman under the applicable labour statute.,"Synthetic - Illustrative (generated for dataset-scale demonstration, not a real citation)",Synthetic (Illustrative)
1472,Meena Kumari v. Registrar of Companies,SYN/COM/2003/2835,2003,Uttarakhand High Court,Commercial,Insolvency and Bankruptcy Code,The court interpreted the contractual/arbitration clause and clarified the parties' rights under commercial law.,"Synthetic - Illustrative (generated for dataset-scale demonstration, not a real citation)",Synthetic (Illustrative)
1473,National Insurance Co. Ltd. v. Housing Development Board,SYN/CYB/2009/2836,2009,Madras High Court,Cyber,"IT Rules, 2021",The court examined the scope of liability under the IT Act for the alleged online offence/conduct.,"Synthetic - Illustrative (generated for dataset-scale demonstration, not a real citation)",Synthetic (Illustrative)
1474,Pooja Iyer v. Divisional Commissioner (2),SYN/TAX/2015/2837,2015,Madras High Court,Taxation,"GST Act, Section 74",The court clarified the applicable tax provision and the assessee's liability under the relevant assessment.,"Synthetic - Illustrative (generated for dataset-scale demonstration, not a real citation)",Synthetic (Illustrative)
1475,State of Karnataka v. PQR Industries Ltd. (2),SYN/ADM/2026/2838,2026,Karnataka High Court,Administrative,Administrative Tribunals Act,The court examined the administrative action for compliance with principles of natural justice and statutory procedure.,"Synthetic - Illustrative (generated for dataset-scale demonstration, not a real citation)",Synthetic (Illustrative)
1476,Om Prakash v. State Bank of India (3),SYN/HUM/2006/2839,2006,Bombay High Court,Human Rights,Protection of Human Rights Act,The court examined the alleged rights violation and issued directions to safeguard the affected party's constitutional protections.,"Synthetic - Illustrative (generated for dataset-scale demonstration, not a real citation)",Synthetic (Illustrative)
1477,Gopal Das v. Life Insurance Corporation of India (3),SYN/CON/2003/2840,2003,Calcutta High Court,Constitutional,Article 32,The court examined the constitutional validity of the impugned provision and clarified its scope in relation to fundamental rights.,"Synthetic - Illustrative (generated for dataset-scale demonstration, not a real citation)",Synthetic (Illustrative)
1478,Balaji Constructions Ltd. v. Life Insurance Corporation of India,SYN/CRI/2026/2841,2026,Patna High Court,Criminal,Section 41A CrPC,The court examined the evidence on record and clarified the applicable standard of proof for the charged offence.,"Synthetic - Illustrative (generated for dataset-scale demonstration, not a real citation)",Synthetic (Illustrative)
1479,"Deepak Verma v. Chief Engineer, PWD",SYN/CIV/2015/2842,2015,Bombay High Court,Civil,Specific Relief Act,The court clarified the applicable civil procedure and remedy available to the aggrieved party.,"Synthetic - Illustrative (generated for dataset-scale demonstration, not a real citation)",Synthetic (Illustrative)
1480,Global Traders Pvt. Ltd. v. Bank of Baroda (3),SYN/FAM/2016/2843,2016,Rajasthan High Court,Family,Hindu Marriage Act,The court balanced the competing interests of the parties in a matrimonial/maintenance dispute and issued appropriate directions.,"Synthetic - Illustrative (generated for dataset-scale demonstration, not a real citation)",Synthetic (Illustrative)
1481,Manoj Tiwari v. State Pollution Control Board (2),SYN/LAB/2013/2844,2013,Odisha High Court,Labour,Payment of Gratuity Act,The court clarified the rights and obligations of the employer and workman under the applicable labour statute.,"Synthetic - Illustrative (generated for dataset-scale demonstration, not a real citation)",Synthetic (Illustrative)
1482,Mohan Lal v. Neha Joshi (3),SYN/COM/2009/2845,2009,Sessions Court,Commercial,Arbitration and Conciliation Act,The court interpreted the contractual/arbitration clause and clarified the parties' rights under commercial law.,"Synthetic - Illustrative (generated for dataset-scale demonstration, not a real citation)",Synthetic (Illustrative)
1483,Suresh Patel v. Krishna Textiles (4),SYN/CYB/2023/2846,2023,Telangana High Court,Cyber,"Section 66C, IT Act",The court examined the scope of liability under the IT Act for the alleged online offence/conduct.,"Synthetic - Illustrative (generated for dataset-scale demonstration, not a real citation)",Synthetic (Illustrative)
1484,Harish Chandra v. Vinod Kumar (2),SYN/TAX/2013/2847,2013,Odisha High Court,Taxation,"Section 143(3), Income Tax Act",The court clarified the applicable tax provision and the assessee's liability under the relevant assessment.,"Synthetic - Illustrative (generated for dataset-scale demonstration, not a real citation)",Synthetic (Illustrative)
1485,Vikram Singh v. Krishna Textiles (2),SYN/ADM/2013/2848,2013,Patna High Court,Administrative,Article 311,The court examined the administrative action for compliance with principles of natural justice and statutory procedure.,"Synthetic - Illustrative (generated for dataset-scale demonstration, not a real citation)",Synthetic (Illustrative)
1486,State of Tamil Nadu v. Income Tax Officer (2),SYN/HUM/2010/2849,2010,Sessions Court,Human Rights,Bonded Labour System (Abolition) Act,The court examined the alleged rights violation and issued directions to safeguard the affected party's constitutional protections.,"Synthetic - Illustrative (generated for dataset-scale demonstration, not a real citation)",Synthetic (Illustrative)
1487,Sneha Pillai v. Central Bureau of Investigation (2),SYN/CON/2022/2850,2022,Odisha High Court,Constitutional,Article 226,The court examined the constitutional validity of the impugned provision and clarified its scope in relation to fundamental rights.,"Synthetic - Illustrative (generated for dataset-scale demonstration, not a real citation)",Synthetic (Illustrative)
1488,Ashok Kumar v. PQR Industries Ltd.,SYN/CRI/2019/2851,2019,Madhya Pradesh High Court,Criminal,Section 498A IPC,The court examined the evidence on record and clarified the applicable standard of proof for the charged offence.,"Synthetic - Illustrative (generated for dataset-scale demonstration, not a real citation)",Synthetic (Illustrative)
1489,Gopal Das v. Delhi Development Authority (3),SYN/CIV/2009/2852,2009,Rajasthan High Court,Civil,Article 21,The court clarified the applicable civil procedure and remedy available to the aggrieved party.,"Synthetic - Illustrative (generated for dataset-scale demonstration, not a real citation)",Synthetic (Illustrative)
1490,Radha Krishnan v. State Bank of India (2),SYN/FAM/2020/2853,2020,Odisha High Court,Family,Hindu Succession Act,The court balanced the competing interests of the parties in a matrimonial/maintenance dispute and issued appropriate directions.,"Synthetic - Illustrative (generated for dataset-scale demonstration, not a real citation)",Synthetic (Illustrative)
1491,"Arjun Reddy v. Chief Engineer, PWD",SYN/LAB/2007/2854,2007,Punjab and Haryana High Court,Labour,Employees' Compensation Act,The court clarified the rights and obligations of the employer and workman under the applicable labour statute.,"Synthetic - Illustrative (generated for dataset-scale demonstration, not a real citation)",Synthetic (Illustrative)
1492,Global Traders Pvt. Ltd. v. Vinod Kumar (3),SYN/COM/2004/2855,2004,Patna High Court,Commercial,Partnership Act,The court interpreted the contractual/arbitration clause and clarified the parties' rights under commercial law.,"Synthetic - Illustrative (generated for dataset-scale demonstration, not a real citation)",Synthetic (Illustrative)
1493,XYZ Industries Ltd. v. Divisional Commissioner (2),SYN/CYB/2016/2856,2016,Punjab and Haryana High Court,Cyber,"Section 66E, IT Act",The court examined the scope of liability under the IT Act for the alleged online offence/conduct.,"Synthetic - Illustrative (generated for dataset-scale demonstration, not a real citation)",Synthetic (Illustrative)
1494,Priya Nair v. PQR Industries Ltd.,SYN/TAX/2018/2857,2018,Bombay High Court,Taxation,"Section 40A, Income Tax Act",The court clarified the applicable tax provision and the assessee's liability under the relevant assessment.,"Synthetic - Illustrative (generated for dataset-scale demonstration, not a real citation)",Synthetic (Illustrative)
1495,"Lakshmi Narayanan v. Chief Engineer, PWD",SYN/ADM/2024/2858,2024,Gauhati High Court,Administrative,Article 311,The court examined the administrative action for compliance with principles of natural justice and statutory procedure.,"Synthetic - Illustrative (generated for dataset-scale demonstration, not a real citation)",Synthetic (Illustrative)
1496,Suresh Patel v. Rekha Singh (2),SYN/HUM/2020/2859,2020,Gujarat High Court,Human Rights,Article 14,The court examined the alleged rights violation and issued directions to safeguard the affected party's constitutional protections.,"Synthetic - Illustrative (generated for dataset-scale demonstration, not a real citation)",Synthetic (Illustrative)
1497,Union of India v. Cantonment Board (2),SYN/CON/2004/2860,2004,Chhattisgarh High Court,Constitutional,Article 19,The court examined the constitutional validity of the impugned provision and clarified its scope in relation to fundamental rights.,"Synthetic - Illustrative (generated for dataset-scale demonstration, not a real citation)",Synthetic (Illustrative)
1498,XYZ Industries Ltd. v. Reserve Bank of India (2),SYN/CRI/2006/2861,2006,Allahabad High Court,Criminal,Section 41A CrPC,The court examined the evidence on record and clarified the applicable standard of proof for the charged offence.,"Synthetic - Illustrative (generated for dataset-scale demonstration, not a real citation)",Synthetic (Illustrative)
1499,Meena Kumari v. Rekha Singh (2),SYN/CIV/2019/2862,2019,Jharkhand High Court,Civil,Transfer of Property Act,The court clarified the applicable civil procedure and remedy available to the aggrieved party.,"Synthetic - Illustrative (generated for dataset-scale demonstration, not a real citation)",Synthetic (Illustrative)
1500,Priya Nair v. Central Excise Department (2),SYN/FAM/2026/2863,2026,Patna High Court,Family,Hindu Succession Act,The court balanced the competing interests of the parties in a matrimonial/maintenance dispute and issued appropriate directions.,"Synthetic - Illustrative (generated for dataset-scale demonstration, not a real citation)",Synthetic (Illustrative)
1501,Radha Krishnan v. State Bank of India (3),SYN/LAB/2009/2864,2009,Calcutta High Court,Labour,Factories Act,The court clarified the rights and obligations of the employer and workman under the applicable labour statute.,"Synthetic - Illustrative (generated for dataset-scale demonstration, not a real citation)",Synthetic (Illustrative)
1502,Vishal Oberoi v. National Highway Authority,SYN/COM/2022/2865,2022,Patna High Court,Commercial,"Companies Act, 2013",The court interpreted the contractual/arbitration clause and clarified the parties' rights under commercial law.,"Synthetic - Illustrative (generated for dataset-scale demonstration, not a real citation)",Synthetic (Illustrative)
1503,Mohan Lal v. Cantonment Board,SYN/CYB/2015/2866,2015,Allahabad High Court,Cyber,"IT Rules, 2021",The court examined the scope of liability under the IT Act for the alleged online offence/conduct.,"Synthetic - Illustrative (generated for dataset-scale demonstration, not a real citation)",Synthetic (Illustrative)
1504,Suresh Patel v. Union of India (2),SYN/TAX/2022/2867,2022,Punjab and Haryana High Court,Taxation,"GST Act, Section 74",The court clarified the applicable tax provision and the assessee's liability under the relevant assessment.,"Synthetic - Illustrative (generated for dataset-scale demonstration, not a real citation)",Synthetic (Illustrative)
1505,Union of India v. Employees State Insurance Corp.,SYN/ADM/2021/2868,2021,Madras High Court,Administrative,Article 311,The court examined the administrative action for compliance with principles of natural justice and statutory procedure.,"Synthetic - Illustrative (generated for dataset-scale demonstration, not a real citation)",Synthetic (Illustrative)
1506,Harish Chandra v. Rekha Singh,SYN/HUM/2014/2869,2014,Calcutta High Court,Human Rights,Protection of Human Rights Act,The court examined the alleged rights violation and issued directions to safeguard the affected party's constitutional protections.,"Synthetic - Illustrative (generated for dataset-scale demonstration, not a real citation)",Synthetic (Illustrative)
1507,Nisha Kapoor v. Municipal Corporation,SYN/CON/2005/2870,2005,Karnataka High Court,Constitutional,Article 19,The court examined the constitutional validity of the impugned provision and clarified its scope in relation to fundamental rights.,"Synthetic - Illustrative (generated for dataset-scale demonstration, not a real citation)",Synthetic (Illustrative)
1508,Nisha Kapoor v. Neha Joshi,SYN/CRI/2010/2871,2010,Kerala High Court,Criminal,Section 420 IPC,The court examined the evidence on record and clarified the applicable standard of proof for the charged offence.,"Synthetic - Illustrative (generated for dataset-scale demonstration, not a real citation)",Synthetic (Illustrative)
1509,Anil Kapoor Traders v. Housing Development Board,SYN/CIV/2021/2872,2021,Punjab and Haryana High Court,Civil,Limitation Act,The court clarified the applicable civil procedure and remedy available to the aggrieved party.,"Synthetic - Illustrative (generated for dataset-scale demonstration, not a real citation)",Synthetic (Illustrative)
1510,Sanjay Mehta v. State Electricity Board (2),SYN/FAM/2021/2873,2021,Gauhati High Court,Family,"Section 13B, HMA",The court balanced the competing interests of the parties in a matrimonial/maintenance dispute and issued appropriate directions.,"Synthetic - Illustrative (generated for dataset-scale demonstration, not a real citation)",Synthetic (Illustrative)
1511,XYZ Industries Ltd. v. Regional Transport Authority (2),SYN/LAB/2023/2874,2023,Patna High Court,Labour,Employees' Compensation Act,The court clarified the rights and obligations of the employer and workman under the applicable labour statute.,"Synthetic - Illustrative (generated for dataset-scale demonstration, not a real citation)",Synthetic (Illustrative)
1512,State of Karnataka v. Sudha Rani (3),SYN/COM/2013/2875,2013,Calcutta High Court,Commercial,Insolvency and Bankruptcy Code,The court interpreted the contractual/arbitration clause and clarified the parties' rights under commercial law.,"Synthetic - Illustrative (generated for dataset-scale demonstration, not a real citation)",Synthetic (Illustrative)
1513,Vishal Oberoi v. State Bank of India (2),SYN/CYB/2019/2876,2019,Himachal Pradesh High Court,Cyber,"Section 79, IT Act",The court examined the scope of liability under the IT Act for the alleged online offence/conduct.,"Synthetic - Illustrative (generated for dataset-scale demonstration, not a real citation)",Synthetic (Illustrative)
1514,Shweta Iyengar v. Delhi Development Authority,SYN/TAX/2007/2877,2007,Kerala High Court,Taxation,"Section 40A, Income Tax Act",The court clarified the applicable tax provision and the assessee's liability under the relevant assessment.,"Synthetic - Illustrative (generated for dataset-scale demonstration, not a real citation)",Synthetic (Illustrative)
1515,Lakshmi Narayanan v. Neha Joshi (2),SYN/ADM/2016/2878,2016,Himachal Pradesh High Court,Administrative,Article 14,The court examined the administrative action for compliance with principles of natural justice and statutory procedure.,"Synthetic - Illustrative (generated for dataset-scale demonstration, not a real citation)",Synthetic (Illustrative)
1516,Pooja Iyer v. National Highway Authority,SYN/HUM/2021/2879,2021,Allahabad High Court,Human Rights,Juvenile Justice Act,The court examined the alleged rights violation and issued directions to safeguard the affected party's constitutional protections.,"Synthetic - Illustrative (generated for dataset-scale demonstration, not a real citation)",Synthetic (Illustrative)
1517,National Insurance Co. Ltd. v. Housing Development Board (2),SYN/CON/2021/2880,2021,Madhya Pradesh High Court,Constitutional,Article 226,The court examined the constitutional validity of the impugned provision and clarified its scope in relation to fundamental rights.,"Synthetic - Illustrative (generated for dataset-scale demonstration, not a real citation)",Synthetic (Illustrative)
1518,State of Maharashtra v. Port Trust Authority (3),SYN/CRI/2017/2881,2017,Patna High Court,Criminal,Section 120B IPC,The court examined the evidence on record and clarified the applicable standard of proof for the charged offence.,"Synthetic - Illustrative (generated for dataset-scale demonstration, not a real citation)",Synthetic (Illustrative)
1519,ABC Enterprises Pvt. Ltd. v. Sudha Rani,SYN/CIV/2010/2882,2010,Karnataka High Court,Civil,"Order VII Rule 11, CPC",The court clarified the applicable civil procedure and remedy available to the aggrieved party.,"Synthetic - Illustrative (generated for dataset-scale demonstration, not a real citation)",Synthetic (Illustrative)
1520,Sneha Pillai v. Central Excise Department (3),SYN/FAM/2010/2883,2010,Rajasthan High Court,Family,"Section 13B, HMA",The court balanced the competing interests of the parties in a matrimonial/maintenance dispute and issued appropriate directions.,"Synthetic - Illustrative (generated for dataset-scale demonstration, not a real citation)",Synthetic (Illustrative)
1521,Farhan Ahmed v. Income Tax Officer,SYN/LAB/2015/2884,2015,Himachal Pradesh High Court,Labour,Payment of Gratuity Act,The court clarified the rights and obligations of the employer and workman under the applicable labour statute.,"Synthetic - Illustrative (generated for dataset-scale demonstration, not a real citation)",Synthetic (Illustrative)
1522,"Fatima Sheikh v. Chief Engineer, PWD",SYN/COM/2004/2885,2004,Sessions Court,Commercial,Arbitration and Conciliation Act,The court interpreted the contractual/arbitration clause and clarified the parties' rights under commercial law.,"Synthetic - Illustrative (generated for dataset-scale demonstration, not a real citation)",Synthetic (Illustrative)
1523,National Insurance Co. Ltd. v. Neha Joshi,SYN/CYB/2017/2886,2017,Odisha High Court,Cyber,"Section 66D, IT Act",The court examined the scope of liability under the IT Act for the alleged online offence/conduct.,"Synthetic - Illustrative (generated for dataset-scale demonstration, not a real citation)",Synthetic (Illustrative)
1524,Sneha Pillai v. Krishna Textiles,SYN/TAX/2012/2887,2012,Telangana High Court,Taxation,"Section 271, Income Tax Act",The court clarified the applicable tax provision and the assessee's liability under the relevant assessment.,"Synthetic - Illustrative (generated for dataset-scale demonstration, not a real citation)",Synthetic (Illustrative)
1525,Vikram Singh v. Vinod Kumar (3),SYN/ADM/2025/2888,2025,Telangana High Court,Administrative,Service Rules,The court examined the administrative action for compliance with principles of natural justice and statutory procedure.,"Synthetic - Illustrative (generated for dataset-scale demonstration, not a real citation)",Synthetic (Illustrative)
1526,Manoj Tiwari v. Ganesh Traders,SYN/HUM/2026/2889,2026,Madras High Court,Human Rights,Article 21,The court examined the alleged rights violation and issued directions to safeguard the affected party's constitutional protections.,"Synthetic - Illustrative (generated for dataset-scale demonstration, not a real citation)",Synthetic (Illustrative)
1527,State of U.P. v. Port Trust Authority,SYN/CON/2016/2890,2016,Calcutta High Court,Constitutional,Article 226,The court examined the constitutional validity of the impugned provision and clarified its scope in relation to fundamental rights.,"Synthetic - Illustrative (generated for dataset-scale demonstration, not a real citation)",Synthetic (Illustrative)
1528,Union of India v. Reserve Bank of India (3),SYN/CRI/2018/2891,2018,Kerala High Court,Criminal,Section 302 IPC,The court examined the evidence on record and clarified the applicable standard of proof for the charged offence.,"Synthetic - Illustrative (generated for dataset-scale demonstration, not a real citation)",Synthetic (Illustrative)
1529,State of U.P. v. State of Rajasthan (3),SYN/CIV/2013/2892,2013,Madras High Court,Civil,"Order VII Rule 11, CPC",The court clarified the applicable civil procedure and remedy available to the aggrieved party.,"Synthetic - Illustrative (generated for dataset-scale demonstration, not a real citation)",Synthetic (Illustrative)
1530,Meena Kumari v. Divisional Commissioner (2),SYN/FAM/2003/2893,2003,Calcutta High Court,Family,Section 125 CrPC,The court balanced the competing interests of the parties in a matrimonial/maintenance dispute and issued appropriate directions.,"Synthetic - Illustrative (generated for dataset-scale demonstration, not a real citation)",Synthetic (Illustrative)
1531,Sanjay Mehta v. Regional Transport Authority (2),SYN/LAB/2006/2894,2006,Sessions Court,Labour,Payment of Wages Act,The court clarified the rights and obligations of the employer and workman under the applicable labour statute.,"Synthetic - Illustrative (generated for dataset-scale demonstration, not a real citation)",Synthetic (Illustrative)
1532,Kiran Bedi Enterprises v. Income Tax Officer,SYN/COM/2003/2895,2003,Calcutta High Court,Commercial,Partnership Act,The court interpreted the contractual/arbitration clause and clarified the parties' rights under commercial law.,"Synthetic - Illustrative (generated for dataset-scale demonstration, not a real citation)",Synthetic (Illustrative)
1533,Rajesh Gupta v. Cantonment Board (3),SYN/CYB/2012/2896,2012,Uttarakhand High Court,Cyber,"Section 66C, IT Act",The court examined the scope of liability under the IT Act for the alleged online offence/conduct.,"Synthetic - Illustrative (generated for dataset-scale demonstration, not a real citation)",Synthetic (Illustrative)
1534,Gopal Das v. State of Rajasthan (2),SYN/TAX/2012/2897,2012,Delhi High Court,Taxation,"Section 143(3), Income Tax Act",The court clarified the applicable tax provision and the assessee's liability under the relevant assessment.,"Synthetic - Illustrative (generated for dataset-scale demonstration, not a real citation)",Synthetic (Illustrative)
1535,Star Textiles Pvt. Ltd. v. Regional Transport Authority (2),SYN/ADM/2012/2898,2012,Patna High Court,Administrative,Administrative Tribunals Act,The court examined the administrative action for compliance with principles of natural justice and statutory procedure.,"Synthetic - Illustrative (generated for dataset-scale demonstration, not a real citation)",Synthetic (Illustrative)
1536,Radha Krishnan v. Vinod Kumar,SYN/HUM/2003/2899,2003,Rajasthan High Court,Human Rights,Juvenile Justice Act,The court examined the alleged rights violation and issued directions to safeguard the affected party's constitutional protections.,"Synthetic - Illustrative (generated for dataset-scale demonstration, not a real citation)",Synthetic (Illustrative)
1537,Vishal Oberoi v. Vinod Kumar (4),SYN/CON/2011/2900,2011,Karnataka High Court,Constitutional,Article 21,The court examined the constitutional validity of the impugned provision and clarified its scope in relation to fundamental rights.,"Synthetic - Illustrative (generated for dataset-scale demonstration, not a real citation)",Synthetic (Illustrative)
1538,Manoj Tiwari v. Regional Transport Authority (2),SYN/CRI/2010/2901,2010,Sessions Court,Criminal,Section 302 IPC,The court examined the evidence on record and clarified the applicable standard of proof for the charged offence.,"Synthetic - Illustrative (generated for dataset-scale demonstration, not a real citation)",Synthetic (Illustrative)
1539,Meena Kumari v. Sudha Rani (4),SYN/CIV/2010/2902,2010,Jharkhand High Court,Civil,"Order VII Rule 11, CPC",The court clarified the applicable civil procedure and remedy available to the aggrieved party.,"Synthetic - Illustrative (generated for dataset-scale demonstration, not a real citation)",Synthetic (Illustrative)
1540,Meena Kumari v. State Bank of India (6),SYN/FAM/2010/2903,2010,Madras High Court,Family,Section 125 CrPC,The court balanced the competing interests of the parties in a matrimonial/maintenance dispute and issued appropriate directions.,"Synthetic - Illustrative (generated for dataset-scale demonstration, not a real citation)",Synthetic (Illustrative)
1541,Pooja Iyer v. Bank of Baroda,SYN/LAB/2012/2904,2012,Calcutta High Court,Labour,Industrial Disputes Act,The court clarified the rights and obligations of the employer and workman under the applicable labour statute.,"Synthetic - Illustrative (generated for dataset-scale demonstration, not a real citation)",Synthetic (Illustrative)
1542,Ramesh Kumar v. Central Excise Department (2),SYN/COM/2006/2905,2006,Allahabad High Court,Commercial,Sale of Goods Act,The court interpreted the contractual/arbitration clause and clarified the parties' rights under commercial law.,"Synthetic - Illustrative (generated for dataset-scale demonstration, not a real citation)",Synthetic (Illustrative)
1543,State of Maharashtra v. Sudha Rani (2),SYN/CYB/2013/2906,2013,Rajasthan High Court,Cyber,"Section 43, IT Act",The court examined the scope of liability under the IT Act for the alleged online offence/conduct.,"Synthetic - Illustrative (generated for dataset-scale demonstration, not a real citation)",Synthetic (Illustrative)
1544,Fatima Sheikh v. Divisional Commissioner,SYN/TAX/2007/2907,2007,Patna High Court,Taxation,"Section 143(3), Income Tax Act",The court clarified the applicable tax provision and the assessee's liability under the relevant assessment.,"Synthetic - Illustrative (generated for dataset-scale demonstration, not a real citation)",Synthetic (Illustrative)
1545,Priya Nair v. Central Bureau of Investigation,SYN/ADM/2004/2908,2004,Rajasthan High Court,Administrative,Administrative Tribunals Act,The court examined the administrative action for compliance with principles of natural justice and statutory procedure.,"Synthetic - Illustrative (generated for dataset-scale demonstration, not a real citation)",Synthetic (Illustrative)
1546,Fatima Sheikh v. Rekha Singh,SYN/HUM/2022/2909,2022,Odisha High Court,Human Rights,Bonded Labour System (Abolition) Act,The court examined the alleged rights violation and issued directions to safeguard the affected party's constitutional protections.,"Synthetic - Illustrative (generated for dataset-scale demonstration, not a real citation)",Synthetic (Illustrative)
1547,Union of India v. Housing Development Board (3),SYN/CON/2006/2910,2006,Delhi High Court,Constitutional,Article 15,The court examined the constitutional validity of the impugned provision and clarified its scope in relation to fundamental rights.,"Synthetic - Illustrative (generated for dataset-scale demonstration, not a real citation)",Synthetic (Illustrative)
1548,Suresh Patel v. Central Bureau of Investigation,SYN/CRI/2013/2911,2013,Patna High Court,Criminal,Section 498A IPC,The court examined the evidence on record and clarified the applicable standard of proof for the charged offence.,"Synthetic - Illustrative (generated for dataset-scale demonstration, not a real citation)",Synthetic (Illustrative)
1549,Anil Kapoor Traders v. Employees State Insurance Corp.,SYN/CIV/2023/2912,2023,Himachal Pradesh High Court,Civil,"Order VII Rule 11, CPC",The court clarified the applicable civil procedure and remedy available to the aggrieved party.,"Synthetic - Illustrative (generated for dataset-scale demonstration, not a real citation)",Synthetic (Illustrative)
1550,XYZ Industries Ltd. v. National Highway Authority,SYN/FAM/2015/2913,2015,Uttarakhand High Court,Family,Guardians and Wards Act,The court balanced the competing interests of the parties in a matrimonial/maintenance dispute and issued appropriate directions.,"Synthetic - Illustrative (generated for dataset-scale demonstration, not a real citation)",Synthetic (Illustrative)
1551,Rajesh Gupta v. Central Excise Department,SYN/LAB/2015/2914,2015,Bombay High Court,Labour,Employees' Compensation Act,The court clarified the rights and obligations of the employer and workman under the applicable labour statute.,"Synthetic - Illustrative (generated for dataset-scale demonstration, not a real citation)",Synthetic (Illustrative)
1552,Gopal Das v. Regional Transport Authority,SYN/COM/2025/2915,2025,Madras High Court,Commercial,Sale of Goods Act,The court interpreted the contractual/arbitration clause and clarified the parties' rights under commercial law.,"Synthetic - Illustrative (generated for dataset-scale demonstration, not a real citation)",Synthetic (Illustrative)
1553,XYZ Industries Ltd. v. Ravi Shankar (4),SYN/CYB/2023/2916,2023,Himachal Pradesh High Court,Cyber,"Section 79, IT Act",The court examined the scope of liability under the IT Act for the alleged online offence/conduct.,"Synthetic - Illustrative (generated for dataset-scale demonstration, not a real citation)",Synthetic (Illustrative)
1554,Global Traders Pvt. Ltd. v. Reserve Bank of India,SYN/TAX/2016/2917,2016,Jharkhand High Court,Taxation,"Section 271, Income Tax Act",The court clarified the applicable tax provision and the assessee's liability under the relevant assessment.,"Synthetic - Illustrative (generated for dataset-scale demonstration, not a real citation)",Synthetic (Illustrative)
1555,Kavita Rao v. Union of India (3),SYN/ADM/2017/2918,2017,Delhi High Court,Administrative,Administrative Tribunals Act,The court examined the administrative action for compliance with principles of natural justice and statutory procedure.,"Synthetic - Illustrative (generated for dataset-scale demonstration, not a real citation)",Synthetic (Illustrative)
1556,Anil Kapoor Traders v. Reserve Bank of India,SYN/HUM/2005/2919,2005,Jharkhand High Court,Human Rights,SC/ST (Prevention of Atrocities) Act,The court examined the alleged rights violation and issued directions to safeguard the affected party's constitutional protections.,"Synthetic - Illustrative (generated for dataset-scale demonstration, not a real citation)",Synthetic (Illustrative)
1557,Vishal Oberoi v. State Bank of India (3),SYN/CON/2005/2920,2005,Chhattisgarh High Court,Constitutional,Article 14,The court examined the constitutional validity of the impugned provision and clarified its scope in relation to fundamental rights.,"Synthetic - Illustrative (generated for dataset-scale demonstration, not a real citation)",Synthetic (Illustrative)
1558,Ashok Kumar v. Registrar of Companies,SYN/CRI/2016/2921,2016,Delhi High Court,Criminal,Section 420 IPC,The court examined the evidence on record and clarified the applicable standard of proof for the charged offence.,"Synthetic - Illustrative (generated for dataset-scale demonstration, not a real citation)",Synthetic (Illustrative)
1559,Gopal Das v. Central Excise Department,SYN/CIV/2015/2922,2015,Gauhati High Court,Civil,Transfer of Property Act,The court clarified the applicable civil procedure and remedy available to the aggrieved party.,"Synthetic - Illustrative (generated for dataset-scale demonstration, not a real citation)",Synthetic (Illustrative)
1560,National Insurance Co. Ltd. v. Port Trust Authority,SYN/FAM/2024/2923,2024,Himachal Pradesh High Court,Family,Hindu Succession Act,The court balanced the competing interests of the parties in a matrimonial/maintenance dispute and issued appropriate directions.,"Synthetic - Illustrative (generated for dataset-scale demonstration, not a real citation)",Synthetic (Illustrative)
1561,Ramesh Kumar v. Divisional Commissioner,SYN/LAB/2014/2924,2014,Madhya Pradesh High Court,Labour,Employees' Compensation Act,The court clarified the rights and obligations of the employer and workman under the applicable labour statute.,"Synthetic - Illustrative (generated for dataset-scale demonstration, not a real citation)",Synthetic (Illustrative)
1562,XYZ Industries Ltd. v. National Highway Authority (2),SYN/COM/2006/2925,2006,Punjab and Haryana High Court,Commercial,"Companies Act, 2013",The court interpreted the contractual/arbitration clause and clarified the parties' rights under commercial law.,"Synthetic - Illustrative (generated for dataset-scale demonstration, not a real citation)",Synthetic (Illustrative)
1563,Harish Chandra v. National Highway Authority (2),SYN/CYB/2013/2926,2013,Calcutta High Court,Cyber,"Section 66D, IT Act",The court examined the scope of liability under the IT Act for the alleged online offence/conduct.,"Synthetic - Illustrative (generated for dataset-scale demonstration, not a real citation)",Synthetic (Illustrative)
1564,Anita Sharma v. Land Acquisition Officer (2),SYN/TAX/2008/2927,2008,Himachal Pradesh High Court,Taxation,"Section 271, Income Tax Act",The court clarified the applicable tax provision and the assessee's liability under the relevant assessment.,"Synthetic - Illustrative (generated for dataset-scale demonstration, not a real citation)",Synthetic (Illustrative)
1565,Deepak Verma v. Registrar of Companies (2),SYN/ADM/2017/2928,2017,Madhya Pradesh High Court,Administrative,Article 226,The court examined the administrative action for compliance with principles of natural justice and statutory procedure.,"Synthetic - Illustrative (generated for dataset-scale demonstration, not a real citation)",Synthetic (Illustrative)
1566,Fatima Sheikh v. Vinod Kumar,SYN/HUM/2003/2929,2003,Gauhati High Court,Human Rights,Article 14,The court examined the alleged rights violation and issued directions to safeguard the affected party's constitutional protections.,"Synthetic - Illustrative (generated for dataset-scale demonstration, not a real citation)",Synthetic (Illustrative)
1567,Anita Sharma v. Land Acquisition Officer (3),SYN/CON/2011/2930,2011,Bombay High Court,Constitutional,Article 32,The court examined the constitutional validity of the impugned provision and clarified its scope in relation to fundamental rights.,"Synthetic - Illustrative (generated for dataset-scale demonstration, not a real citation)",Synthetic (Illustrative)
1568,Ramesh Kumar v. Central Bureau of Investigation,SYN/CRI/2008/2931,2008,Odisha High Court,Criminal,Section 420 IPC,The court examined the evidence on record and clarified the applicable standard of proof for the charged offence.,"Synthetic - Illustrative (generated for dataset-scale demonstration, not a real citation)",Synthetic (Illustrative)
1569,Global Traders Pvt. Ltd. v. Regional Transport Authority,SYN/CIV/2017/2932,2017,Karnataka High Court,Civil,Transfer of Property Act,The court clarified the applicable civil procedure and remedy available to the aggrieved party.,"Synthetic - Illustrative (generated for dataset-scale demonstration, not a real citation)",Synthetic (Illustrative)
1570,Radha Krishnan v. State Pollution Control Board (2),SYN/FAM/2025/2933,2025,Gujarat High Court,Family,Hindu Succession Act,The court balanced the competing interests of the parties in a matrimonial/maintenance dispute and issued appropriate directions.,"Synthetic - Illustrative (generated for dataset-scale demonstration, not a real citation)",Synthetic (Illustrative)
1571,State of Karnataka v. PQR Industries Ltd. (3),SYN/LAB/2008/2934,2008,Uttarakhand High Court,Labour,Employees' Compensation Act,The court clarified the rights and obligations of the employer and workman under the applicable labour statute.,"Synthetic - Illustrative (generated for dataset-scale demonstration, not a real citation)",Synthetic (Illustrative)
1572,Nisha Kapoor v. Reserve Bank of India,SYN/COM/2019/2935,2019,Bombay High Court,Commercial,"Companies Act, 2013",The court interpreted the contractual/arbitration clause and clarified the parties' rights under commercial law.,"Synthetic - Illustrative (generated for dataset-scale demonstration, not a real citation)",Synthetic (Illustrative)
1573,Anita Sharma v. Reserve Bank of India (2),SYN/CYB/2004/2936,2004,Kerala High Court,Cyber,"Section 66D, IT Act",The court examined the scope of liability under the IT Act for the alleged online offence/conduct.,"Synthetic - Illustrative (generated for dataset-scale demonstration, not a real citation)",Synthetic (Illustrative)
1574,Star Textiles Pvt. Ltd. v. Port Trust Authority,SYN/TAX/2005/2937,2005,Allahabad High Court,Taxation,"Section 271, Income Tax Act",The court clarified the applicable tax provision and the assessee's liability under the relevant assessment.,"Synthetic - Illustrative (generated for dataset-scale demonstration, not a real citation)",Synthetic (Illustrative)
1575,Om Prakash v. Municipal Corporation,SYN/ADM/2011/2938,2011,Calcutta High Court,Administrative,Right to Information Act,The court examined the administrative action for compliance with principles of natural justice and statutory procedure.,"Synthetic - Illustrative (generated for dataset-scale demonstration, not a real citation)",Synthetic (Illustrative)
1576,Anil Kapoor Traders v. Land Acquisition Officer,SYN/HUM/2019/2939,2019,Allahabad High Court,Human Rights,Bonded Labour System (Abolition) Act,The court examined the alleged rights violation and issued directions to safeguard the affected party's constitutional protections.,"Synthetic - Illustrative (generated for dataset-scale demonstration, not a real citation)",Synthetic (Illustrative)
1577,Farhan Ahmed v. Land Acquisition Officer,SYN/CON/2023/2940,2023,Gauhati High Court,Constitutional,Article 226,The court examined the constitutional validity of the impugned provision and clarified its scope in relation to fundamental rights.,"Synthetic - Illustrative (generated for dataset-scale demonstration, not a real citation)",Synthetic (Illustrative)
1578,Nisha Kapoor v. Rekha Singh,SYN/CRI/2004/2941,2004,Jharkhand High Court,Criminal,Section 376 IPC,The court examined the evidence on record and clarified the applicable standard of proof for the charged offence.,"Synthetic - Illustrative (generated for dataset-scale demonstration, not a real citation)",Synthetic (Illustrative)
1579,XYZ Industries Ltd. v. Delhi Development Authority (3),SYN/CIV/2026/2942,2026,Madhya Pradesh High Court,Civil,Article 21,The court clarified the applicable civil procedure and remedy available to the aggrieved party.,"Synthetic - Illustrative (generated for dataset-scale demonstration, not a real citation)",Synthetic (Illustrative)
1580,Global Traders Pvt. Ltd. v. Rekha Singh (2),SYN/FAM/2013/2943,2013,Bombay High Court,Family,Guardians and Wards Act,The court balanced the competing interests of the parties in a matrimonial/maintenance dispute and issued appropriate directions.,"Synthetic - Illustrative (generated for dataset-scale demonstration, not a real citation)",Synthetic (Illustrative)
1581,State of U.P. v. Ganesh Traders (3),SYN/LAB/2005/2944,2005,Kerala High Court,Labour,Factories Act,The court clarified the rights and obligations of the employer and workman under the applicable labour statute.,"Synthetic - Illustrative (generated for dataset-scale demonstration, not a real citation)",Synthetic (Illustrative)
1582,State of Maharashtra v. Rekha Singh (3),SYN/COM/2010/2945,2010,Patna High Court,Commercial,"Section 138, NI Act",The court interpreted the contractual/arbitration clause and clarified the parties' rights under commercial law.,"Synthetic - Illustrative (generated for dataset-scale demonstration, not a real citation)",Synthetic (Illustrative)
1583,Sneha Pillai v. Land Acquisition Officer,SYN/CYB/2007/2946,2007,Allahabad High Court,Cyber,"Section 66D, IT Act",The court examined the scope of liability under the IT Act for the alleged online offence/conduct.,"Synthetic - Illustrative (generated for dataset-scale demonstration, not a real citation)",Synthetic (Illustrative)
1584,Anita Sharma v. Neha Joshi (3),SYN/TAX/2009/2947,2009,Uttarakhand High Court,Taxation,"Section 143(3), Income Tax Act",The court clarified the applicable tax provision and the assessee's liability under the relevant assessment.,"Synthetic - Illustrative (generated for dataset-scale demonstration, not a real citation)",Synthetic (Illustrative)
1585,State of Karnataka v. Regional Transport Authority (2),SYN/ADM/2022/2948,2022,Chhattisgarh High Court,Administrative,Article 311,The court examined the administrative action for compliance with principles of natural justice and statutory procedure.,"Synthetic - Illustrative (generated for dataset-scale demonstration, not a real citation)",Synthetic (Illustrative)
1586,"Star Textiles Pvt. Ltd. v. Chief Engineer, PWD",SYN/HUM/2011/2949,2011,Telangana High Court,Human Rights,Bonded Labour System (Abolition) Act,The court examined the alleged rights violation and issued directions to safeguard the affected party's constitutional protections.,"Synthetic - Illustrative (generated for dataset-scale demonstration, not a real citation)",Synthetic (Illustrative)
1587,Suresh Patel v. Divisional Commissioner (2),SYN/CON/2016/2950,2016,Chhattisgarh High Court,Constitutional,Article 226,The court examined the constitutional validity of the impugned provision and clarified its scope in relation to fundamental rights.,"Synthetic - Illustrative (generated for dataset-scale demonstration, not a real citation)",Synthetic (Illustrative)
1588,Gopal Das v. PQR Industries Ltd. (2),SYN/CRI/2006/2951,2006,Odisha High Court,Criminal,Section 420 IPC,The court examined the evidence on record and clarified the applicable standard of proof for the charged offence.,"Synthetic - Illustrative (generated for dataset-scale demonstration, not a real citation)",Synthetic (Illustrative)
1589,Shweta Iyengar v. State Electricity Board,SYN/CIV/2020/2952,2020,Uttarakhand High Court,Civil,Transfer of Property Act,The court clarified the applicable civil procedure and remedy available to the aggrieved party.,"Synthetic - Illustrative (generated for dataset-scale demonstration, not a real citation)",Synthetic (Illustrative)
1590,Anil Kapoor Traders v. Port Trust Authority,SYN/FAM/2009/2953,2009,Delhi High Court,Family,Guardians and Wards Act,The court balanced the competing interests of the parties in a matrimonial/maintenance dispute and issued appropriate directions.,"Synthetic - Illustrative (generated for dataset-scale demonstration, not a real citation)",Synthetic (Illustrative)
1591,ABC Enterprises Pvt. Ltd. v. State of Rajasthan,SYN/LAB/2012/2954,2012,Allahabad High Court,Labour,Industrial Disputes Act,The court clarified the rights and obligations of the employer and workman under the applicable labour statute.,"Synthetic - Illustrative (generated for dataset-scale demonstration, not a real citation)",Synthetic (Illustrative)
1592,National Insurance Co. Ltd. v. Ravi Shankar (3),SYN/COM/2019/2955,2019,Patna High Court,Commercial,Sale of Goods Act,The court interpreted the contractual/arbitration clause and clarified the parties' rights under commercial law.,"Synthetic - Illustrative (generated for dataset-scale demonstration, not a real citation)",Synthetic (Illustrative)
1593,Ashok Kumar v. Reserve Bank of India (2),SYN/CYB/2008/2956,2008,Gujarat High Court,Cyber,"IT Rules, 2021",The court examined the scope of liability under the IT Act for the alleged online offence/conduct.,"Synthetic - Illustrative (generated for dataset-scale demonstration, not a real citation)",Synthetic (Illustrative)
1594,Nisha Kapoor v. PQR Industries Ltd.,SYN/TAX/2005/2957,2005,Rajasthan High Court,Taxation,"Section 40A, Income Tax Act",The court clarified the applicable tax provision and the assessee's liability under the relevant assessment.,"Synthetic - Illustrative (generated for dataset-scale demonstration, not a real citation)",Synthetic (Illustrative)
1595,Vikram Singh v. Employees State Insurance Corp. (4),SYN/ADM/2024/2958,2024,Karnataka High Court,Administrative,Article 226,The court examined the administrative action for compliance with principles of natural justice and statutory procedure.,"Synthetic - Illustrative (generated for dataset-scale demonstration, not a real citation)",Synthetic (Illustrative)
1596,Rajesh Gupta v. Krishna Textiles (2),SYN/HUM/2008/2959,2008,Uttarakhand High Court,Human Rights,Juvenile Justice Act,The court examined the alleged rights violation and issued directions to safeguard the affected party's constitutional protections.,"Synthetic - Illustrative (generated for dataset-scale demonstration, not a real citation)",Synthetic (Illustrative)
1597,Ramesh Kumar v. Ravi Shankar,SYN/CON/2018/2960,2018,Bombay High Court,Constitutional,Article 21,The court examined the constitutional validity of the impugned provision and clarified its scope in relation to fundamental rights.,"Synthetic - Illustrative (generated for dataset-scale demonstration, not a real citation)",Synthetic (Illustrative)
1598,XYZ Industries Ltd. v. Krishna Textiles (2),SYN/CRI/2014/2961,2014,Kerala High Court,Criminal,Section 302 IPC,The court examined the evidence on record and clarified the applicable standard of proof for the charged offence.,"Synthetic - Illustrative (generated for dataset-scale demonstration, not a real citation)",Synthetic (Illustrative)
1599,Rajesh Gupta v. Reserve Bank of India,SYN/CIV/2008/2962,2008,Allahabad High Court,Civil,Transfer of Property Act,The court clarified the applicable civil procedure and remedy available to the aggrieved party.,"Synthetic - Illustrative (generated for dataset-scale demonstration, not a real citation)",Synthetic (Illustrative)
1600,Anil Kapoor Traders v. Union of India,SYN/FAM/2019/2963,2019,Chhattisgarh High Court,Family,Section 125 CrPC,The court balanced the competing interests of the parties in a matrimonial/maintenance dispute and issued appropriate directions.,"Synthetic - Illustrative (generated for dataset-scale demonstration, not a real citation)",Synthetic (Illustrative)
1601,Kavita Rao v. Land Acquisition Officer (2),SYN/LAB/2015/2964,2015,Sessions Court,Labour,"Section 25F, ID Act",The court clarified the rights and obligations of the employer and workman under the applicable labour statute.,"Synthetic - Illustrative (generated for dataset-scale demonstration, not a real citation)",Synthetic (Illustrative)
1602,Manoj Tiwari v. Registrar of Companies (2),SYN/COM/2006/2965,2006,Karnataka High Court,Commercial,Insolvency and Bankruptcy Code,The court interpreted the contractual/arbitration clause and clarified the parties' rights under commercial law.,"Synthetic - Illustrative (generated for dataset-scale demonstration, not a real citation)",Synthetic (Illustrative)
1603,XYZ Industries Ltd. v. National Highway Authority (3),SYN/CYB/2025/2966,2025,Patna High Court,Cyber,"Section 66E, IT Act",The court examined the scope of liability under the IT Act for the alleged online offence/conduct.,"Synthetic - Illustrative (generated for dataset-scale demonstration, not a real citation)",Synthetic (Illustrative)
1604,State of U.P. v. Housing Development Board,SYN/TAX/2020/2967,2020,Odisha High Court,Taxation,"Section 143(3), Income Tax Act",The court clarified the applicable tax provision and the assessee's liability under the relevant assessment.,"Synthetic - Illustrative (generated for dataset-scale demonstration, not a real citation)",Synthetic (Illustrative)
1605,Rajesh Gupta v. Central Excise Department (2),SYN/ADM/2026/2968,2026,Calcutta High Court,Administrative,Article 14,The court examined the administrative action for compliance with principles of natural justice and statutory procedure.,"Synthetic - Illustrative (generated for dataset-scale demonstration, not a real citation)",Synthetic (Illustrative)
1606,Sunita Devi v. Municipal Corporation,SYN/HUM/2025/2969,2025,Allahabad High Court,Human Rights,Article 14,The court examined the alleged rights violation and issued directions to safeguard the affected party's constitutional protections.,"Synthetic - Illustrative (generated for dataset-scale demonstration, not a real citation)",Synthetic (Illustrative)
1607,Nisha Kapoor v. State Bank of India,SYN/CON/2003/2970,2003,Patna High Court,Constitutional,Article 19,The court examined the constitutional validity of the impugned provision and clarified its scope in relation to fundamental rights.,"Synthetic - Illustrative (generated for dataset-scale demonstration, not a real citation)",Synthetic (Illustrative)
1608,Kavita Rao v. Housing Development Board (2),SYN/CRI/2011/2971,2011,Kerala High Court,Criminal,Section 420 IPC,The court examined the evidence on record and clarified the applicable standard of proof for the charged offence.,"Synthetic - Illustrative (generated for dataset-scale demonstration, not a real citation)",Synthetic (Illustrative)
1609,Sanjay Mehta v. Income Tax Officer,SYN/CIV/2006/2972,2006,Calcutta High Court,Civil,Specific Relief Act,The court clarified the applicable civil procedure and remedy available to the aggrieved party.,"Synthetic - Illustrative (generated for dataset-scale demonstration, not a real citation)",Synthetic (Illustrative)
1610,Anita Sharma v. State Electricity Board (3),SYN/FAM/2012/2973,2012,Delhi High Court,Family,Hindu Succession Act,The court balanced the competing interests of the parties in a matrimonial/maintenance dispute and issued appropriate directions.,"Synthetic - Illustrative (generated for dataset-scale demonstration, not a real citation)",Synthetic (Illustrative)
1611,Vikram Singh v. Divisional Commissioner,SYN/LAB/2011/2974,2011,Madras High Court,Labour,"Section 25F, ID Act",The court clarified the rights and obligations of the employer and workman under the applicable labour statute.,"Synthetic - Illustrative (generated for dataset-scale demonstration, not a real citation)",Synthetic (Illustrative)
1612,Ramesh Kumar v. Regional Transport Authority,SYN/COM/2012/2975,2012,Allahabad High Court,Commercial,Insolvency and Bankruptcy Code,The court interpreted the contractual/arbitration clause and clarified the parties' rights under commercial law.,"Synthetic - Illustrative (generated for dataset-scale demonstration, not a real citation)",Synthetic (Illustrative)
1613,Farhan Ahmed v. State Bank of India (2),SYN/CYB/2009/2976,2009,Patna High Court,Cyber,"Section 66E, IT Act",The court examined the scope of liability under the IT Act for the alleged online offence/conduct.,"Synthetic - Illustrative (generated for dataset-scale demonstration, not a real citation)",Synthetic (Illustrative)
1614,Radha Krishnan v. Port Trust Authority (3),SYN/TAX/2007/2977,2007,Punjab and Haryana High Court,Taxation,"Section 40A, Income Tax Act",The court clarified the applicable tax provision and the assessee's liability under the relevant assessment.,"Synthetic - Illustrative (generated for dataset-scale demonstration, not a real citation)",Synthetic (Illustrative)
1615,Manoj Tiwari v. State Pollution Control Board (3),SYN/ADM/2010/2978,2010,Allahabad High Court,Administrative,Article 226,The court examined the administrative action for compliance with principles of natural justice and statutory procedure.,"Synthetic - Illustrative (generated for dataset-scale demonstration, not a real citation)",Synthetic (Illustrative)
1616,National Insurance Co. Ltd. v. Central Excise Department,SYN/HUM/2019/2979,2019,Chhattisgarh High Court,Human Rights,Article 14,The court examined the alleged rights violation and issued directions to safeguard the affected party's constitutional protections.,"Synthetic - Illustrative (generated for dataset-scale demonstration, not a real citation)",Synthetic (Illustrative)
1617,Ramesh Kumar v. Municipal Corporation (3),SYN/CON/2008/2980,2008,Bombay High Court,Constitutional,Article 32,The court examined the constitutional validity of the impugned provision and clarified its scope in relation to fundamental rights.,"Synthetic - Illustrative (generated for dataset-scale demonstration, not a real citation)",Synthetic (Illustrative)
1618,Mohan Lal v. Municipal Corporation (2),SYN/CRI/2019/2981,2019,Calcutta High Court,Criminal,Section 420 IPC,The court examined the evidence on record and clarified the applicable standard of proof for the charged offence.,"Synthetic - Illustrative (generated for dataset-scale demonstration, not a real citation)",Synthetic (Illustrative)
1619,Gopal Das v. Union of India,SYN/CIV/2017/2982,2017,Uttarakhand High Court,Civil,"Order VII Rule 11, CPC",The court clarified the applicable civil procedure and remedy available to the aggrieved party.,"Synthetic - Illustrative (generated for dataset-scale demonstration, not a real citation)",Synthetic (Illustrative)
1620,State of U.P. v. Registrar of Companies (2),SYN/FAM/2016/2983,2016,Punjab and Haryana High Court,Family,Hindu Succession Act,The court balanced the competing interests of the parties in a matrimonial/maintenance dispute and issued appropriate directions.,"Synthetic - Illustrative (generated for dataset-scale demonstration, not a real citation)",Synthetic (Illustrative)
1621,Priya Nair v. Income Tax Officer (2),SYN/LAB/2021/2984,2021,Patna High Court,Labour,Industrial Disputes Act,The court clarified the rights and obligations of the employer and workman under the applicable labour statute.,"Synthetic - Illustrative (generated for dataset-scale demonstration, not a real citation)",Synthetic (Illustrative)
1622,Pooja Iyer v. Divisional Commissioner (3),SYN/COM/2003/2985,2003,Punjab and Haryana High Court,Commercial,"Section 138, NI Act",The court interpreted the contractual/arbitration clause and clarified the parties' rights under commercial law.,"Synthetic - Illustrative (generated for dataset-scale demonstration, not a real citation)",Synthetic (Illustrative)
1623,Sanjay Mehta v. Central Bureau of Investigation,SYN/CYB/2011/2986,2011,Patna High Court,Cyber,"Section 79, IT Act",The court examined the scope of liability under the IT Act for the alleged online offence/conduct.,"Synthetic - Illustrative (generated for dataset-scale demonstration, not a real citation)",Synthetic (Illustrative)
1624,State of Karnataka v. Regional Transport Authority (3),SYN/TAX/2020/2987,2020,Uttarakhand High Court,Taxation,"GST Act, Section 74",The court clarified the applicable tax provision and the assessee's liability under the relevant assessment.,"Synthetic - Illustrative (generated for dataset-scale demonstration, not a real citation)",Synthetic (Illustrative)
1625,XYZ Industries Ltd. v. Income Tax Officer,SYN/ADM/2009/2988,2009,Telangana High Court,Administrative,Service Rules,The court examined the administrative action for compliance with principles of natural justice and statutory procedure.,"Synthetic - Illustrative (generated for dataset-scale demonstration, not a real citation)",Synthetic (Illustrative)
1626,Kiran Bedi Enterprises v. Divisional Commissioner,SYN/HUM/2003/2989,2003,Gujarat High Court,Human Rights,SC/ST (Prevention of Atrocities) Act,The court examined the alleged rights violation and issued directions to safeguard the affected party's constitutional protections.,"Synthetic - Illustrative (generated for dataset-scale demonstration, not a real citation)",Synthetic (Illustrative)
1627,Suresh Patel v. State Pollution Control Board,SYN/CON/2016/2990,2016,Rajasthan High Court,Constitutional,Article 19,The court examined the constitutional validity of the impugned provision and clarified its scope in relation to fundamental rights.,"Synthetic - Illustrative (generated for dataset-scale demonstration, not a real citation)",Synthetic (Illustrative)
1628,Union of India v. State Electricity Board,SYN/CRI/2009/2991,2009,Rajasthan High Court,Criminal,Section 376 IPC,The court examined the evidence on record and clarified the applicable standard of proof for the charged offence.,"Synthetic - Illustrative (generated for dataset-scale demonstration, not a real citation)",Synthetic (Illustrative)
1629,Geeta Menon v. Krishna Textiles (2),SYN/CIV/2014/2992,2014,Delhi High Court,Civil,"Order VII Rule 11, CPC",The court clarified the applicable civil procedure and remedy available to the aggrieved party.,"Synthetic - Illustrative (generated for dataset-scale demonstration, not a real citation)",Synthetic (Illustrative)
1630,Lakshmi Narayanan v. Registrar of Companies (5),SYN/FAM/2015/2993,2015,Gujarat High Court,Family,Section 125 CrPC,The court balanced the competing interests of the parties in a matrimonial/maintenance dispute and issued appropriate directions.,"Synthetic - Illustrative (generated for dataset-scale demonstration, not a real citation)",Synthetic (Illustrative)
1631,Radha Krishnan v. National Highway Authority,SYN/LAB/2021/2994,2021,Rajasthan High Court,Labour,Payment of Gratuity Act,The court clarified the rights and obligations of the employer and workman under the applicable labour statute.,"Synthetic - Illustrative (generated for dataset-scale demonstration, not a real citation)",Synthetic (Illustrative)
